{
	"format_version": "1.9.0",
	"credit": "Made with Blockbench",
	"texture_size": [64, 64],
	"textures": {
		"2": "euvia_pattern_a",
		"particle": "euvia_pattern_b"
	},
	"elements": [
		{
			"from": [8, 3.84615, 13.08547],
			"to": [8, 6.35741, 17.69017],
			"rotation": {"angle": 0, "axis": "y", "origin": [7.57265, 3.84615, 15.6923]},
			"faces": {
				"north": {"uv": [0, 0, 0, 0.625], "texture": "#2"},
				"east": {"uv": [5.5, 4.5, 6.625, 5.125], "texture": "#2"},
				"south": {"uv": [0, 0, 0, 0.625], "texture": "#2"},
				"west": {"uv": [5.5, 5.25, 6.625, 5.875], "texture": "#2"},
				"up": {"uv": [0, 1.125, 0, 0], "texture": "#2"},
				"down": {"uv": [0, 0, 0, 1.125], "texture": "#2"}
			}
		},
		{
			"from": [7.46581, 1.30342, 12.97863],
			"to": [7.46581, 3.97436, 17.78631],
			"rotation": {"angle": -22.5, "axis": "z", "origin": [7.03846, 3.11966, 16.71794]},
			"faces": {
				"north": {"uv": [0, 0, 0, 0.6875], "texture": "#2"},
				"east": {"uv": [5.25, 0, 6.4375, 0.6875], "texture": "#2"},
				"south": {"uv": [0, 0, 0, 0.6875], "texture": "#2"},
				"west": {"uv": [5.25, 0.75, 6.4375, 1.4375], "texture": "#2"},
				"up": {"uv": [0, 1.1875, 0, 0], "texture": "#2"},
				"down": {"uv": [0, 0, 0, 1.1875], "texture": "#2"}
			}
		},
		{
			"from": [8.53419, 1.30342, 12.97863],
			"to": [8.53419, 3.97436, 17.78631],
			"rotation": {"angle": 22.5, "axis": "z", "origin": [8.96154, 3.11966, 16.71794]},
			"faces": {
				"north": {"uv": [0, 0, 0, 0.6875], "texture": "#2"},
				"east": {"uv": [5.5, 1.5, 6.6875, 2.1875], "texture": "#2"},
				"south": {"uv": [0, 0, 0, 0.6875], "texture": "#2"},
				"west": {"uv": [5.5, 2.25, 6.6875, 2.9375], "texture": "#2"},
				"up": {"uv": [0, 1.1875, 0, 0], "texture": "#2"},
				"down": {"uv": [0, 0, 0, 1.1875], "texture": "#2"}
			}
		},
		{
			"name": "Основание1",
			"from": [7.03846, 4.22009, 8.83333],
			"to": [8.96154, 6.35684, 10.11538],
			"rotation": {"angle": 22.5, "axis": "x", "origin": [7.57265, 5.50214, 8.83333]},
			"faces": {
				"north": {"uv": [6.5, 6.75, 7, 7.3125], "texture": "#2"},
				"east": {"uv": [7.5, 3.25, 7.8125, 3.8125], "texture": "#2"},
				"south": {"uv": [0, 7, 0.5, 7.5625], "texture": "#2"},
				"west": {"uv": [7.5, 5, 7.8125, 5.5625], "texture": "#2"},
				"up": {"uv": [8.25, 1.8125, 7.75, 1.5], "texture": "#2"},
				"down": {"uv": [8.25, 2, 7.75, 2.3125], "texture": "#2"}
			}
		},
		{
			"name": "ПослеОснов2",
			"from": [7.27351, 3.97436, 9.98718],
			"to": [8.7265, 5.80128, 11.26923],
			"rotation": {"angle": 22.5, "axis": "x", "origin": [7.57265, 4.97863, 9.98718]},
			"faces": {
				"north": {"uv": [7.5, 4, 7.875, 4.4375], "texture": "#2"},
				"east": {"uv": [8.25, 0, 8.5625, 0.4375], "texture": "#2"},
				"south": {"uv": [7.5, 6.25, 7.875, 6.6875], "texture": "#2"},
				"west": {"uv": [8.25, 0.5, 8.5625, 0.9375], "texture": "#2"},
				"up": {"uv": [8.625, 5.8125, 8.25, 5.5], "texture": "#2"},
				"down": {"uv": [6.375, 8.25, 6, 8.5625], "texture": "#2"}
			}
		},
		{
			"name": "ПочтиСеред3",
			"from": [7.4124, 3.82478, 10.82051],
			"to": [8.58761, 5.3312, 12.26282],
			"rotation": {"angle": 22.5, "axis": "x", "origin": [7.57265, 4.70085, 10.98077]},
			"faces": {
				"north": {"uv": [8.25, 6.75, 8.5625, 7.125], "texture": "#2"},
				"east": {"uv": [2.75, 8, 3.125, 8.375], "texture": "#2"},
				"south": {"uv": [8.25, 7.25, 8.5625, 7.625], "texture": "#2"},
				"west": {"uv": [8, 3, 8.375, 3.375], "texture": "#2"},
				"up": {"uv": [8.3125, 8.625, 8, 8.25], "texture": "#2"},
				"down": {"uv": [8.8125, 1, 8.5, 1.375], "texture": "#2"}
			}
		},
		{
			"name": "СЧитайСеред4",
			"from": [7.5406, 3.49358, 12.12393],
			"to": [8.45941, 4.76495, 13.56624],
			"rotation": {"angle": 22.5, "axis": "x", "origin": [7.57265, 4.13462, 12.28419]},
			"faces": {
				"north": {"uv": [2.25, 9.25, 2.5, 9.5625], "texture": "#2"},
				"east": {"uv": [8.5, 1.5, 8.875, 1.8125], "texture": "#2"},
				"south": {"uv": [2.5, 9.25, 2.75, 9.5625], "texture": "#2"},
				"west": {"uv": [8.5, 2, 8.875, 2.3125], "texture": "#2"},
				"up": {"uv": [9, 7.625, 8.75, 7.25], "texture": "#2"},
				"down": {"uv": [9, 7.75, 8.75, 8.125], "texture": "#2"}
			}
		},
		{
			"name": "КонецНачало5",
			"from": [7.61539, 3.07692, 13.21367],
			"to": [8.38462, 4.18803, 14.67735],
			"rotation": {"angle": 0, "axis": "y", "origin": [7.57265, 3.55769, 13.3953]},
			"faces": {
				"north": {"uv": [9.5, 6.75, 9.6875, 7], "texture": "#2"},
				"east": {"uv": [8, 8.75, 8.375, 9], "texture": "#2"},
				"south": {"uv": [7, 9.5, 7.1875, 9.75], "texture": "#2"},
				"west": {"uv": [8.75, 8.25, 9.125, 8.5], "texture": "#2"},
				"up": {"uv": [3.9375, 9.625, 3.75, 9.25], "texture": "#2"},
				"down": {"uv": [9.4375, 3.75, 9.25, 4.125], "texture": "#2"}
			}
		},
		{
			"name": "ПредКонец6",
			"from": [7.67949, 3.17308, 14.68803],
			"to": [8.32051, 4.13462, 16.15171],
			"rotation": {"angle": 0, "axis": "y", "origin": [7.57265, 3.51496, 14.86965]},
			"faces": {
				"north": {"uv": [9.5, 7, 9.6875, 7.25], "texture": "#2"},
				"east": {"uv": [8.75, 8.5, 9.125, 8.75], "texture": "#2"},
				"south": {"uv": [7.25, 9.5, 7.4375, 9.75], "texture": "#2"},
				"west": {"uv": [8.75, 8.75, 9.125, 9], "texture": "#2"},
				"up": {"uv": [4.1875, 9.625, 4, 9.25], "texture": "#2"},
				"down": {"uv": [4.4375, 9.25, 4.25, 9.625], "texture": "#2"}
			}
		},
		{
			"name": "Кончик7",
			"from": [7.7329, 3.4188, 16.14102],
			"to": [8.2671, 4.10256, 17.60469],
			"rotation": {"angle": 0, "axis": "y", "origin": [7.57265, 3.50427, 16.32265]},
			"faces": {
				"north": {"uv": [7.5, 9.75, 7.625, 9.9375], "texture": "#2"},
				"east": {"uv": [9.25, 4.25, 9.625, 4.4375], "texture": "#2"},
				"south": {"uv": [9.75, 7.5, 9.875, 7.6875], "texture": "#2"},
				"west": {"uv": [9.25, 4.5, 9.625, 4.6875], "texture": "#2"},
				"up": {"uv": [9.625, 7.625, 9.5, 7.25], "texture": "#2"},
				"down": {"uv": [8.125, 9.5, 8, 9.875], "texture": "#2"}
			}
		},
		{
			"name": "Таз",
			"from": [6.93163, 4.08119, 6.61111],
			"to": [9.06838, 6.32478, 9.17521],
			"rotation": {"angle": 0, "axis": "y", "origin": [7.57265, 5.89743, 8]},
			"faces": {
				"north": {"uv": [3, 6.75, 3.5625, 7.3125], "texture": "#2"},
				"east": {"uv": [6.5, 0.75, 7.125, 1.3125], "texture": "#2"},
				"south": {"uv": [4.5, 6.75, 5.0625, 7.3125], "texture": "#2"},
				"west": {"uv": [1.5, 6.5, 2.125, 7.0625], "texture": "#2"},
				"up": {"uv": [4.3125, 7.125, 3.75, 6.5], "texture": "#2"},
				"down": {"uv": [7.3125, 1.5, 6.75, 2.125], "texture": "#2"}
			}
		},
		{
			"name": "Среднее",
			"from": [6.82479, 3.83546, 4.7842],
			"to": [9.17521, 6.30341, 6.6218],
			"rotation": {"angle": 0, "axis": "y", "origin": [7.57265, 5.76923, 5.44659]},
			"faces": {
				"north": {"uv": [2.25, 6.75, 2.8125, 7.375], "texture": "#2"},
				"east": {"uv": [7, 3, 7.4375, 3.625], "texture": "#2"},
				"south": {"uv": [6.75, 2.25, 7.3125, 2.875], "texture": "#2"},
				"west": {"uv": [7, 3.75, 7.4375, 4.375], "texture": "#2"},
				"up": {"uv": [7.8125, 0.4375, 7.25, 0], "texture": "#2"},
				"down": {"uv": [7.8125, 0.5, 7.25, 0.9375], "texture": "#2"}
			}
		},
		{
			"name": "ПередГрудь",
			"from": [6.73932, 3.67521, 2.70086],
			"to": [9.26068, 6.28205, 4.81624],
			"rotation": {"angle": 0, "axis": "y", "origin": [7.57265, 5.77991, 3.64103]},
			"faces": {
				"north": {"uv": [6.5, 0, 7.125, 0.625], "texture": "#2"},
				"east": {"uv": [6.75, 4.5, 7.25, 5.125], "texture": "#2"},
				"south": {"uv": [0.75, 6.5, 1.375, 7.125], "texture": "#2"},
				"west": {"uv": [5.25, 6.75, 5.75, 7.375], "texture": "#2"},
				"up": {"uv": [7.375, 5.75, 6.75, 5.25], "texture": "#2"},
				"down": {"uv": [6.375, 6.75, 5.75, 7.25], "texture": "#2"}
			}
		},
		{
			"name": "РогОснованиеЛ",
			"from": [7.46581, 9.43205, 1.16347],
			"to": [7.67949, 10.16923, 1.48399],
			"rotation": {"angle": 22.5, "axis": "x", "origin": [8.10684, 9.17735, 1.58975]},
			"faces": {
				"north": {"uv": [1.25, 10, 1.3125, 10.1875], "texture": "#2"},
				"east": {"uv": [10, 1.25, 10.0625, 1.4375], "texture": "#2"},
				"south": {"uv": [1.5, 10, 1.5625, 10.1875], "texture": "#2"},
				"west": {"uv": [10, 1.5, 10.0625, 1.6875], "texture": "#2"},
				"up": {"uv": [10.8125, 2.0625, 10.75, 2], "texture": "#2"},
				"down": {"uv": [2.3125, 10.75, 2.25, 10.8125], "texture": "#2"}
			}
		},
		{
			"name": "ЛевоВыростБ",
			"from": [7.31624, 9.34829, 1.85685],
			"to": [7.4124, 9.60469, 2.5406],
			"rotation": {"angle": -22.5, "axis": "x", "origin": [8.10684, 9.17735, 1.58975]},
			"faces": {
				"north": {"uv": [10.75, 2.25, 10.8125, 2.3125], "texture": "#2"},
				"east": {"uv": [1.75, 10, 1.9375, 10.0625], "texture": "#2"},
				"south": {"uv": [2.5, 10.75, 2.5625, 10.8125], "texture": "#2"},
				"west": {"uv": [10, 1.75, 10.1875, 1.8125], "texture": "#2"},
				"up": {"uv": [2.0625, 10.1875, 2, 10], "texture": "#2"},
				"down": {"uv": [10.0625, 2, 10, 2.1875], "texture": "#2"}
			}
		},
		{
			"name": "ЛевоВыростМ",
			"from": [7.32693, 9.51923, 2.30557],
			"to": [7.40171, 9.65811, 2.5406],
			"rotation": {"angle": -22.5, "axis": "x", "origin": [8.10684, 9.2735, 1.58975]},
			"faces": {
				"north": {"uv": [10.75, 2.5, 10.8125, 2.5625], "texture": "#2"},
				"east": {"uv": [2.75, 10.75, 2.8125, 10.8125], "texture": "#2"},
				"south": {"uv": [10.75, 2.75, 10.8125, 2.8125], "texture": "#2"},
				"west": {"uv": [3, 10.75, 3.0625, 10.8125], "texture": "#2"},
				"up": {"uv": [10.8125, 3.0625, 10.75, 3], "texture": "#2"},
				"down": {"uv": [3.3125, 10.75, 3.25, 10.8125], "texture": "#2"}
			}
		},
		{
			"name": "Стебель1Лево",
			"from": [7.69658, 9.6572, 1.69573],
			"to": [7.70727, 10.46917, 1.82394],
			"rotation": {"angle": 45, "axis": "x", "origin": [7.74359, 9.75426, 1.71796]},
			"faces": {
				"north": {"uv": [2.25, 10, 2.3125, 10.1875], "texture": "#2"},
				"east": {"uv": [10, 2.25, 10.0625, 2.4375], "texture": "#2"},
				"south": {"uv": [2.5, 10, 2.5625, 10.1875], "texture": "#2"},
				"west": {"uv": [10, 2.5, 10.0625, 2.6875], "texture": "#2"},
				"up": {"uv": [10.8125, 3.3125, 10.75, 3.25], "texture": "#2"},
				"down": {"uv": [3.5625, 10.75, 3.5, 10.8125], "texture": "#2"}
			}
		},
		{
			"name": "Стебель2Лево",
			"from": [7.70086, 10.22344, 2.19787],
			"to": [7.70086, 10.76831, 2.31539],
			"rotation": {"angle": 22.5, "axis": "x", "origin": [7.7329, 10.26709, 2.22009]},
			"faces": {
				"north": {"uv": [0, 0, 0, 0.125], "texture": "#2"},
				"east": {"uv": [10.25, 3.75, 10.3125, 3.875], "texture": "#2"},
				"south": {"uv": [0, 0, 0, 0.125], "texture": "#2"},
				"west": {"uv": [4, 10.25, 4.0625, 10.375], "texture": "#2"},
				"up": {"uv": [0, 0.0625, 0, 0], "texture": "#2"},
				"down": {"uv": [0, 0, 0, 0.0625], "texture": "#2"}
			}
		},
		{
			"name": "ШарикЛево",
			"from": [7.64744, 10.68284, 2.37949],
			"to": [7.76496, 10.81105, 2.5077],
			"rotation": {"angle": 0, "axis": "y", "origin": [7.7329, 10.72649, 2.40171]},
			"faces": {
				"north": {"uv": [10.75, 3.5, 10.8125, 3.5625], "texture": "#2"},
				"east": {"uv": [3.75, 10.75, 3.8125, 10.8125], "texture": "#2"},
				"south": {"uv": [10.75, 3.75, 10.8125, 3.8125], "texture": "#2"},
				"west": {"uv": [4, 10.75, 4.0625, 10.8125], "texture": "#2"},
				"up": {"uv": [10.8125, 4.0625, 10.75, 4], "texture": "#2"},
				"down": {"uv": [4.3125, 10.75, 4.25, 10.8125], "texture": "#2"}
			}
		},
		{
			"name": "РогВерхЛ",
			"from": [7.4765, 9.72831, 2.34806],
			"to": [7.66881, 9.93131, 2.86088],
			"rotation": {"angle": -45, "axis": "x", "origin": [8.10684, 9.17735, 1.58975]},
			"faces": {
				"north": {"uv": [10.75, 4.25, 10.8125, 4.3125], "texture": "#2"},
				"east": {"uv": [10.25, 4, 10.375, 4.0625], "texture": "#2"},
				"south": {"uv": [4.5, 10.75, 4.5625, 10.8125], "texture": "#2"},
				"west": {"uv": [4.25, 10.25, 4.375, 10.3125], "texture": "#2"},
				"up": {"uv": [10.3125, 4.375, 10.25, 4.25], "texture": "#2"},
				"down": {"uv": [4.5625, 10.25, 4.5, 10.375], "texture": "#2"}
			}
		},
		{
			"name": "ШарикПраво",
			"from": [8.23504, 10.68284, 2.37949],
			"to": [8.35256, 10.81105, 2.5077],
			"rotation": {"angle": 0, "axis": "y", "origin": [8.2671, 10.72649, 2.40171]},
			"faces": {
				"north": {"uv": [10.75, 5, 10.8125, 5.0625], "texture": "#2"},
				"east": {"uv": [5.25, 10.75, 5.3125, 10.8125], "texture": "#2"},
				"south": {"uv": [10.75, 5.25, 10.8125, 5.3125], "texture": "#2"},
				"west": {"uv": [5.5, 10.75, 5.5625, 10.8125], "texture": "#2"},
				"up": {"uv": [10.8125, 5.5625, 10.75, 5.5], "texture": "#2"},
				"down": {"uv": [5.8125, 10.75, 5.75, 10.8125], "texture": "#2"}
			}
		},
		{
			"name": "ПравоВыростМ",
			"from": [8.59829, 9.51923, 2.30557],
			"to": [8.67307, 9.65811, 2.5406],
			"rotation": {"angle": -22.5, "axis": "x", "origin": [7.89316, 9.2735, 1.58975]},
			"faces": {
				"north": {"uv": [10.75, 5.75, 10.8125, 5.8125], "texture": "#2"},
				"east": {"uv": [6, 10.75, 6.0625, 10.8125], "texture": "#2"},
				"south": {"uv": [10.75, 6, 10.8125, 6.0625], "texture": "#2"},
				"west": {"uv": [6.25, 10.75, 6.3125, 10.8125], "texture": "#2"},
				"up": {"uv": [10.8125, 6.3125, 10.75, 6.25], "texture": "#2"},
				"down": {"uv": [6.5625, 10.75, 6.5, 10.8125], "texture": "#2"}
			}
		},
		{
			"name": "Стебель1Прав",
			"from": [8.29273, 9.6572, 1.69573],
			"to": [8.30342, 10.46917, 1.82394],
			"rotation": {"angle": 45, "axis": "x", "origin": [8.25641, 9.75426, 1.71796]},
			"faces": {
				"north": {"uv": [3.25, 10, 3.3125, 10.1875], "texture": "#2"},
				"east": {"uv": [10, 3.25, 10.0625, 3.4375], "texture": "#2"},
				"south": {"uv": [3.5, 10, 3.5625, 10.1875], "texture": "#2"},
				"west": {"uv": [10, 3.5, 10.0625, 3.6875], "texture": "#2"},
				"up": {"uv": [10.8125, 6.5625, 10.75, 6.5], "texture": "#2"},
				"down": {"uv": [6.8125, 10.75, 6.75, 10.8125], "texture": "#2"}
			}
		},
		{
			"name": "Стебель2Право",
			"from": [8.29914, 10.22344, 2.19787],
			"to": [8.29914, 10.76831, 2.31539],
			"rotation": {"angle": 22.5, "axis": "x", "origin": [8.2671, 10.26709, 2.22009]},
			"faces": {
				"north": {"uv": [0, 0, 0, 0.125], "texture": "#2"},
				"east": {"uv": [10.25, 5, 10.3125, 5.125], "texture": "#2"},
				"south": {"uv": [0, 0, 0, 0.125], "texture": "#2"},
				"west": {"uv": [5.25, 10.25, 5.3125, 10.375], "texture": "#2"},
				"up": {"uv": [0, 0.0625, 0, 0], "texture": "#2"},
				"down": {"uv": [0, 0, 0, 0.0625], "texture": "#2"}
			}
		},
		{
			"name": "РогОснованиеП",
			"from": [8.32051, 9.43205, 1.16347],
			"to": [8.53419, 10.16923, 1.48399],
			"rotation": {"angle": 22.5, "axis": "x", "origin": [7.89316, 9.17735, 1.58975]},
			"faces": {
				"north": {"uv": [3.75, 10, 3.8125, 10.1875], "texture": "#2"},
				"east": {"uv": [10, 3.75, 10.0625, 3.9375], "texture": "#2"},
				"south": {"uv": [4, 10, 4.0625, 10.1875], "texture": "#2"},
				"west": {"uv": [10, 4, 10.0625, 4.1875], "texture": "#2"},
				"up": {"uv": [10.8125, 6.8125, 10.75, 6.75], "texture": "#2"},
				"down": {"uv": [7.0625, 10.75, 7, 10.8125], "texture": "#2"}
			}
		},
		{
			"name": "ПравоВыростБ",
			"from": [8.5876, 9.34829, 1.85685],
			"to": [8.68376, 9.60469, 2.5406],
			"rotation": {"angle": -22.5, "axis": "x", "origin": [7.89316, 9.17735, 1.58975]},
			"faces": {
				"north": {"uv": [10.75, 7, 10.8125, 7.0625], "texture": "#2"},
				"east": {"uv": [4.25, 10, 4.4375, 10.0625], "texture": "#2"},
				"south": {"uv": [7.25, 10.75, 7.3125, 10.8125], "texture": "#2"},
				"west": {"uv": [10, 4.25, 10.1875, 4.3125], "texture": "#2"},
				"up": {"uv": [4.5625, 10.1875, 4.5, 10], "texture": "#2"},
				"down": {"uv": [10.0625, 4.5, 10, 4.6875], "texture": "#2"}
			}
		},
		{
			"name": "РогВерхП",
			"from": [8.33119, 9.72831, 2.34806],
			"to": [8.5235, 9.93131, 2.86088],
			"rotation": {"angle": -45, "axis": "x", "origin": [7.89316, 9.17735, 1.58975]},
			"faces": {
				"north": {"uv": [10.75, 7.25, 10.8125, 7.3125], "texture": "#2"},
				"east": {"uv": [10.25, 5.25, 10.375, 5.3125], "texture": "#2"},
				"south": {"uv": [7.5, 10.75, 7.5625, 10.8125], "texture": "#2"},
				"west": {"uv": [5.5, 10.25, 5.625, 10.3125], "texture": "#2"},
				"up": {"uv": [10.3125, 5.625, 10.25, 5.5], "texture": "#2"},
				"down": {"uv": [5.8125, 10.25, 5.75, 10.375], "texture": "#2"}
			}
		},
		{
			"name": "Стебель1Верх",
			"from": [8, 7.9695, -1.25444],
			"to": [8, 8.69138, -1.08119],
			"rotation": {"angle": 0, "axis": "y", "origin": [7.4225, 8.09944, -1.8175]},
			"faces": {
				"north": {"uv": [0, 0, 0, 0.1875], "texture": "#2"},
				"east": {"uv": [6.25, 10, 6.3125, 10.1875], "texture": "#2"},
				"south": {"uv": [0, 0, 0, 0.1875], "texture": "#2"},
				"west": {"uv": [10, 6.25, 10.0625, 6.4375], "texture": "#2"},
				"up": {"uv": [0, 0.0625, 0, 0], "texture": "#2"},
				"down": {"uv": [0, 0, 0, 0.0625], "texture": "#2"}
			}
		},
		{
			"name": "Стебель1Низ",
			"from": [8, 6.95529, -1.24233],
			"to": [8, 7.41729, -1.09795],
			"rotation": {"angle": -45, "axis": "x", "origin": [8, 7.30538, -1.18225]},
			"faces": {
				"north": {"uv": [0, 0, 0, 0.125], "texture": "#2"},
				"east": {"uv": [10.25, 7.25, 10.3125, 7.375], "texture": "#2"},
				"south": {"uv": [0, 0, 0, 0.125], "texture": "#2"},
				"west": {"uv": [7.5, 10.25, 7.5625, 10.375], "texture": "#2"},
				"up": {"uv": [0, 0.0625, 0, 0], "texture": "#2"},
				"down": {"uv": [0, 0, 0, 0.0625], "texture": "#2"}
			}
		},
		{
			"name": "Стебель2Низ",
			"from": [8, 7.04191, -0.91026],
			"to": [8, 7.56166, -0.76589],
			"rotation": {"angle": -45, "axis": "x", "origin": [8, 7.44975, -0.85019]},
			"faces": {
				"north": {"uv": [0, 0, 0, 0.125], "texture": "#2"},
				"east": {"uv": [10.25, 7.5, 10.3125, 7.625], "texture": "#2"},
				"south": {"uv": [0, 0, 0, 0.125], "texture": "#2"},
				"west": {"uv": [7.75, 10.25, 7.8125, 10.375], "texture": "#2"},
				"up": {"uv": [0, 0.0625, 0, 0], "texture": "#2"},
				"down": {"uv": [0, 0, 0, 0.0625], "texture": "#2"}
			}
		},
		{
			"name": "Стебель3Низ",
			"from": [8, 7.1141, -0.44826],
			"to": [8, 7.66272, -0.30389],
			"rotation": {"angle": -22.5, "axis": "x", "origin": [8, 7.55081, -0.38819]},
			"faces": {
				"north": {"uv": [0, 0, 0, 0.125], "texture": "#2"},
				"east": {"uv": [10.25, 7.75, 10.3125, 7.875], "texture": "#2"},
				"south": {"uv": [0, 0, 0, 0.125], "texture": "#2"},
				"west": {"uv": [8, 10.25, 8.0625, 10.375], "texture": "#2"},
				"up": {"uv": [0, 0.0625, 0, 0], "texture": "#2"},
				"down": {"uv": [0, 0, 0, 0.0625], "texture": "#2"}
			}
		},
		{
			"name": "Стебель2Верх",
			"from": [8, 8.27269, -0.6625],
			"to": [8, 9.16781, -0.46038],
			"rotation": {"angle": 0, "axis": "y", "origin": [7.4225, 8.40263, -1.19669]},
			"faces": {
				"north": {"uv": [0, 0, 0, 0.25], "texture": "#2"},
				"east": {"uv": [9.75, 9, 9.8125, 9.25], "texture": "#2"},
				"south": {"uv": [0, 0, 0, 0.25], "texture": "#2"},
				"west": {"uv": [9.25, 9.75, 9.3125, 10], "texture": "#2"},
				"up": {"uv": [0, 0.0625, 0, 0], "texture": "#2"},
				"down": {"uv": [0, 0, 0, 0.0625], "texture": "#2"}
			}
		},
		{
			"name": "Стебель3Верх",
			"from": [8, 8.92238, -0.05612],
			"to": [8, 9.702, 0.16044],
			"rotation": {"angle": 0, "axis": "y", "origin": [7.4225, 9.05231, -0.57587]},
			"faces": {
				"north": {"uv": [0, 0, 0, 0.1875], "texture": "#2"},
				"east": {"uv": [6.5, 10, 6.5625, 10.1875], "texture": "#2"},
				"south": {"uv": [0, 0, 0, 0.1875], "texture": "#2"},
				"west": {"uv": [10, 6.5, 10.0625, 6.6875], "texture": "#2"},
				"up": {"uv": [0, 0.0625, 0, 0], "texture": "#2"},
				"down": {"uv": [0, 0, 0, 0.0625], "texture": "#2"}
			}
		},
		{
			"name": "Шарик1Верх",
			"from": [7.90375, 8.41225, -1.0475],
			"to": [8.09625, 8.60475, -0.855],
			"rotation": {"angle": -22.5, "axis": "x", "origin": [7.90375, 8.02725, -1.4325]},
			"faces": {
				"north": {"uv": [10.75, 9, 10.8125, 9.0625], "texture": "#2"},
				"east": {"uv": [9.25, 10.75, 9.3125, 10.8125], "texture": "#2"},
				"south": {"uv": [10.75, 9.25, 10.8125, 9.3125], "texture": "#2"},
				"west": {"uv": [9.5, 10.75, 9.5625, 10.8125], "texture": "#2"},
				"up": {"uv": [10.8125, 9.5625, 10.75, 9.5], "texture": "#2"},
				"down": {"uv": [9.8125, 10.75, 9.75, 10.8125], "texture": "#2"}
			}
		},
		{
			"name": "Шарик1Низ",
			"from": [7.923, 6.87225, -0.83575],
			"to": [8.077, 7.0455, -0.6625],
			"rotation": {"angle": -22.5, "axis": "x", "origin": [7.90375, 6.48725, -1.22075]},
			"faces": {
				"north": {"uv": [10.75, 9.75, 10.8125, 9.8125], "texture": "#2"},
				"east": {"uv": [10, 10.75, 10.0625, 10.8125], "texture": "#2"},
				"south": {"uv": [10.75, 10, 10.8125, 10.0625], "texture": "#2"},
				"west": {"uv": [10.25, 10.75, 10.3125, 10.8125], "texture": "#2"},
				"up": {"uv": [10.8125, 10.3125, 10.75, 10.25], "texture": "#2"},
				"down": {"uv": [10.5625, 10.75, 10.5, 10.8125], "texture": "#2"}
			}
		},
		{
			"name": "Шарик2Низ",
			"from": [7.923, 6.91075, -0.4315],
			"to": [8.077, 7.084, -0.25825],
			"rotation": {"angle": -22.5, "axis": "x", "origin": [7.90375, 6.52575, -0.8165]},
			"faces": {
				"north": {"uv": [10.75, 10.5, 10.8125, 10.5625], "texture": "#2"},
				"east": {"uv": [10.75, 10.75, 10.8125, 10.8125], "texture": "#2"},
				"south": {"uv": [0, 11, 0.0625, 11.0625], "texture": "#2"},
				"west": {"uv": [11, 0, 11.0625, 0.0625], "texture": "#2"},
				"up": {"uv": [0.3125, 11.0625, 0.25, 11], "texture": "#2"},
				"down": {"uv": [11.0625, 0.25, 11, 0.3125], "texture": "#2"}
			}
		},
		{
			"name": "Шарик3Низ",
			"from": [7.90375, 7.04006, -0.3121],
			"to": [8.09625, 7.23256, -0.1196],
			"rotation": {"angle": 0, "axis": "y", "origin": [8, 7.1225, -0.2005]},
			"faces": {
				"north": {"uv": [0.5, 11, 0.5625, 11.0625], "texture": "#2"},
				"east": {"uv": [11, 0.5, 11.0625, 0.5625], "texture": "#2"},
				"south": {"uv": [0.75, 11, 0.8125, 11.0625], "texture": "#2"},
				"west": {"uv": [11, 0.75, 11.0625, 0.8125], "texture": "#2"},
				"up": {"uv": [1.0625, 11.0625, 1, 11], "texture": "#2"},
				"down": {"uv": [11.0625, 1, 11, 1.0625], "texture": "#2"}
			}
		},
		{
			"name": "Шарик2Верх",
			"from": [7.8922, 8.8935, -0.45075],
			"to": [8.10395, 9.10525, -0.239],
			"rotation": {"angle": -22.5, "axis": "x", "origin": [7.8845, 8.5085, -0.8165]},
			"faces": {
				"north": {"uv": [1.25, 11, 1.3125, 11.0625], "texture": "#2"},
				"east": {"uv": [11, 1.25, 11.0625, 1.3125], "texture": "#2"},
				"south": {"uv": [1.5, 11, 1.5625, 11.0625], "texture": "#2"},
				"west": {"uv": [11, 1.5, 11.0625, 1.5625], "texture": "#2"},
				"up": {"uv": [1.8125, 11.0625, 1.75, 11], "texture": "#2"},
				"down": {"uv": [11.0625, 1.75, 11, 1.8125], "texture": "#2"}
			}
		},
		{
			"name": "Шарие3Верх",
			"from": [7.8845, 9.471, 0.146],
			"to": [8.1155, 9.702, 0.377],
			"rotation": {"angle": -22.5, "axis": "x", "origin": [7.8845, 9.086, -0.2005]},
			"faces": {
				"north": {"uv": [2, 11, 2.0625, 11.0625], "texture": "#2"},
				"east": {"uv": [11, 2, 11.0625, 2.0625], "texture": "#2"},
				"south": {"uv": [2.25, 11, 2.3125, 11.0625], "texture": "#2"},
				"west": {"uv": [11, 2.25, 11.0625, 2.3125], "texture": "#2"},
				"up": {"uv": [2.5625, 11.0625, 2.5, 11], "texture": "#2"},
				"down": {"uv": [11.0625, 2.5, 11, 2.5625], "texture": "#2"}
			}
		},
		{
			"name": "Клюв3Низ",
			"from": [7.35898, 8.42948, -0.03418],
			"to": [8.64102, 8.89957, 1.87821],
			"rotation": {"angle": -22.5, "axis": "x", "origin": [8.10684, 9.17735, 1.58975]},
			"faces": {
				"north": {"uv": [9.5, 9.5, 9.8125, 9.625], "texture": "#2"},
				"east": {"uv": [9.25, 5.75, 9.75, 5.875], "texture": "#2"},
				"south": {"uv": [9.75, 0, 10.0625, 0.125], "texture": "#2"},
				"west": {"uv": [9.25, 6, 9.75, 6.125], "texture": "#2"},
				"up": {"uv": [0.3125, 8.25, 0, 7.75], "texture": "#2"},
				"down": {"uv": [8.0625, 1, 7.75, 1.5], "texture": "#2"}
			}
		},
		{
			"name": "Клюв4Верх",
			"from": [7.33761, 8.89957, -0.03418],
			"to": [8.66239, 9.58333, 0.80983],
			"rotation": {"angle": -22.5, "axis": "x", "origin": [8.10684, 9.17735, 1.58975]},
			"faces": {
				"north": {"uv": [9.25, 7.75, 9.5625, 7.9375], "texture": "#2"},
				"east": {"uv": [3, 9.75, 3.1875, 9.9375], "texture": "#2"},
				"south": {"uv": [9.25, 8, 9.5625, 8.1875], "texture": "#2"},
				"west": {"uv": [9.75, 3, 9.9375, 3.1875], "texture": "#2"},
				"up": {"uv": [9.5625, 8.4375, 9.25, 8.25], "texture": "#2"},
				"down": {"uv": [8.8125, 9.25, 8.5, 9.4375], "texture": "#2"}
			}
		},
		{
			"name": "Клюв5Верх",
			"from": [7.22009, 8.89957, 0.80983],
			"to": [8.77992, 9.6688, 1.93163],
			"rotation": {"angle": -22.5, "axis": "x", "origin": [8.10684, 9.17735, 1.58975]},
			"faces": {
				"north": {"uv": [3.25, 9.25, 3.625, 9.4375], "texture": "#2"},
				"east": {"uv": [9.5, 2, 9.75, 2.1875], "texture": "#2"},
				"south": {"uv": [9.25, 3.5, 9.625, 3.6875], "texture": "#2"},
				"west": {"uv": [9.5, 2.25, 9.75, 2.4375], "texture": "#2"},
				"up": {"uv": [8.875, 6.75, 8.5, 6.5], "texture": "#2"},
				"down": {"uv": [6.375, 8.75, 6, 9], "texture": "#2"}
			}
		},
		{
			"name": "Клюв2Низ",
			"from": [7.46581, 8.49359, -1.09188],
			"to": [8.53419, 8.89957, -0.03418],
			"rotation": {"angle": -22.5, "axis": "x", "origin": [8.10684, 9.17735, 1.58975]},
			"faces": {
				"north": {"uv": [4, 9.75, 4.25, 9.875], "texture": "#2"},
				"east": {"uv": [9.75, 4, 10, 4.125], "texture": "#2"},
				"south": {"uv": [4.25, 9.75, 4.5, 9.875], "texture": "#2"},
				"west": {"uv": [9.75, 4.25, 10, 4.375], "texture": "#2"},
				"up": {"uv": [2.5, 6, 2.25, 5.75], "texture": "#2"},
				"down": {"uv": [4.75, 6.5, 4.5, 6.75], "texture": "#2"}
			}
		},
		{
			"name": "Клюв3Верх",
			"from": [7.44445, 8.89957, -0.66452],
			"to": [8.55556, 9.3376, -0.03418],
			"rotation": {"angle": -22.5, "axis": "x", "origin": [8.10684, 9.17735, 1.58975]},
			"faces": {
				"north": {"uv": [4.5, 9.75, 4.75, 9.875], "texture": "#2"},
				"east": {"uv": [7, 9.75, 7.1875, 9.875], "texture": "#2"},
				"south": {"uv": [9.75, 4.5, 10, 4.625], "texture": "#2"},
				"west": {"uv": [9.75, 7, 9.9375, 7.125], "texture": "#2"},
				"up": {"uv": [9.75, 2.6875, 9.5, 2.5], "texture": "#2"},
				"down": {"uv": [9.75, 2.75, 9.5, 2.9375], "texture": "#2"}
			}
		},
		{
			"name": "Клюв2Верх",
			"from": [7.46581, 8.89957, -1.09188],
			"to": [8.53419, 9.23076, -0.66452],
			"rotation": {"angle": -22.5, "axis": "x", "origin": [8.10684, 9.17735, 1.58975]},
			"faces": {
				"north": {"uv": [9.75, 8.25, 10, 8.3125], "texture": "#2"},
				"east": {"uv": [10.25, 3.5, 10.375, 3.5625], "texture": "#2"},
				"south": {"uv": [8.5, 9.75, 8.75, 9.8125], "texture": "#2"},
				"west": {"uv": [3.75, 10.25, 3.875, 10.3125], "texture": "#2"},
				"up": {"uv": [5, 9.875, 4.75, 9.75], "texture": "#2"},
				"down": {"uv": [10, 4.75, 9.75, 4.875], "texture": "#2"}
			}
		},
		{
			"name": "Клюв1Низ",
			"from": [7.57265, 8.56837, -2.13887],
			"to": [8.42735, 8.89957, -1.09188],
			"rotation": {"angle": -22.5, "axis": "x", "origin": [8.10684, 9.17735, 1.58975]},
			"faces": {
				"north": {"uv": [0.75, 10, 0.9375, 10.0625], "texture": "#2"},
				"east": {"uv": [9.75, 8.5, 10, 8.5625], "texture": "#2"},
				"south": {"uv": [10, 0.75, 10.1875, 0.8125], "texture": "#2"},
				"west": {"uv": [8.75, 9.75, 9, 9.8125], "texture": "#2"},
				"up": {"uv": [9.6875, 3.25, 9.5, 3], "texture": "#2"},
				"down": {"uv": [3.4375, 9.5, 3.25, 9.75], "texture": "#2"}
			}
		},
		{
			"name": "Клюв1Верх",
			"from": [7.57265, 8.88888, -2.13887],
			"to": [8.42735, 9.15598, -1.09188],
			"rotation": {"angle": -22.5, "axis": "x", "origin": [8.10684, 9.17735, 1.58975]},
			"faces": {
				"north": {"uv": [1, 10, 1.1875, 10.0625], "texture": "#2"},
				"east": {"uv": [9.75, 8.75, 10, 8.8125], "texture": "#2"},
				"south": {"uv": [10, 1, 10.1875, 1.0625], "texture": "#2"},
				"west": {"uv": [9, 9.75, 9.25, 9.8125], "texture": "#2"},
				"up": {"uv": [9.6875, 3.5, 9.5, 3.25], "texture": "#2"},
				"down": {"uv": [3.6875, 9.5, 3.5, 9.75], "texture": "#2"}
			}
		},
		{
			"name": "Начало1",
			"from": [7.03846, 5.11752, 2.0171],
			"to": [8.96154, 6.96581, 3.69445],
			"rotation": {"angle": 45, "axis": "x", "origin": [7.57265, 5.79059, 2.0171]},
			"faces": {
				"north": {"uv": [7.25, 1, 7.75, 1.4375], "texture": "#2"},
				"east": {"uv": [2.75, 7.5, 3.1875, 7.9375], "texture": "#2"},
				"south": {"uv": [7.25, 4.5, 7.75, 4.9375], "texture": "#2"},
				"west": {"uv": [3.25, 7.5, 3.6875, 7.9375], "texture": "#2"},
				"up": {"uv": [7.75, 6.1875, 7.25, 5.75], "texture": "#2"},
				"down": {"uv": [6.5, 7.25, 6, 7.6875], "texture": "#2"}
			}
		},
		{
			"name": "Продл2",
			"from": [7.27351, 5.36324, 1.31197],
			"to": [8.7265, 6.96581, 2.78633],
			"rotation": {"angle": -22.5, "axis": "x", "origin": [7.57265, 6.32478, 1.48291]},
			"faces": {
				"north": {"uv": [7.75, 2.5, 8.125, 2.875], "texture": "#2"},
				"east": {"uv": [7.75, 4.5, 8.125, 4.875], "texture": "#2"},
				"south": {"uv": [7.75, 5.75, 8.125, 6.125], "texture": "#2"},
				"west": {"uv": [6, 7.75, 6.375, 8.125], "texture": "#2"},
				"up": {"uv": [8.125, 7.125, 7.75, 6.75], "texture": "#2"},
				"down": {"uv": [8.125, 7.25, 7.75, 7.625], "texture": "#2"}
			}
		},
		{
			"name": "ПРодл3",
			"from": [7.35898, 6.86966, 1.10899],
			"to": [8.64102, 8.13034, 2.45514],
			"rotation": {"angle": 0, "axis": "y", "origin": [7.57265, 7.83119, 1.20513]},
			"faces": {
				"north": {"uv": [8.75, 0, 9.0625, 0.3125], "texture": "#2"},
				"east": {"uv": [8.75, 0.5, 9.0625, 0.8125], "texture": "#2"},
				"south": {"uv": [8.75, 3, 9.0625, 3.3125], "texture": "#2"},
				"west": {"uv": [3.25, 8.75, 3.5625, 9.0625], "texture": "#2"},
				"up": {"uv": [9.0625, 3.8125, 8.75, 3.5], "texture": "#2"},
				"down": {"uv": [9.0625, 4, 8.75, 4.3125], "texture": "#2"}
			}
		},
		{
			"name": "Конец4",
			"from": [7.38034, 7.99145, 1.60043],
			"to": [8.61966, 9.69017, 2.82907],
			"rotation": {"angle": 22.5, "axis": "x", "origin": [7.57265, 9.25213, 1.58975]},
			"faces": {
				"north": {"uv": [8, 6.25, 8.3125, 6.6875], "texture": "#2"},
				"east": {"uv": [7, 8, 7.3125, 8.4375], "texture": "#2"},
				"south": {"uv": [8, 7.75, 8.3125, 8.1875], "texture": "#2"},
				"west": {"uv": [0, 8.25, 0.3125, 8.6875], "texture": "#2"},
				"up": {"uv": [9.0625, 4.8125, 8.75, 4.5], "texture": "#2"},
				"down": {"uv": [9.0625, 5, 8.75, 5.3125], "texture": "#2"}
			}
		},
		{
			"name": "ГорлвойМешокБ",
			"from": [7.62463, 6.9986, -0.01514],
			"to": [8.37538, 8.2691, 1.60186],
			"rotation": {"angle": -22.5, "axis": "x", "origin": [8, 7.55081, 0.75237]},
			"faces": {
				"north": {"uv": [0, 9.5, 0.1875, 9.8125], "texture": "#2"},
				"east": {"uv": [8.5, 2.5, 8.875, 2.8125], "texture": "#2"},
				"south": {"uv": [0.25, 9.5, 0.4375, 9.8125], "texture": "#2"},
				"west": {"uv": [2.75, 8.5, 3.125, 8.8125], "texture": "#2"},
				"up": {"uv": [9.4375, 5.125, 9.25, 4.75], "texture": "#2"},
				"down": {"uv": [9.4375, 5.25, 9.25, 5.625], "texture": "#2"}
			}
		},
		{
			"name": "ГорловойМешокСр",
			"from": [7.66794, 5.65591, 0.87999],
			"to": [8.33206, 6.92641, 1.60186],
			"rotation": {"angle": -22.5, "axis": "x", "origin": [8, 6.20813, 0.75237]},
			"faces": {
				"north": {"uv": [0.5, 9.5, 0.6875, 9.8125], "texture": "#2"},
				"east": {"uv": [9.5, 0.5, 9.6875, 0.8125], "texture": "#2"},
				"south": {"uv": [0.75, 9.5, 0.9375, 9.8125], "texture": "#2"},
				"west": {"uv": [1, 9.5, 1.1875, 9.8125], "texture": "#2"},
				"up": {"uv": [3.4375, 9.9375, 3.25, 9.75], "texture": "#2"},
				"down": {"uv": [9.9375, 3.25, 9.75, 3.4375], "texture": "#2"}
			}
		},
		{
			"name": "ГорловойМешкМ",
			"from": [7.68238, 5.12172, 1.41417],
			"to": [8.31763, 5.82916, 1.86174],
			"rotation": {"angle": -22.5, "axis": "x", "origin": [8, 5.58731, 1.01225]},
			"faces": {
				"north": {"uv": [3.5, 9.75, 3.6875, 9.9375], "texture": "#2"},
				"east": {"uv": [7.75, 9.75, 7.875, 9.9375], "texture": "#2"},
				"south": {"uv": [9.75, 3.5, 9.9375, 3.6875], "texture": "#2"},
				"west": {"uv": [9.75, 7.75, 9.875, 7.9375], "texture": "#2"},
				"up": {"uv": [9.9375, 8.125, 9.75, 8], "texture": "#2"},
				"down": {"uv": [8.4375, 9.75, 8.25, 9.875], "texture": "#2"}
			}
		},
		{
			"name": "ОснованиеМышца",
			"from": [6.08756, 4.939, 5.14138],
			"to": [7.19644, 5.6415, 6.96888],
			"rotation": {"angle": 45, "axis": "z", "origin": [6.31081, 5.73587, 5.14138]},
			"faces": {
				"north": {"uv": [9.5, 8.75, 9.75, 8.9375], "texture": "#2"},
				"east": {"uv": [0.25, 9.25, 0.6875, 9.4375], "texture": "#2"},
				"south": {"uv": [9.25, 9.5, 9.5, 9.6875], "texture": "#2"},
				"west": {"uv": [9.25, 0.25, 9.6875, 0.4375], "texture": "#2"},
				"up": {"uv": [8.75, 5.4375, 8.5, 5], "texture": "#2"},
				"down": {"uv": [8.75, 6, 8.5, 6.4375], "texture": "#2"}
			}
		},
		{
			"name": "ПервыйСегмент",
			"from": [5.98612, 3.9295, 5.17025],
			"to": [6.59144, 5.95206, 10.97725],
			"rotation": {"angle": -22.5, "axis": "x", "origin": [6.49812, 5.6975, 6.1685]},
			"faces": {
				"north": {"uv": [9.25, 6.75, 9.375, 7.25], "texture": "#2"},
				"east": {"uv": [5.5, 3.5, 6.9375, 4], "texture": "#2"},
				"south": {"uv": [9.25, 7.25, 9.375, 7.75], "texture": "#2"},
				"west": {"uv": [5.5, 4, 6.9375, 4.5], "texture": "#2"},
				"up": {"uv": [5.125, 8.9375, 5, 7.5], "texture": "#2"},
				"down": {"uv": [5.375, 7.5, 5.25, 8.9375], "texture": "#2"}
			}
		},
		{
			"name": "ВторойСегмент",
			"from": [5.77206, 3.11729, 6.23383],
			"to": [6.29462, 9.49867, 9.01414],
			"rotation": {"angle": 45, "axis": "x", "origin": [6.05162, 3.31713, 6.44356]},
			"faces": {
				"north": {"uv": [2.25, 7.5, 2.375, 9.125], "texture": "#2"},
				"east": {"uv": [4, 3.25, 4.6875, 4.875], "texture": "#2"},
				"south": {"uv": [2.5, 7.5, 2.625, 9.125], "texture": "#2"},
				"west": {"uv": [0, 4.5, 0.6875, 6.125], "texture": "#2"},
				"up": {"uv": [6.875, 9.6875, 6.75, 9], "texture": "#2"},
				"down": {"uv": [9.125, 7, 9, 7.6875], "texture": "#2"}
			}
		},
		{
			"name": "КонецКрыла",
			"from": [5.6615, 1.29651, 7.89477],
			"to": [6.10519, 4.27295, 16.4129],
			"rotation": {"angle": -22.5, "axis": "x", "origin": [5.90162, 1.64213, 7.94356]},
			"faces": {
				"north": {"uv": [2.75, 9, 2.875, 9.75], "texture": "#2"},
				"east": {"uv": [3, 0.75, 5.125, 1.5], "texture": "#2"},
				"south": {"uv": [3, 9, 3.125, 9.75], "texture": "#2"},
				"west": {"uv": [1, 3, 3.125, 3.75], "texture": "#2"},
				"up": {"uv": [0.875, 9.375, 0.75, 7.25], "texture": "#2"},
				"down": {"uv": [1.125, 7.25, 1, 9.375], "texture": "#2"}
			}
		},
		{
			"name": "ПалецБольш",
			"from": [5.95587, 2.39625, 6.43962],
			"to": [6.21575, 3.0315, 6.71394],
			"rotation": {"angle": 0, "axis": "y", "origin": [6.05162, 3.04213, 6.69356]},
			"faces": {
				"north": {"uv": [5.25, 10, 5.3125, 10.1875], "texture": "#2"},
				"east": {"uv": [10, 5.25, 10.0625, 5.4375], "texture": "#2"},
				"south": {"uv": [5.5, 10, 5.5625, 10.1875], "texture": "#2"},
				"west": {"uv": [10, 5.5, 10.0625, 5.6875], "texture": "#2"},
				"up": {"uv": [10.8125, 8.0625, 10.75, 8], "texture": "#2"},
				"down": {"uv": [8.3125, 10.75, 8.25, 10.8125], "texture": "#2"}
			}
		},
		{
			"name": "ПалецМеньш",
			"from": [5.8115, 2.48288, 6.54069],
			"to": [5.927, 2.94488, 6.74281],
			"rotation": {"angle": 0, "axis": "y", "origin": [6.05162, 3.04213, 6.69356]},
			"faces": {
				"north": {"uv": [10.25, 6.25, 10.3125, 6.375], "texture": "#2"},
				"east": {"uv": [6.5, 10.25, 6.5625, 10.375], "texture": "#2"},
				"south": {"uv": [10.25, 6.5, 10.3125, 6.625], "texture": "#2"},
				"west": {"uv": [6.75, 10.25, 6.8125, 10.375], "texture": "#2"},
				"up": {"uv": [10.8125, 8.3125, 10.75, 8.25], "texture": "#2"},
				"down": {"uv": [8.5625, 10.75, 8.5, 10.8125], "texture": "#2"}
			}
		},
		{
			"name": "КоготьМеньш",
			"from": [5.82594, 2.10143, 6.7726],
			"to": [5.91256, 2.56343, 6.93141],
			"rotation": {"angle": 22.5, "axis": "x", "origin": [6.05162, 3.04213, 6.69356]},
			"faces": {
				"north": {"uv": [10.25, 6.75, 10.3125, 6.875], "texture": "#2"},
				"east": {"uv": [7, 10.25, 7.0625, 10.375], "texture": "#2"},
				"south": {"uv": [10.25, 7, 10.3125, 7.125], "texture": "#2"},
				"west": {"uv": [7.25, 10.25, 7.3125, 10.375], "texture": "#2"},
				"up": {"uv": [10.8125, 8.5625, 10.75, 8.5], "texture": "#2"},
				"down": {"uv": [8.8125, 10.75, 8.75, 10.8125], "texture": "#2"}
			}
		},
		{
			"name": "КоготьБольш",
			"from": [5.98475, 1.87275, 6.71128],
			"to": [6.18687, 2.508, 6.92785],
			"rotation": {"angle": 22.5, "axis": "x", "origin": [6.05162, 3.04213, 6.69356]},
			"faces": {
				"north": {"uv": [5.75, 10, 5.8125, 10.1875], "texture": "#2"},
				"east": {"uv": [10, 5.75, 10.0625, 5.9375], "texture": "#2"},
				"south": {"uv": [6, 10, 6.0625, 10.1875], "texture": "#2"},
				"west": {"uv": [10, 6, 10.0625, 6.1875], "texture": "#2"},
				"up": {"uv": [10.8125, 8.8125, 10.75, 8.75], "texture": "#2"},
				"down": {"uv": [9.0625, 10.75, 9, 10.8125], "texture": "#2"}
			}
		},
		{
			"name": "КонецКрыла",
			"from": [9.89481, 1.29651, 7.89477],
			"to": [10.3385, 4.27295, 16.4129],
			"rotation": {"angle": -22.5, "axis": "x", "origin": [10.09838, 1.64213, 7.94356]},
			"faces": {
				"north": {"uv": [9, 1, 9.125, 1.75], "texture": "#2"},
				"east": {"uv": [1, 2.25, 3.125, 3], "texture": "#2"},
				"south": {"uv": [9, 1.75, 9.125, 2.5], "texture": "#2"},
				"west": {"uv": [3, 0, 5.125, 0.75], "texture": "#2"},
				"up": {"uv": [0.625, 9.125, 0.5, 7], "texture": "#2"},
				"down": {"uv": [7.125, 5.75, 7, 7.875], "texture": "#2"}
			}
		},
		{
			"name": "ОснованиеМышца",
			"from": [8.80356, 4.939, 5.14138],
			"to": [9.91244, 5.6415, 6.96888],
			"rotation": {"angle": -45, "axis": "z", "origin": [9.68919, 5.73587, 5.14138]},
			"faces": {
				"north": {"uv": [9.5, 8.5, 9.75, 8.6875], "texture": "#2"},
				"east": {"uv": [8.75, 9, 9.1875, 9.1875], "texture": "#2"},
				"south": {"uv": [8.75, 9.5, 9, 9.6875], "texture": "#2"},
				"west": {"uv": [9.25, 0, 9.6875, 0.1875], "texture": "#2"},
				"up": {"uv": [8.75, 4.4375, 8.5, 4], "texture": "#2"},
				"down": {"uv": [8.75, 4.5, 8.5, 4.9375], "texture": "#2"}
			}
		},
		{
			"name": "ПервыйСегмент",
			"from": [9.40856, 3.9295, 5.17025],
			"to": [10.01388, 5.95206, 10.97725],
			"rotation": {"angle": -22.5, "axis": "x", "origin": [9.50188, 5.6975, 6.1685]},
			"faces": {
				"north": {"uv": [5.75, 9.25, 5.875, 9.75], "texture": "#2"},
				"east": {"uv": [2.5, 5.5, 3.9375, 6], "texture": "#2"},
				"south": {"uv": [9.25, 6.25, 9.375, 6.75], "texture": "#2"},
				"west": {"uv": [5.5, 3, 6.9375, 3.5], "texture": "#2"},
				"up": {"uv": [4.625, 8.9375, 4.5, 7.5], "texture": "#2"},
				"down": {"uv": [4.875, 7.5, 4.75, 8.9375], "texture": "#2"}
			}
		},
		{
			"name": "ВторойСегмент",
			"from": [9.70538, 3.11729, 6.23383],
			"to": [10.22794, 9.49867, 9.01414],
			"rotation": {"angle": 45, "axis": "x", "origin": [9.94838, 3.31713, 6.44356]},
			"faces": {
				"north": {"uv": [7.25, 6.25, 7.375, 7.875], "texture": "#2"},
				"east": {"uv": [2.5, 3.75, 3.1875, 5.375], "texture": "#2"},
				"south": {"uv": [7.5, 1.5, 7.625, 3.125], "texture": "#2"},
				"west": {"uv": [4, 1.5, 4.6875, 3.125], "texture": "#2"},
				"up": {"uv": [5.625, 9.6875, 5.5, 9], "texture": "#2"},
				"down": {"uv": [9.125, 5.5, 9, 6.1875], "texture": "#2"}
			}
		},
		{
			"name": "КоготьБольш",
			"from": [9.81313, 1.87275, 6.71128],
			"to": [10.01525, 2.508, 6.92785],
			"rotation": {"angle": 22.5, "axis": "x", "origin": [9.94838, 3.04213, 6.69356]},
			"faces": {
				"north": {"uv": [6.75, 10, 6.8125, 10.1875], "texture": "#2"},
				"east": {"uv": [10, 6.75, 10.0625, 6.9375], "texture": "#2"},
				"south": {"uv": [7, 10, 7.0625, 10.1875], "texture": "#2"},
				"west": {"uv": [10, 7, 10.0625, 7.1875], "texture": "#2"},
				"up": {"uv": [2.8125, 11.0625, 2.75, 11], "texture": "#2"},
				"down": {"uv": [11.0625, 2.75, 11, 2.8125], "texture": "#2"}
			}
		},
		{
			"name": "ПалецМеньш",
			"from": [10.073, 2.48288, 6.54069],
			"to": [10.1885, 2.94488, 6.74281],
			"rotation": {"angle": 0, "axis": "y", "origin": [9.94838, 3.04213, 6.69356]},
			"faces": {
				"north": {"uv": [10.25, 8, 10.3125, 8.125], "texture": "#2"},
				"east": {"uv": [8.25, 10.25, 8.3125, 10.375], "texture": "#2"},
				"south": {"uv": [10.25, 8.25, 10.3125, 8.375], "texture": "#2"},
				"west": {"uv": [8.5, 10.25, 8.5625, 10.375], "texture": "#2"},
				"up": {"uv": [3.0625, 11.0625, 3, 11], "texture": "#2"},
				"down": {"uv": [11.0625, 3, 11, 3.0625], "texture": "#2"}
			}
		},
		{
			"name": "КоготьМеньш",
			"from": [10.08744, 2.10143, 6.7726],
			"to": [10.17406, 2.56343, 6.93141],
			"rotation": {"angle": 22.5, "axis": "x", "origin": [9.94838, 3.04213, 6.69356]},
			"faces": {
				"north": {"uv": [10.25, 8.5, 10.3125, 8.625], "texture": "#2"},
				"east": {"uv": [8.75, 10.25, 8.8125, 10.375], "texture": "#2"},
				"south": {"uv": [10.25, 8.75, 10.3125, 8.875], "texture": "#2"},
				"west": {"uv": [9, 10.25, 9.0625, 10.375], "texture": "#2"},
				"up": {"uv": [3.3125, 11.0625, 3.25, 11], "texture": "#2"},
				"down": {"uv": [11.0625, 3.25, 11, 3.3125], "texture": "#2"}
			}
		},
		{
			"name": "ПАлецБольш",
			"from": [9.78425, 2.39625, 6.43962],
			"to": [10.04413, 3.0315, 6.71394],
			"rotation": {"angle": 0, "axis": "y", "origin": [9.94838, 3.04213, 6.69356]},
			"faces": {
				"north": {"uv": [7.25, 10, 7.3125, 10.1875], "texture": "#2"},
				"east": {"uv": [10, 7.25, 10.0625, 7.4375], "texture": "#2"},
				"south": {"uv": [7.5, 10, 7.5625, 10.1875], "texture": "#2"},
				"west": {"uv": [10, 7.5, 10.0625, 7.6875], "texture": "#2"},
				"up": {"uv": [3.5625, 11.0625, 3.5, 11], "texture": "#2"},
				"down": {"uv": [11.0625, 3.5, 11, 3.5625], "texture": "#2"}
			}
		},
		{
			"name": "ОснованиеПлечи",
			"from": [6.32394, 2.96504, 2.8441],
			"to": [7.16613, 5.82679, 5.7988],
			"rotation": {"angle": 22.5, "axis": "x", "origin": [6.88893, 4.48282, 3.41321]},
			"faces": {
				"north": {"uv": [8.25, 3.5, 8.4375, 4.1875], "texture": "#2"},
				"east": {"uv": [2.25, 6, 3, 6.6875], "texture": "#2"},
				"south": {"uv": [8.25, 4.25, 8.4375, 4.9375], "texture": "#2"},
				"west": {"uv": [3, 6, 3.75, 6.6875], "texture": "#2"},
				"up": {"uv": [8.1875, 4.25, 8, 3.5], "texture": "#2"},
				"down": {"uv": [8.1875, 5, 8, 5.75], "texture": "#2"}
			}
		},
		{
			"name": "ПервыйСегм",
			"from": [6.00397, 3.0399, 2.98975],
			"to": [6.61313, 8.27515, 5.80172],
			"rotation": {"angle": 22.5, "axis": "x", "origin": [5.64071, 4.32195, 2.96838]},
			"faces": {
				"north": {"uv": [6.75, 7.5, 6.875, 8.8125], "texture": "#2"},
				"east": {"uv": [4.75, 4.5, 5.4375, 5.8125], "texture": "#2"},
				"south": {"uv": [7.5, 6.75, 7.625, 8.0625], "texture": "#2"},
				"west": {"uv": [4, 5, 4.6875, 6.3125], "texture": "#2"},
				"up": {"uv": [6.125, 9.6875, 6, 9], "texture": "#2"},
				"down": {"uv": [6.375, 9, 6.25, 9.6875], "texture": "#2"}
			}
		},
		{
			"name": "ВторойСегм",
			"from": [5.78659, 0.43472, 4.47982],
			"to": [6.30913, 8.15309, 7.16959],
			"rotation": {"angle": 0, "axis": "y", "origin": [5.43777, 3.02489, 4.37182]},
			"faces": {
				"north": {"uv": [4.25, 7.25, 4.375, 9.1875], "texture": "#2"},
				"east": {"uv": [1, 3.75, 1.6875, 5.6875], "texture": "#2"},
				"south": {"uv": [5.75, 7.25, 5.875, 9.1875], "texture": "#2"},
				"west": {"uv": [1.75, 3.75, 2.4375, 5.6875], "texture": "#2"},
				"up": {"uv": [9.125, 6.9375, 9, 6.25], "texture": "#2"},
				"down": {"uv": [6.625, 9, 6.5, 9.6875], "texture": "#2"}
			}
		},
		{
			"name": "КонецКрыла",
			"from": [5.61854, 0.28509, 4.60849],
			"to": [6.00633, 8.57222, 8.04052],
			"rotation": {"angle": 22.5, "axis": "x", "origin": [6.38402, 1.56714, 8.14851]},
			"faces": {
				"north": {"uv": [1.75, 7.25, 1.875, 9.3125], "texture": "#2"},
				"east": {"uv": [2, 0, 2.875, 2.0625], "texture": "#2"},
				"south": {"uv": [2, 7.25, 2.125, 9.3125], "texture": "#2"},
				"west": {"uv": [0, 2.25, 0.875, 4.3125], "texture": "#2"},
				"up": {"uv": [7.125, 9.375, 7, 8.5], "texture": "#2"},
				"down": {"uv": [7.375, 8.5, 7.25, 9.375], "texture": "#2"}
			}
		},
		{
			"name": "ОснованиеПлечи",
			"from": [8.83387, 2.96504, 2.8441],
			"to": [9.67606, 5.82679, 5.7988],
			"rotation": {"angle": 22.5, "axis": "x", "origin": [9.11107, 4.48282, 3.41321]},
			"faces": {
				"north": {"uv": [8.25, 1, 8.4375, 1.6875], "texture": "#2"},
				"east": {"uv": [0.75, 5.75, 1.5, 6.4375], "texture": "#2"},
				"south": {"uv": [8.25, 1.75, 8.4375, 2.4375], "texture": "#2"},
				"west": {"uv": [1.5, 5.75, 2.25, 6.4375], "texture": "#2"},
				"up": {"uv": [3.4375, 8.75, 3.25, 8], "texture": "#2"},
				"down": {"uv": [3.6875, 8, 3.5, 8.75], "texture": "#2"}
			}
		},
		{
			"name": "ПервыйСегм",
			"from": [9.38687, 3.0399, 2.98975],
			"to": [9.99603, 8.27515, 5.80172],
			"rotation": {"angle": 22.5, "axis": "x", "origin": [10.35929, 4.32195, 2.96838]},
			"faces": {
				"north": {"uv": [5.5, 7.5, 5.625, 8.8125], "texture": "#2"},
				"east": {"uv": [4.75, 1.5, 5.4375, 2.8125], "texture": "#2"},
				"south": {"uv": [6.5, 7.5, 6.625, 8.8125], "texture": "#2"},
				"west": {"uv": [4.75, 3, 5.4375, 4.3125], "texture": "#2"},
				"up": {"uv": [4.625, 9.6875, 4.5, 9], "texture": "#2"},
				"down": {"uv": [4.875, 9, 4.75, 9.6875], "texture": "#2"}
			}
		},
		{
			"name": "ВторойСегм",
			"from": [9.69087, 0.43472, 4.47982],
			"to": [10.21341, 8.15309, 7.16959],
			"rotation": {"angle": 0, "axis": "y", "origin": [10.56223, 3.02489, 4.37182]},
			"faces": {
				"north": {"uv": [3.75, 7.25, 3.875, 9.1875], "texture": "#2"},
				"east": {"uv": [3.25, 1.5, 3.9375, 3.4375], "texture": "#2"},
				"south": {"uv": [4, 7.25, 4.125, 9.1875], "texture": "#2"},
				"west": {"uv": [3.25, 3.5, 3.9375, 5.4375], "texture": "#2"},
				"up": {"uv": [5.125, 9.6875, 5, 9], "texture": "#2"},
				"down": {"uv": [5.375, 9, 5.25, 9.6875], "texture": "#2"}
			}
		},
		{
			"name": "КонецКрыла",
			"from": [9.99367, 0.28509, 4.60849],
			"to": [10.38146, 8.57222, 8.04052],
			"rotation": {"angle": 22.5, "axis": "x", "origin": [9.61598, 1.56714, 8.14851]},
			"faces": {
				"north": {"uv": [1.25, 7.25, 1.375, 9.3125], "texture": "#2"},
				"east": {"uv": [0, 0, 0.875, 2.0625], "texture": "#2"},
				"south": {"uv": [1.5, 7.25, 1.625, 9.3125], "texture": "#2"},
				"west": {"uv": [1, 0, 1.875, 2.0625], "texture": "#2"},
				"up": {"uv": [7.625, 9.125, 7.5, 8.25], "texture": "#2"},
				"down": {"uv": [8.625, 3, 8.5, 3.875], "texture": "#2"}
			}
		},
		{
			"name": "Стопа",
			"from": [6.50428, 0, 6.39744],
			"to": [7.1453, 0.8547, 6.86752],
			"rotation": {"angle": 0, "axis": "y", "origin": [6.39744, 0, 6.2906]},
			"faces": {
				"north": {"uv": [9.75, 0.25, 9.9375, 0.4375], "texture": "#2"},
				"east": {"uv": [5.25, 9.75, 5.375, 9.9375], "texture": "#2"},
				"south": {"uv": [9.75, 0.5, 9.9375, 0.6875], "texture": "#2"},
				"west": {"uv": [9.75, 5.25, 9.875, 5.4375], "texture": "#2"},
				"up": {"uv": [5.6875, 9.875, 5.5, 9.75], "texture": "#2"},
				"down": {"uv": [9.9375, 5.5, 9.75, 5.625], "texture": "#2"}
			}
		},
		{
			"name": "Целка",
			"from": [6.52564, 0.90812, 6.48291],
			"to": [7.12393, 2.68163, 7.12393],
			"rotation": {"angle": 45, "axis": "x", "origin": [6.39744, 0.97222, 6.37607]},
			"faces": {
				"north": {"uv": [9.5, 1, 9.625, 1.4375], "texture": "#2"},
				"east": {"uv": [9, 2.5, 9.1875, 2.9375], "texture": "#2"},
				"south": {"uv": [1.25, 9.5, 1.375, 9.9375], "texture": "#2"},
				"west": {"uv": [9, 7.75, 9.1875, 8.1875], "texture": "#2"},
				"up": {"uv": [6.375, 9.9375, 6.25, 9.75], "texture": "#2"},
				"down": {"uv": [9.875, 6.25, 9.75, 6.4375], "texture": "#2"}
			}
		},
		{
			"name": "ГоленьНиз",
			"from": [6.50428, 1.50641, 7.91453],
			"to": [7.1453, 2.16881, 8.66239],
			"rotation": {"angle": -22.5, "axis": "x", "origin": [6.39744, 1.29274, 7.80769]},
			"faces": {
				"north": {"uv": [9.75, 1.25, 9.9375, 1.4375], "texture": "#2"},
				"east": {"uv": [9.75, 1.5, 9.9375, 1.6875], "texture": "#2"},
				"south": {"uv": [1.75, 9.75, 1.9375, 9.9375], "texture": "#2"},
				"west": {"uv": [9.75, 1.75, 9.9375, 1.9375], "texture": "#2"},
				"up": {"uv": [2.1875, 9.9375, 2, 9.75], "texture": "#2"},
				"down": {"uv": [9.9375, 2, 9.75, 2.1875], "texture": "#2"}
			}
		},
		{
			"name": "ГоленьСеред",
			"from": [6.53633, 2.10469, 7.61539],
			"to": [7.11325, 3.02351, 8.29915],
			"rotation": {"angle": -22.5, "axis": "x", "origin": [6.39744, 2.10469, 7.4765]},
			"faces": {
				"north": {"uv": [3.75, 9.75, 3.875, 10], "texture": "#2"},
				"east": {"uv": [6.75, 5.75, 6.9375, 6], "texture": "#2"},
				"south": {"uv": [9.75, 3.75, 9.875, 4], "texture": "#2"},
				"west": {"uv": [7.25, 5, 7.4375, 5.25], "texture": "#2"},
				"up": {"uv": [6.875, 9.9375, 6.75, 9.75], "texture": "#2"},
				"down": {"uv": [9.875, 6.75, 9.75, 6.9375], "texture": "#2"}
			}
		},
		{
			"name": "ГоленьВерх",
			"from": [6.41881, 2.94872, 7.13462],
			"to": [7.23077, 4.12393, 8.10684],
			"rotation": {"angle": -22.5, "axis": "x", "origin": [6.39744, 2.84188, 7.17736]},
			"faces": {
				"north": {"uv": [7.5, 9.25, 7.6875, 9.5625], "texture": "#2"},
				"east": {"uv": [9.25, 0.5, 9.5, 0.8125], "texture": "#2"},
				"south": {"uv": [7.75, 9.25, 7.9375, 9.5625], "texture": "#2"},
				"west": {"uv": [9.25, 1, 9.5, 1.3125], "texture": "#2"},
				"up": {"uv": [7.9375, 3.25, 7.75, 3], "texture": "#2"},
				"down": {"uv": [8.1875, 0.75, 8, 1], "texture": "#2"}
			}
		},
		{
			"name": "ТазобедреннаяКось",
			"from": [6.42949, 4.03846, 6.67522],
			"to": [7.22009, 6.3141, 7.66881],
			"rotation": {"angle": 22.5, "axis": "x", "origin": [6.39744, 4.03846, 6.63248]},
			"faces": {
				"north": {"uv": [7.75, 8.5, 7.9375, 9.0625], "texture": "#2"},
				"east": {"uv": [3, 1.5, 3.25, 2.0625], "texture": "#2"},
				"south": {"uv": [8.5, 7.75, 8.6875, 8.3125], "texture": "#2"},
				"west": {"uv": [0.75, 4.5, 1, 5.0625], "texture": "#2"},
				"up": {"uv": [8.1875, 4.5, 8, 4.25], "texture": "#2"},
				"down": {"uv": [8.4375, 6, 8.25, 6.25], "texture": "#2"}
			}
		},
		{
			"name": "ТазобедрМышца",
			"from": [6.53633, 4.28419, 6.65385],
			"to": [7.2094, 6.19657, 7.75428],
			"rotation": {"angle": 45, "axis": "x", "origin": [6.39744, 4.02778, 6.91026]},
			"faces": {
				"north": {"uv": [0.25, 8.75, 0.4375, 9.25], "texture": "#2"},
				"east": {"uv": [0.75, 5.25, 1, 5.75], "texture": "#2"},
				"south": {"uv": [8.75, 5.5, 8.9375, 6], "texture": "#2"},
				"west": {"uv": [3.75, 6, 4, 6.5], "texture": "#2"},
				"up": {"uv": [1.9375, 9.75, 1.75, 9.5], "texture": "#2"},
				"down": {"uv": [2.1875, 9.5, 2, 9.75], "texture": "#2"}
			}
		},
		{
			"from": [6.78205, 0.0641, 6.2906],
			"to": [7.03846, 0.7906, 6.60043],
			"rotation": {"angle": 22.5, "axis": "x", "origin": [6.93163, 0.53419, 6.39744]},
			"faces": {
				"north": {"uv": [9.75, 9.25, 9.8125, 9.4375], "texture": "#2"},
				"east": {"uv": [9.5, 9.75, 9.5625, 9.9375], "texture": "#2"},
				"south": {"uv": [9.75, 9.75, 9.8125, 9.9375], "texture": "#2"},
				"west": {"uv": [0, 10, 0.0625, 10.1875], "texture": "#2"},
				"up": {"uv": [10.3125, 9.0625, 10.25, 9], "texture": "#2"},
				"down": {"uv": [9.3125, 10.25, 9.25, 10.3125], "texture": "#2"}
			}
		},
		{
			"from": [6.77137, 0.07479, 6.17308],
			"to": [7.04915, 0.29915, 6.6218],
			"rotation": {"angle": 22.5, "axis": "x", "origin": [6.93163, 0.57692, 6.27992]},
			"faces": {
				"north": {"uv": [10.25, 9.25, 10.3125, 9.3125], "texture": "#2"},
				"east": {"uv": [7.75, 10, 7.875, 10.0625], "texture": "#2"},
				"south": {"uv": [9.5, 10.25, 9.5625, 10.3125], "texture": "#2"},
				"west": {"uv": [10, 7.75, 10.125, 7.8125], "texture": "#2"},
				"up": {"uv": [8.0625, 10.125, 8, 10], "texture": "#2"},
				"down": {"uv": [10.0625, 8, 10, 8.125], "texture": "#2"}
			}
		},
		{
			"from": [6.81411, 0.08581, 5.68243],
			"to": [7.00642, 0.2888, 6.13115],
			"rotation": {"angle": -22.5, "axis": "x", "origin": [6.93163, 0.18163, 5.94872]},
			"faces": {
				"north": {"uv": [10.25, 9.5, 10.3125, 9.5625], "texture": "#2"},
				"east": {"uv": [8.25, 10, 8.375, 10.0625], "texture": "#2"},
				"south": {"uv": [9.75, 10.25, 9.8125, 10.3125], "texture": "#2"},
				"west": {"uv": [10, 8.25, 10.125, 8.3125], "texture": "#2"},
				"up": {"uv": [8.5625, 10.125, 8.5, 10], "texture": "#2"},
				"down": {"uv": [10.0625, 8.5, 10, 8.625], "texture": "#2"}
			}
		},
		{
			"from": [6.5577, 0.08547, 6.24787],
			"to": [6.75001, 0.28847, 6.61111],
			"rotation": {"angle": 22.5, "axis": "x", "origin": [6.67522, 0.56624, 6.26923]},
			"faces": {
				"north": {"uv": [10.25, 9.75, 10.3125, 9.8125], "texture": "#2"},
				"east": {"uv": [10, 10.25, 10.0625, 10.3125], "texture": "#2"},
				"south": {"uv": [10.25, 10, 10.3125, 10.0625], "texture": "#2"},
				"west": {"uv": [10.25, 10.25, 10.3125, 10.3125], "texture": "#2"},
				"up": {"uv": [0.0625, 10.5625, 0, 10.5], "texture": "#2"},
				"down": {"uv": [10.5625, 0, 10.5, 0.0625], "texture": "#2"}
			}
		},
		{
			"from": [6.60043, 0.06444, 5.84268],
			"to": [6.70727, 0.24606, 6.20593],
			"rotation": {"angle": -22.5, "axis": "x", "origin": [6.67522, 0.13889, 6.02351]},
			"faces": {
				"north": {"uv": [0.25, 10.5, 0.3125, 10.5625], "texture": "#2"},
				"east": {"uv": [10.5, 0.25, 10.5625, 0.3125], "texture": "#2"},
				"south": {"uv": [0.5, 10.5, 0.5625, 10.5625], "texture": "#2"},
				"west": {"uv": [10.5, 0.5, 10.5625, 0.5625], "texture": "#2"},
				"up": {"uv": [0.8125, 10.5625, 0.75, 10.5], "texture": "#2"},
				"down": {"uv": [10.5625, 0.75, 10.5, 0.8125], "texture": "#2"}
			}
		},
		{
			"from": [6.56838, 0.07479, 6.36539],
			"to": [6.73932, 0.67308, 6.58975],
			"rotation": {"angle": 22.5, "axis": "x", "origin": [6.67522, 0.52351, 6.38676]},
			"faces": {
				"north": {"uv": [8.75, 10, 8.8125, 10.125], "texture": "#2"},
				"east": {"uv": [10, 8.75, 10.0625, 8.875], "texture": "#2"},
				"south": {"uv": [9, 10, 9.0625, 10.125], "texture": "#2"},
				"west": {"uv": [10, 9, 10.0625, 9.125], "texture": "#2"},
				"up": {"uv": [1.0625, 10.5625, 1, 10.5], "texture": "#2"},
				"down": {"uv": [10.5625, 1, 10.5, 1.0625], "texture": "#2"}
			}
		},
		{
			"from": [6.38676, -0.01035, 6.15252],
			"to": [6.4936, 0.11786, 6.51576],
			"rotation": {"angle": 0, "axis": "y", "origin": [6.46154, 0.05341, 6.33334]},
			"faces": {
				"north": {"uv": [1.25, 10.5, 1.3125, 10.5625], "texture": "#2"},
				"east": {"uv": [10.5, 1.25, 10.5625, 1.3125], "texture": "#2"},
				"south": {"uv": [1.5, 10.5, 1.5625, 10.5625], "texture": "#2"},
				"west": {"uv": [10.5, 1.5, 10.5625, 1.5625], "texture": "#2"},
				"up": {"uv": [1.8125, 10.5625, 1.75, 10.5], "texture": "#2"},
				"down": {"uv": [10.5625, 1.75, 10.5, 1.8125], "texture": "#2"}
			}
		},
		{
			"from": [6.3547, 0.00741, 6.38724],
			"to": [6.53633, 0.37065, 6.59022],
			"rotation": {"angle": 22.5, "axis": "x", "origin": [6.46154, 0.19231, 6.50428]},
			"faces": {
				"north": {"uv": [2, 10.5, 2.0625, 10.5625], "texture": "#2"},
				"east": {"uv": [10.5, 2, 10.5625, 2.0625], "texture": "#2"},
				"south": {"uv": [2.25, 10.5, 2.3125, 10.5625], "texture": "#2"},
				"west": {"uv": [10.5, 2.25, 10.5625, 2.3125], "texture": "#2"},
				"up": {"uv": [2.5625, 10.5625, 2.5, 10.5], "texture": "#2"},
				"down": {"uv": [10.5625, 2.5, 10.5, 2.5625], "texture": "#2"}
			}
		},
		{
			"from": [6.37607, 0.30983, 6.44017],
			"to": [6.52564, 0.67308, 6.64317],
			"rotation": {"angle": 0, "axis": "y", "origin": [6.46154, 0.52351, 6.45086]},
			"faces": {
				"north": {"uv": [2.75, 10.5, 2.8125, 10.5625], "texture": "#2"},
				"east": {"uv": [10.5, 2.75, 10.5625, 2.8125], "texture": "#2"},
				"south": {"uv": [3, 10.5, 3.0625, 10.5625], "texture": "#2"},
				"west": {"uv": [10.5, 3, 10.5625, 3.0625], "texture": "#2"},
				"up": {"uv": [3.3125, 10.5625, 3.25, 10.5], "texture": "#2"},
				"down": {"uv": [10.5625, 3.25, 10.5, 3.3125], "texture": "#2"}
			}
		},
		{
			"from": [7.0812, -0.01035, 5.89611],
			"to": [7.24145, 0.18196, 6.41961],
			"rotation": {"angle": 0, "axis": "y", "origin": [7.1453, 0.05341, 6.23719]},
			"faces": {
				"north": {"uv": [4.75, 10.5, 4.8125, 10.5625], "texture": "#2"},
				"east": {"uv": [10.25, 0, 10.375, 0.0625], "texture": "#2"},
				"south": {"uv": [10.5, 4.75, 10.5625, 4.8125], "texture": "#2"},
				"west": {"uv": [0.25, 10.25, 0.375, 10.3125], "texture": "#2"},
				"up": {"uv": [10.3125, 0.375, 10.25, 0.25], "texture": "#2"},
				"down": {"uv": [0.5625, 10.25, 0.5, 10.375], "texture": "#2"}
			}
		},
		{
			"from": [7.0812, 0.29915, 6.45086],
			"to": [7.2094, 0.69445, 6.65385],
			"rotation": {"angle": 45, "axis": "x", "origin": [7.1453, 0.52351, 6.45086]},
			"faces": {
				"north": {"uv": [10.25, 0.5, 10.3125, 0.625], "texture": "#2"},
				"east": {"uv": [0.75, 10.25, 0.8125, 10.375], "texture": "#2"},
				"south": {"uv": [10.25, 0.75, 10.3125, 0.875], "texture": "#2"},
				"west": {"uv": [1, 10.25, 1.0625, 10.375], "texture": "#2"},
				"up": {"uv": [5.0625, 10.5625, 5, 10.5], "texture": "#2"},
				"down": {"uv": [10.5625, 5, 10.5, 5.0625], "texture": "#2"}
			}
		},
		{
			"from": [7.07051, -0.00328, 6.29108],
			"to": [7.23077, 0.37065, 6.48338],
			"rotation": {"angle": 0, "axis": "y", "origin": [7.1453, 0.19231, 6.40813]},
			"faces": {
				"north": {"uv": [5.25, 10.5, 5.3125, 10.5625], "texture": "#2"},
				"east": {"uv": [10.5, 5.25, 10.5625, 5.3125], "texture": "#2"},
				"south": {"uv": [5.5, 10.5, 5.5625, 10.5625], "texture": "#2"},
				"west": {"uv": [10.5, 5.5, 10.5625, 5.5625], "texture": "#2"},
				"up": {"uv": [5.8125, 10.5625, 5.75, 10.5], "texture": "#2"},
				"down": {"uv": [10.5625, 5.75, 10.5, 5.8125], "texture": "#2"}
			}
		},
		{
			"from": [6.71795, 0.04274, 6.88889],
			"to": [6.92095, 0.43804, 7.11325],
			"rotation": {"angle": -45, "axis": "x", "origin": [6.82479, 0.21368, 6.92095]},
			"faces": {
				"north": {"uv": [10.25, 2.5, 10.3125, 2.625], "texture": "#2"},
				"east": {"uv": [2.75, 10.25, 2.8125, 10.375], "texture": "#2"},
				"south": {"uv": [10.25, 2.75, 10.3125, 2.875], "texture": "#2"},
				"west": {"uv": [3, 10.25, 3.0625, 10.375], "texture": "#2"},
				"up": {"uv": [10.8125, 0.8125, 10.75, 0.75], "texture": "#2"},
				"down": {"uv": [1.0625, 10.75, 1, 10.8125], "texture": "#2"}
			}
		},
		{
			"from": [6.70726, -0.01068, 7.00642],
			"to": [6.93163, 0.23504, 7.2094],
			"rotation": {"angle": 0, "axis": "y", "origin": [6.82479, 0.13889, 7.03846]},
			"faces": {
				"north": {"uv": [10.75, 1, 10.8125, 1.0625], "texture": "#2"},
				"east": {"uv": [1.25, 10.75, 1.3125, 10.8125], "texture": "#2"},
				"south": {"uv": [10.75, 1.25, 10.8125, 1.3125], "texture": "#2"},
				"west": {"uv": [1.5, 10.75, 1.5625, 10.8125], "texture": "#2"},
				"up": {"uv": [10.8125, 1.5625, 10.75, 1.5], "texture": "#2"},
				"down": {"uv": [1.8125, 10.75, 1.75, 10.8125], "texture": "#2"}
			}
		},
		{
			"name": "Стопа",
			"from": [8.8547, 0, 6.39744],
			"to": [9.49573, 0.8547, 6.86752],
			"rotation": {"angle": 0, "axis": "y", "origin": [9.60256, 0, 6.2906]},
			"faces": {
				"north": {"uv": [9.75, 0.75, 9.9375, 0.9375], "texture": "#2"},
				"east": {"uv": [5.75, 9.75, 5.875, 9.9375], "texture": "#2"},
				"south": {"uv": [9.75, 1, 9.9375, 1.1875], "texture": "#2"},
				"west": {"uv": [9.75, 5.75, 9.875, 5.9375], "texture": "#2"},
				"up": {"uv": [6.1875, 9.875, 6, 9.75], "texture": "#2"},
				"down": {"uv": [9.9375, 6, 9.75, 6.125], "texture": "#2"}
			}
		},
		{
			"name": "Целка",
			"from": [8.87607, 0.90812, 6.48291],
			"to": [9.47436, 2.68163, 7.12393],
			"rotation": {"angle": 45, "axis": "x", "origin": [9.60256, 0.97222, 6.37607]},
			"faces": {
				"north": {"uv": [1.5, 9.5, 1.625, 9.9375], "texture": "#2"},
				"east": {"uv": [8, 9, 8.1875, 9.4375], "texture": "#2"},
				"south": {"uv": [9.5, 1.5, 9.625, 1.9375], "texture": "#2"},
				"west": {"uv": [8.25, 9, 8.4375, 9.4375], "texture": "#2"},
				"up": {"uv": [6.625, 9.9375, 6.5, 9.75], "texture": "#2"},
				"down": {"uv": [9.875, 6.5, 9.75, 6.6875], "texture": "#2"}
			}
		},
		{
			"name": "ГоленьНиз",
			"from": [8.8547, 1.50641, 7.91453],
			"to": [9.49573, 2.16881, 8.66239],
			"rotation": {"angle": -22.5, "axis": "x", "origin": [9.60256, 1.29274, 7.80769]},
			"faces": {
				"north": {"uv": [2.25, 9.75, 2.4375, 9.9375], "texture": "#2"},
				"east": {"uv": [9.75, 2.25, 9.9375, 2.4375], "texture": "#2"},
				"south": {"uv": [2.5, 9.75, 2.6875, 9.9375], "texture": "#2"},
				"west": {"uv": [9.75, 2.5, 9.9375, 2.6875], "texture": "#2"},
				"up": {"uv": [2.9375, 9.9375, 2.75, 9.75], "texture": "#2"},
				"down": {"uv": [9.9375, 2.75, 9.75, 2.9375], "texture": "#2"}
			}
		},
		{
			"name": "ТащобедрМышца",
			"from": [8.7906, 4.28419, 6.65385],
			"to": [9.46367, 6.19657, 7.75428],
			"rotation": {"angle": 45, "axis": "x", "origin": [9.60256, 4.02778, 6.91026]},
			"faces": {
				"north": {"uv": [8.75, 6, 8.9375, 6.5], "texture": "#2"},
				"east": {"uv": [8.25, 2.5, 8.5, 3], "texture": "#2"},
				"south": {"uv": [8.75, 6.75, 8.9375, 7.25], "texture": "#2"},
				"west": {"uv": [8.25, 5, 8.5, 5.5], "texture": "#2"},
				"up": {"uv": [9.6875, 4, 9.5, 3.75], "texture": "#2"},
				"down": {"uv": [9.6875, 4, 9.5, 4.25], "texture": "#2"}
			}
		},
		{
			"name": "ТазобедреннаяКость",
			"from": [8.77991, 4.03846, 6.67522],
			"to": [9.57051, 6.3141, 7.66881],
			"rotation": {"angle": 22.5, "axis": "x", "origin": [9.60256, 4.03846, 6.63248]},
			"faces": {
				"north": {"uv": [8.5, 8.5, 8.6875, 9.0625], "texture": "#2"},
				"east": {"uv": [7.75, 7.75, 8, 8.3125], "texture": "#2"},
				"south": {"uv": [0, 8.75, 0.1875, 9.3125], "texture": "#2"},
				"west": {"uv": [8, 0, 8.25, 0.5625], "texture": "#2"},
				"up": {"uv": [9.6875, 5, 9.5, 4.75], "texture": "#2"},
				"down": {"uv": [9.6875, 5, 9.5, 5.25], "texture": "#2"}
			}
		},
		{
			"name": "ГоленьВерх",
			"from": [8.76923, 2.94872, 7.13462],
			"to": [9.58119, 4.12393, 8.10684],
			"rotation": {"angle": -22.5, "axis": "x", "origin": [9.60256, 2.84188, 7.17736]},
			"faces": {
				"north": {"uv": [9.25, 8.5, 9.4375, 8.8125], "texture": "#2"},
				"east": {"uv": [9.25, 1.5, 9.5, 1.8125], "texture": "#2"},
				"south": {"uv": [9, 9.25, 9.1875, 9.5625], "texture": "#2"},
				"west": {"uv": [9.25, 2, 9.5, 2.3125], "texture": "#2"},
				"up": {"uv": [9.6875, 5.5, 9.5, 5.25], "texture": "#2"},
				"down": {"uv": [9.6875, 5.5, 9.5, 5.75], "texture": "#2"}
			}
		},
		{
			"name": "ГоленьСеред",
			"from": [8.88675, 2.10469, 7.61539],
			"to": [9.46367, 3.02351, 8.29915],
			"rotation": {"angle": -22.5, "axis": "x", "origin": [9.60256, 2.10469, 7.4765]},
			"faces": {
				"north": {"uv": [5, 9.75, 5.125, 10], "texture": "#2"},
				"east": {"uv": [9.5, 6.25, 9.6875, 6.5], "texture": "#2"},
				"south": {"uv": [9.75, 5, 9.875, 5.25], "texture": "#2"},
				"west": {"uv": [9.5, 6.5, 9.6875, 6.75], "texture": "#2"},
				"up": {"uv": [7.375, 9.9375, 7.25, 9.75], "texture": "#2"},
				"down": {"uv": [9.875, 7.25, 9.75, 7.4375], "texture": "#2"}
			}
		},
		{
			"from": [8.75855, -0.01035, 5.89611],
			"to": [8.9188, 0.18196, 6.41961],
			"rotation": {"angle": 0, "axis": "y", "origin": [8.8547, 0.05341, 6.23719]},
			"faces": {
				"north": {"uv": [3.5, 10.5, 3.5625, 10.5625], "texture": "#2"},
				"east": {"uv": [9.25, 10, 9.375, 10.0625], "texture": "#2"},
				"south": {"uv": [10.5, 3.5, 10.5625, 3.5625], "texture": "#2"},
				"west": {"uv": [10, 9.25, 10.125, 9.3125], "texture": "#2"},
				"up": {"uv": [9.5625, 10.125, 9.5, 10], "texture": "#2"},
				"down": {"uv": [10.0625, 9.5, 10, 9.625], "texture": "#2"}
			}
		},
		{
			"from": [8.76923, -0.00328, 6.29108],
			"to": [8.92949, 0.37065, 6.48338],
			"rotation": {"angle": 0, "axis": "y", "origin": [8.8547, 0.19231, 6.40813]},
			"faces": {
				"north": {"uv": [3.75, 10.5, 3.8125, 10.5625], "texture": "#2"},
				"east": {"uv": [10.5, 3.75, 10.5625, 3.8125], "texture": "#2"},
				"south": {"uv": [4, 10.5, 4.0625, 10.5625], "texture": "#2"},
				"west": {"uv": [10.5, 4, 10.5625, 4.0625], "texture": "#2"},
				"up": {"uv": [4.3125, 10.5625, 4.25, 10.5], "texture": "#2"},
				"down": {"uv": [10.5625, 4.25, 10.5, 4.3125], "texture": "#2"}
			}
		},
		{
			"from": [8.7906, 0.29915, 6.45086],
			"to": [8.9188, 0.69445, 6.65385],
			"rotation": {"angle": 45, "axis": "x", "origin": [8.8547, 0.52351, 6.45086]},
			"faces": {
				"north": {"uv": [9.75, 10, 9.8125, 10.125], "texture": "#2"},
				"east": {"uv": [10, 9.75, 10.0625, 9.875], "texture": "#2"},
				"south": {"uv": [10, 10, 10.0625, 10.125], "texture": "#2"},
				"west": {"uv": [0, 10.25, 0.0625, 10.375], "texture": "#2"},
				"up": {"uv": [4.5625, 10.5625, 4.5, 10.5], "texture": "#2"},
				"down": {"uv": [10.5625, 4.5, 10.5, 4.5625], "texture": "#2"}
			}
		},
		{
			"from": [8.96154, 0.0641, 6.2906],
			"to": [9.21795, 0.7906, 6.60043],
			"rotation": {"angle": 22.5, "axis": "x", "origin": [9.06838, 0.53419, 6.39744]},
			"faces": {
				"north": {"uv": [0.25, 10, 0.3125, 10.1875], "texture": "#2"},
				"east": {"uv": [10, 0.25, 10.0625, 0.4375], "texture": "#2"},
				"south": {"uv": [0.5, 10, 0.5625, 10.1875], "texture": "#2"},
				"west": {"uv": [10, 0.5, 10.0625, 0.6875], "texture": "#2"},
				"up": {"uv": [6.0625, 10.5625, 6, 10.5], "texture": "#2"},
				"down": {"uv": [10.5625, 6, 10.5, 6.0625], "texture": "#2"}
			}
		},
		{
			"from": [8.99358, 0.08581, 5.68243],
			"to": [9.18589, 0.2888, 6.13115],
			"rotation": {"angle": -22.5, "axis": "x", "origin": [9.06838, 0.18163, 5.94872]},
			"faces": {
				"north": {"uv": [6.25, 10.5, 6.3125, 10.5625], "texture": "#2"},
				"east": {"uv": [10.25, 1, 10.375, 1.0625], "texture": "#2"},
				"south": {"uv": [10.5, 6.25, 10.5625, 6.3125], "texture": "#2"},
				"west": {"uv": [1.25, 10.25, 1.375, 10.3125], "texture": "#2"},
				"up": {"uv": [10.3125, 1.375, 10.25, 1.25], "texture": "#2"},
				"down": {"uv": [1.5625, 10.25, 1.5, 10.375], "texture": "#2"}
			}
		},
		{
			"from": [8.95085, 0.07479, 6.17308],
			"to": [9.22863, 0.29915, 6.6218],
			"rotation": {"angle": 22.5, "axis": "x", "origin": [9.06838, 0.57692, 6.27992]},
			"faces": {
				"north": {"uv": [6.5, 10.5, 6.5625, 10.5625], "texture": "#2"},
				"east": {"uv": [10.25, 1.5, 10.375, 1.5625], "texture": "#2"},
				"south": {"uv": [10.5, 6.5, 10.5625, 6.5625], "texture": "#2"},
				"west": {"uv": [1.75, 10.25, 1.875, 10.3125], "texture": "#2"},
				"up": {"uv": [10.3125, 1.875, 10.25, 1.75], "texture": "#2"},
				"down": {"uv": [2.0625, 10.25, 2, 10.375], "texture": "#2"}
			}
		},
		{
			"from": [9.26068, 0.07479, 6.36539],
			"to": [9.43162, 0.67308, 6.58975],
			"rotation": {"angle": 22.5, "axis": "x", "origin": [9.32479, 0.52351, 6.38676]},
			"faces": {
				"north": {"uv": [10.25, 2, 10.3125, 2.125], "texture": "#2"},
				"east": {"uv": [2.25, 10.25, 2.3125, 10.375], "texture": "#2"},
				"south": {"uv": [10.25, 2.25, 10.3125, 2.375], "texture": "#2"},
				"west": {"uv": [2.5, 10.25, 2.5625, 10.375], "texture": "#2"},
				"up": {"uv": [6.8125, 10.5625, 6.75, 10.5], "texture": "#2"},
				"down": {"uv": [10.5625, 6.75, 10.5, 6.8125], "texture": "#2"}
			}
		},
		{
			"from": [9.24999, 0.08547, 6.24787],
			"to": [9.4423, 0.28847, 6.61111],
			"rotation": {"angle": 22.5, "axis": "x", "origin": [9.32479, 0.56624, 6.26923]},
			"faces": {
				"north": {"uv": [7, 10.5, 7.0625, 10.5625], "texture": "#2"},
				"east": {"uv": [10.5, 7, 10.5625, 7.0625], "texture": "#2"},
				"south": {"uv": [7.25, 10.5, 7.3125, 10.5625], "texture": "#2"},
				"west": {"uv": [10.5, 7.25, 10.5625, 7.3125], "texture": "#2"},
				"up": {"uv": [7.5625, 10.5625, 7.5, 10.5], "texture": "#2"},
				"down": {"uv": [10.5625, 7.5, 10.5, 7.5625], "texture": "#2"}
			}
		},
		{
			"from": [9.29273, 0.06444, 5.84268],
			"to": [9.39957, 0.24606, 6.20593],
			"rotation": {"angle": -22.5, "axis": "x", "origin": [9.32479, 0.13889, 6.02351]},
			"faces": {
				"north": {"uv": [7.75, 10.5, 7.8125, 10.5625], "texture": "#2"},
				"east": {"uv": [10.5, 7.75, 10.5625, 7.8125], "texture": "#2"},
				"south": {"uv": [8, 10.5, 8.0625, 10.5625], "texture": "#2"},
				"west": {"uv": [10.5, 8, 10.5625, 8.0625], "texture": "#2"},
				"up": {"uv": [8.3125, 10.5625, 8.25, 10.5], "texture": "#2"},
				"down": {"uv": [10.5625, 8.25, 10.5, 8.3125], "texture": "#2"}
			}
		},
		{
			"from": [9.47436, 0.30983, 6.44017],
			"to": [9.62393, 0.67308, 6.64317],
			"rotation": {"angle": 0, "axis": "y", "origin": [9.53846, 0.52351, 6.45086]},
			"faces": {
				"north": {"uv": [8.5, 10.5, 8.5625, 10.5625], "texture": "#2"},
				"east": {"uv": [10.5, 8.5, 10.5625, 8.5625], "texture": "#2"},
				"south": {"uv": [8.75, 10.5, 8.8125, 10.5625], "texture": "#2"},
				"west": {"uv": [10.5, 8.75, 10.5625, 8.8125], "texture": "#2"},
				"up": {"uv": [9.0625, 10.5625, 9, 10.5], "texture": "#2"},
				"down": {"uv": [10.5625, 9, 10.5, 9.0625], "texture": "#2"}
			}
		},
		{
			"from": [9.46367, 0.00741, 6.38724],
			"to": [9.6453, 0.37065, 6.59022],
			"rotation": {"angle": 22.5, "axis": "x", "origin": [9.53846, 0.19231, 6.50428]},
			"faces": {
				"north": {"uv": [9.25, 10.5, 9.3125, 10.5625], "texture": "#2"},
				"east": {"uv": [10.5, 9.25, 10.5625, 9.3125], "texture": "#2"},
				"south": {"uv": [9.5, 10.5, 9.5625, 10.5625], "texture": "#2"},
				"west": {"uv": [10.5, 9.5, 10.5625, 9.5625], "texture": "#2"},
				"up": {"uv": [9.8125, 10.5625, 9.75, 10.5], "texture": "#2"},
				"down": {"uv": [10.5625, 9.75, 10.5, 9.8125], "texture": "#2"}
			}
		},
		{
			"from": [9.5064, -0.01035, 6.15252],
			"to": [9.61324, 0.11786, 6.51576],
			"rotation": {"angle": 0, "axis": "y", "origin": [9.53846, 0.05341, 6.33334]},
			"faces": {
				"north": {"uv": [10, 10.5, 10.0625, 10.5625], "texture": "#2"},
				"east": {"uv": [10.5, 10, 10.5625, 10.0625], "texture": "#2"},
				"south": {"uv": [10.25, 10.5, 10.3125, 10.5625], "texture": "#2"},
				"west": {"uv": [10.5, 10.25, 10.5625, 10.3125], "texture": "#2"},
				"up": {"uv": [10.5625, 10.5625, 10.5, 10.5], "texture": "#2"},
				"down": {"uv": [0.0625, 10.75, 0, 10.8125], "texture": "#2"}
			}
		},
		{
			"from": [9.06838, -0.01068, 7.00642],
			"to": [9.29274, 0.23504, 7.2094],
			"rotation": {"angle": 0, "axis": "y", "origin": [9.17521, 0.13889, 7.03846]},
			"faces": {
				"north": {"uv": [10.75, 0, 10.8125, 0.0625], "texture": "#2"},
				"east": {"uv": [0.25, 10.75, 0.3125, 10.8125], "texture": "#2"},
				"south": {"uv": [10.75, 0.25, 10.8125, 0.3125], "texture": "#2"},
				"west": {"uv": [0.5, 10.75, 0.5625, 10.8125], "texture": "#2"},
				"up": {"uv": [10.8125, 0.5625, 10.75, 0.5], "texture": "#2"},
				"down": {"uv": [0.8125, 10.75, 0.75, 10.8125], "texture": "#2"}
			}
		},
		{
			"from": [9.07905, 0.04274, 6.88889],
			"to": [9.28205, 0.43804, 7.11325],
			"rotation": {"angle": -45, "axis": "x", "origin": [9.17521, 0.21368, 6.92095]},
			"faces": {
				"north": {"uv": [10.25, 3, 10.3125, 3.125], "texture": "#2"},
				"east": {"uv": [3.25, 10.25, 3.3125, 10.375], "texture": "#2"},
				"south": {"uv": [10.25, 3.25, 10.3125, 3.375], "texture": "#2"},
				"west": {"uv": [3.5, 10.25, 3.5625, 10.375], "texture": "#2"},
				"up": {"uv": [10.8125, 1.8125, 10.75, 1.75], "texture": "#2"},
				"down": {"uv": [2.0625, 10.75, 2, 10.8125], "texture": "#2"}
			}
		},
		{
			"name": "ЛевоПерепонка",
			"from": [7.03269, 2.31, 7.27813],
			"to": [7.03269, 4.90875, 10.31],
			"rotation": {"angle": 0, "axis": "y", "origin": [6.45519, 2.31, 7.27813]},
			"faces": {
				"north": {"uv": [0, 0, 0, 0.625], "texture": "#2"},
				"east": {"uv": [4.75, 6, 5.5, 6.625], "texture": "#2"},
				"south": {"uv": [0, 0, 0, 0.625], "texture": "#2"},
				"west": {"uv": [5.5, 6, 6.25, 6.625], "texture": "#2"},
				"up": {"uv": [0, 0.75, 0, 0], "texture": "#2"},
				"down": {"uv": [0, 0, 0, 0.75], "texture": "#2"}
			}
		},
		{
			"name": "ПравоПерепонка",
			"from": [8.96731, 2.31, 7.27813],
			"to": [8.96731, 4.90875, 10.31],
			"rotation": {"angle": 0, "axis": "y", "origin": [9.54481, 2.31, 7.27813]},
			"faces": {
				"north": {"uv": [0, 0, 0, 0.625], "texture": "#2"},
				"east": {"uv": [0, 6.25, 0.75, 6.875], "texture": "#2"},
				"south": {"uv": [0, 0, 0, 0.625], "texture": "#2"},
				"west": {"uv": [6.25, 6, 7, 6.625], "texture": "#2"},
				"up": {"uv": [0, 0.75, 0, 0], "texture": "#2"},
				"down": {"uv": [0, 0, 0, 0.75], "texture": "#2"}
			}
		}
	],
	"groups": [
		{
			"name": "Эувия",
			"origin": [7.57265, 5.77991, 3.64103],
			"color": 0,
			"children": [
				{
					"name": "Хвост",
					"origin": [6.39744, 0, 6.2906],
					"color": 0,
					"children": [
						{
							"name": "ХвостовыеПлавники",
							"origin": [6.39744, 0, 6.2906],
							"color": 0,
							"children": [0, 1, 2]
						},
						3,
						4,
						5,
						6,
						7,
						8,
						9
					]
				},
				{
					"name": "Туловище",
					"origin": [6.39744, 0, 6.2906],
					"color": 0,
					"children": [10, 11, 12]
				},
				{
					"name": "Голова",
					"origin": [6.39744, 0, 6.2906],
					"color": 0,
					"children": [
						{
							"name": "Рожки",
							"origin": [6.39744, 0, 6.2906],
							"color": 0,
							"children": [13, 14, 15, 16, 17, 18, 19, 20, 21, 22, 23, 24, 25, 26, 27, 28, 29, 30, 31, 32, 33, 34, 35, 36, 37, 38]
						},
						{
							"name": "Череп",
							"origin": [6.39744, 0, 6.2906],
							"color": 0,
							"children": [39, 40, 41, 42, 43, 44, 45, 46]
						}
					]
				},
				{
					"name": "Шея",
					"origin": [9.60256, 0, 6.2906],
					"color": 0,
					"children": [47, 48, 49, 50, 51, 52, 53]
				},
				{
					"name": "ЗадниеКрылья",
					"origin": [9.60256, 0.97222, 6.37607],
					"color": 0,
					"children": [
						{
							"name": "ЛевыеКрылья",
							"origin": [9.60256, 0.97222, 6.37607],
							"color": 0,
							"children": [54, 55, 56, 57, 58, 59, 60, 61]
						},
						{
							"name": "ПравыеКрылья",
							"origin": [6.39744, 0.97222, 6.37607],
							"color": 0,
							"children": [62, 63, 64, 65, 66, 67, 68, 69]
						}
					]
				},
				{
					"name": "ПередниеКрылья",
					"origin": [9.60256, 0.97222, 6.37607],
					"color": 0,
					"children": [
						{
							"name": "ЛевыеКрылья",
							"origin": [9.60256, 0.97222, 6.37607],
							"color": 0,
							"children": [70, 71, 72, 73]
						},
						{
							"name": "ПравыеКрылья",
							"origin": [6.39744, 0.97222, 6.37607],
							"color": 0,
							"children": [74, 75, 76, 77]
						}
					]
				},
				{
					"name": "ЗадниеКонечности",
					"origin": [9.60256, 0.97222, 6.37607],
					"color": 0,
					"children": [
						{
							"name": "ЛевыеЛапы",
							"origin": [9.60256, 0.97222, 6.37607],
							"color": 0,
							"children": [
								78,
								79,
								80,
								81,
								82,
								83,
								84,
								{
									"name": "Когти",
									"origin": [9.60256, 0.97222, 6.37607],
									"color": 0,
									"children": [85, 86, 87, 88, 89, 90, 91, 92, 93, 94, 95, 96, 97, 98]
								}
							]
						},
						{
							"name": "ПравыеЛапы",
							"origin": [9.60256, 0.97222, 6.37607],
							"color": 0,
							"children": [
								99,
								100,
								101,
								102,
								103,
								104,
								105,
								{
									"name": "Когти",
									"origin": [9.60256, 0.97222, 6.37607],
									"color": 0,
									"children": [106, 107, 108, 109, 110, 111, 112, 113, 114, 115, 116, 117, 118, 119]
								}
							]
						},
						120,
						121
					]
				}
			]
		}
	]
}