{
	"format_version": "1.9.0",
	"credit": "Made with Blockbench",
	"texture_size": [64, 64],
	"textures": {
		"3": "euvia_pattern_b",
		"particle": "euvia_pattern_a"
	},
	"elements": [
		{
			"from": [2.20191, 0.2485, 11.33019],
			"to": [6.80661, 0.2485, 13.84145],
			"rotation": {"angle": 22.5, "axis": "y", "origin": [3.84914, 0.51004, 13.89294]},
			"faces": {
				"north": {"uv": [0, 1.125, 0, 0], "rotation": 270, "texture": "#3"},
				"east": {"uv": [0, 0, 0, 0.625], "rotation": 90, "texture": "#3"},
				"south": {"uv": [0, 0, 0, 1.125], "rotation": 270, "texture": "#3"},
				"west": {"uv": [0, 0, 0, 0.625], "rotation": 270, "texture": "#3"},
				"up": {"uv": [5.5, 4.5, 6.625, 5.125], "texture": "#3"},
				"down": {"uv": [5.5, 5.25, 6.625, 5.875], "rotation": 180, "texture": "#3"}
			}
		},
		{
			"from": [2.10577, 0.08203, 13.93349],
			"to": [6.91345, 0.08203, 16.60443],
			"rotation": {"angle": 22.5, "axis": "y", "origin": [3.84914, 0.63504, 13.89294]},
			"faces": {
				"north": {"uv": [0, 1.1875, 0, 0], "rotation": 270, "texture": "#3"},
				"east": {"uv": [0, 0, 0, 0.6875], "rotation": 90, "texture": "#3"},
				"south": {"uv": [0, 0, 0, 1.1875], "rotation": 270, "texture": "#3"},
				"west": {"uv": [0, 0, 0, 0.6875], "rotation": 270, "texture": "#3"},
				"up": {"uv": [5.25, 0, 6.4375, 0.6875], "texture": "#3"},
				"down": {"uv": [5.25, 0.75, 6.4375, 1.4375], "rotation": 180, "texture": "#3"}
			}
		},
		{
			"from": [2.10577, 0.6535, 13.89116],
			"to": [6.91345, 0.6535, 16.5621],
			"rotation": {"angle": 22.5, "axis": "y", "origin": [3.84914, 0.63504, 13.61794]},
			"faces": {
				"north": {"uv": [0, 1.1875, 0, 0], "rotation": 270, "texture": "#3"},
				"east": {"uv": [0, 0, 0, 0.6875], "rotation": 90, "texture": "#3"},
				"south": {"uv": [0, 0, 0, 1.1875], "rotation": 270, "texture": "#3"},
				"west": {"uv": [0, 0, 0, 0.6875], "rotation": 270, "texture": "#3"},
				"up": {"uv": [5.5, 1.5, 6.6875, 2.1875], "texture": "#3"},
				"down": {"uv": [5.5, 2.25, 6.6875, 2.9375], "rotation": 180, "texture": "#3"}
			}
		},
		{
			"name": "Основание1",
			"from": [5.16196, 0.46196, 8.65833],
			"to": [7.29871, 2.38504, 9.94038],
			"rotation": {"angle": 22.5, "axis": "x", "origin": [6.01666, 0.99615, 8.65833]},
			"faces": {
				"north": {"uv": [6.5, 6.75, 7, 7.3125], "rotation": 90, "texture": "#3"},
				"east": {"uv": [8.25, 2, 7.75, 2.3125], "rotation": 270, "texture": "#3"},
				"south": {"uv": [0, 7, 0.5, 7.5625], "rotation": 270, "texture": "#3"},
				"west": {"uv": [8.25, 1.8125, 7.75, 1.5], "rotation": 270, "texture": "#3"},
				"up": {"uv": [7.5, 3.25, 7.8125, 3.8125], "rotation": 270, "texture": "#3"},
				"down": {"uv": [7.5, 5, 7.8125, 5.5625], "rotation": 270, "texture": "#3"}
			}
		},
		{
			"name": "ПослеОснов2",
			"from": [5.19252, 0.07201, 9.41218],
			"to": [7.01944, 1.525, 10.69423],
			"rotation": {"angle": 22.5, "axis": "y", "origin": [6.01517, 0.37115, 9.41218]},
			"faces": {
				"north": {"uv": [7.5, 4, 7.875, 4.4375], "rotation": 90, "texture": "#3"},
				"east": {"uv": [6.375, 8.25, 6, 8.5625], "rotation": 270, "texture": "#3"},
				"south": {"uv": [7.5, 6.25, 7.875, 6.6875], "rotation": 270, "texture": "#3"},
				"west": {"uv": [8.625, 5.8125, 8.25, 5.5], "rotation": 270, "texture": "#3"},
				"up": {"uv": [8.25, 0, 8.5625, 0.4375], "rotation": 270, "texture": "#3"},
				"down": {"uv": [8.25, 0.5, 8.5625, 0.9375], "rotation": 270, "texture": "#3"}
			}
		},
		{
			"name": "ПочтиСеред3",
			"from": [5.80834, 0.0359, 10.28029],
			"to": [7.31476, 1.21111, 11.7226],
			"rotation": {"angle": 0, "axis": "y", "origin": [6.51795, 0.19615, 11.55577]},
			"faces": {
				"north": {"uv": [8.25, 6.75, 8.5625, 7.125], "rotation": 90, "texture": "#3"},
				"east": {"uv": [8.8125, 1, 8.5, 1.375], "rotation": 270, "texture": "#3"},
				"south": {"uv": [8.25, 7.25, 8.5625, 7.625], "rotation": 270, "texture": "#3"},
				"west": {"uv": [8.3125, 8.625, 8, 8.25], "rotation": 270, "texture": "#3"},
				"up": {"uv": [2.75, 8, 3.125, 8.375], "rotation": 270, "texture": "#3"},
				"down": {"uv": [8, 3, 8.375, 3.375], "rotation": 270, "texture": "#3"}
			}
		},
		{
			"name": "СЧитайСеред4",
			"from": [5.93269, 0.0391, 11.50118],
			"to": [7.20406, 0.95791, 12.94349],
			"rotation": {"angle": -22.5, "axis": "y", "origin": [6.61795, 0.07115, 11.35577]},
			"faces": {
				"north": {"uv": [2.25, 9.25, 2.5, 9.5625], "rotation": 90, "texture": "#3"},
				"east": {"uv": [9, 7.75, 8.75, 8.125], "rotation": 270, "texture": "#3"},
				"south": {"uv": [2.5, 9.25, 2.75, 9.5625], "rotation": 270, "texture": "#3"},
				"west": {"uv": [9, 7.625, 8.75, 7.25], "rotation": 270, "texture": "#3"},
				"up": {"uv": [8.5, 1.5, 8.875, 1.8125], "rotation": 270, "texture": "#3"},
				"down": {"uv": [8.5, 2, 8.875, 2.3125], "rotation": 270, "texture": "#3"}
			}
		},
		{
			"name": "КонецНачало5",
			"from": [5.33077, -0.01111, 12.58867],
			"to": [6.44188, 0.75812, 14.05235],
			"rotation": {"angle": -45, "axis": "y", "origin": [5.96111, -0.05385, 12.7703]},
			"faces": {
				"north": {"uv": [9.5, 6.75, 9.6875, 7], "rotation": 90, "texture": "#3"},
				"east": {"uv": [9.4375, 3.75, 9.25, 4.125], "rotation": 270, "texture": "#3"},
				"south": {"uv": [7, 9.5, 7.1875, 9.75], "rotation": 270, "texture": "#3"},
				"west": {"uv": [3.9375, 9.625, 3.75, 9.25], "rotation": 270, "texture": "#3"},
				"up": {"uv": [8, 8.75, 8.375, 9], "rotation": 270, "texture": "#3"},
				"down": {"uv": [8.75, 8.25, 9.125, 8.5], "rotation": 270, "texture": "#3"}
			}
		},
		{
			"name": "ПредКонец6",
			"from": [3.74037, 0.05299, 13.55298],
			"to": [5.20405, 0.69401, 14.51452],
			"rotation": {"angle": 22.5, "axis": "y", "origin": [3.84914, 0.63504, 13.89294]},
			"faces": {
				"north": {"uv": [4.1875, 9.625, 4, 9.25], "rotation": 270, "texture": "#3"},
				"east": {"uv": [9.5, 7, 9.6875, 7.25], "rotation": 90, "texture": "#3"},
				"south": {"uv": [4.4375, 9.25, 4.25, 9.625], "rotation": 270, "texture": "#3"},
				"west": {"uv": [7.25, 9.5, 7.4375, 9.75], "rotation": 270, "texture": "#3"},
				"up": {"uv": [8.75, 8.5, 9.125, 8.75], "texture": "#3"},
				"down": {"uv": [8.75, 8.75, 9.125, 9], "rotation": 180, "texture": "#3"}
			}
		},
		{
			"name": "Кончик7",
			"from": [2.28739, 0.1064, 13.58504],
			"to": [3.75106, 0.6406, 14.2688],
			"rotation": {"angle": 22.5, "axis": "y", "origin": [3.84914, 0.63504, 13.89294]},
			"faces": {
				"north": {"uv": [9.625, 7.625, 9.5, 7.25], "rotation": 270, "texture": "#3"},
				"east": {"uv": [7.5, 9.75, 7.625, 9.9375], "rotation": 90, "texture": "#3"},
				"south": {"uv": [8.125, 9.5, 8, 9.875], "rotation": 270, "texture": "#3"},
				"west": {"uv": [9.75, 7.5, 9.875, 7.6875], "rotation": 270, "texture": "#3"},
				"up": {"uv": [9.25, 4.25, 9.625, 4.4375], "texture": "#3"},
				"down": {"uv": [9.25, 4.5, 9.625, 4.6875], "rotation": 180, "texture": "#3"}
			}
		},
		{
			"name": "Таз",
			"from": [5.09402, 0.20513, 6.61111],
			"to": [7.33761, 2.34188, 9.17521],
			"rotation": {"angle": 0, "axis": "y", "origin": [5.52137, 0.84615, 8]},
			"faces": {
				"north": {"uv": [3, 6.75, 3.5625, 7.3125], "rotation": 90, "texture": "#3"},
				"east": {"uv": [7.3125, 1.5, 6.75, 2.125], "rotation": 270, "texture": "#3"},
				"south": {"uv": [4.5, 6.75, 5.0625, 7.3125], "rotation": 270, "texture": "#3"},
				"west": {"uv": [4.3125, 7.125, 3.75, 6.5], "rotation": 270, "texture": "#3"},
				"up": {"uv": [6.5, 0.75, 7.125, 1.3125], "rotation": 270, "texture": "#3"},
				"down": {"uv": [1.5, 6.5, 2.125, 7.0625], "rotation": 270, "texture": "#3"}
			}
		},
		{
			"name": "Среднее",
			"from": [5.11539, -0.00171, 4.7842],
			"to": [7.58334, 2.34871, 6.6218],
			"rotation": {"angle": 0, "axis": "y", "origin": [5.64957, 0.74615, 5.44659]},
			"faces": {
				"north": {"uv": [2.25, 6.75, 2.8125, 7.375], "rotation": 90, "texture": "#3"},
				"east": {"uv": [7.8125, 0.5, 7.25, 0.9375], "rotation": 270, "texture": "#3"},
				"south": {"uv": [6.75, 2.25, 7.3125, 2.875], "rotation": 270, "texture": "#3"},
				"west": {"uv": [7.8125, 0.4375, 7.25, 0], "rotation": 270, "texture": "#3"},
				"up": {"uv": [7, 3, 7.4375, 3.625], "rotation": 270, "texture": "#3"},
				"down": {"uv": [7, 3.75, 7.4375, 4.375], "rotation": 270, "texture": "#3"}
			}
		},
		{
			"name": "ПередГрудь",
			"from": [4.81175, -0.11218, 3.52586],
			"to": [7.41859, 2.40918, 5.64124],
			"rotation": {"angle": 22.5, "axis": "y", "origin": [5.31389, 0.72115, 4.46603]},
			"faces": {
				"north": {"uv": [6.5, 0, 7.125, 0.625], "rotation": 90, "texture": "#3"},
				"east": {"uv": [6.375, 6.75, 5.75, 7.25], "rotation": 270, "texture": "#3"},
				"south": {"uv": [0.75, 6.5, 1.375, 7.125], "rotation": 270, "texture": "#3"},
				"west": {"uv": [7.375, 5.75, 6.75, 5.25], "rotation": 270, "texture": "#3"},
				"up": {"uv": [6.75, 4.5, 7.25, 5.125], "rotation": 270, "texture": "#3"},
				"down": {"uv": [5.25, 6.75, 5.75, 7.375], "rotation": 270, "texture": "#3"}
			}
		},
		{
			"name": "РогОснованиеЛ",
			"from": [1.0023, 0.18931, 4.24442],
			"to": [1.32282, 0.40299, 4.9816],
			"rotation": {"angle": 22.5, "axis": "y", "origin": [0.49145, 0.83034, 2.78975]},
			"faces": {
				"north": {"uv": [2.3125, 10.75, 2.25, 10.8125], "rotation": 270, "texture": "#3"},
				"east": {"uv": [1.5, 10, 1.5625, 10.1875], "rotation": 270, "texture": "#3"},
				"south": {"uv": [10.8125, 2.0625, 10.75, 2], "rotation": 270, "texture": "#3"},
				"west": {"uv": [1.25, 10, 1.3125, 10.1875], "rotation": 90, "texture": "#3"},
				"up": {"uv": [10, 1.25, 10.0625, 1.4375], "rotation": 180, "texture": "#3"},
				"down": {"uv": [10, 1.5, 10.0625, 1.6875], "texture": "#3"}
			}
		},
		{
			"name": "ЛевоВыростБ",
			"from": [2.2697, 0.03974, 3.14654],
			"to": [2.95345, 0.1359, 3.40294],
			"rotation": {"angle": -22.5, "axis": "y", "origin": [0.49145, 0.83034, 2.78975]},
			"faces": {
				"north": {"uv": [10.0625, 2, 10, 2.1875], "rotation": 270, "texture": "#3"},
				"east": {"uv": [2.5, 10.75, 2.5625, 10.8125], "rotation": 270, "texture": "#3"},
				"south": {"uv": [2.0625, 10.1875, 2, 10], "rotation": 270, "texture": "#3"},
				"west": {"uv": [10.75, 2.25, 10.8125, 2.3125], "rotation": 90, "texture": "#3"},
				"up": {"uv": [1.75, 10, 1.9375, 10.0625], "rotation": 180, "texture": "#3"},
				"down": {"uv": [10, 1.75, 10.1875, 1.8125], "texture": "#3"}
			}
		},
		{
			"name": "ЛевоВыростМ",
			"from": [2.75522, 0.05043, 3.31017],
			"to": [2.99025, 0.12521, 3.44905],
			"rotation": {"angle": -22.5, "axis": "y", "origin": [0.49145, 0.83034, 2.78975]},
			"faces": {
				"north": {"uv": [3.3125, 10.75, 3.25, 10.8125], "rotation": 270, "texture": "#3"},
				"east": {"uv": [10.75, 2.75, 10.8125, 2.8125], "rotation": 270, "texture": "#3"},
				"south": {"uv": [10.8125, 3.0625, 10.75, 3], "rotation": 270, "texture": "#3"},
				"west": {"uv": [10.75, 2.5, 10.8125, 2.5625], "rotation": 90, "texture": "#3"},
				"up": {"uv": [2.75, 10.75, 2.8125, 10.8125], "rotation": 180, "texture": "#3"},
				"down": {"uv": [3, 10.75, 3.0625, 10.8125], "texture": "#3"}
			}
		},
		{
			"name": "Стебель1Лево",
			"from": [0.55853, 0.42008, 4.65853],
			"to": [0.68674, 0.43077, 5.4705],
			"rotation": {"angle": 45, "axis": "y", "origin": [0.49145, 0.83034, 2.78975]},
			"faces": {
				"north": {"uv": [3.5625, 10.75, 3.5, 10.8125], "rotation": 270, "texture": "#3"},
				"east": {"uv": [2.5, 10, 2.5625, 10.1875], "rotation": 270, "texture": "#3"},
				"south": {"uv": [10.8125, 3.3125, 10.75, 3.25], "rotation": 270, "texture": "#3"},
				"west": {"uv": [2.25, 10, 2.3125, 10.1875], "rotation": 90, "texture": "#3"},
				"up": {"uv": [10, 2.25, 10.0625, 2.4375], "rotation": 180, "texture": "#3"},
				"down": {"uv": [10, 2.5, 10.0625, 2.6875], "texture": "#3"}
			}
		},
		{
			"name": "Стебель2Лево",
			"from": [1.57169, 0.42436, 5.19407],
			"to": [1.68921, 0.42436, 5.73894],
			"rotation": {"angle": 22.5, "axis": "y", "origin": [0.49145, 0.83034, 2.78975]},
			"faces": {
				"north": {"uv": [0, 0, 0, 0.0625], "rotation": 270, "texture": "#3"},
				"east": {"uv": [0, 0, 0, 0.125], "rotation": 270, "texture": "#3"},
				"south": {"uv": [0, 0.0625, 0, 0], "rotation": 270, "texture": "#3"},
				"west": {"uv": [0, 0, 0, 0.125], "rotation": 90, "texture": "#3"},
				"up": {"uv": [10.25, 3.75, 10.3125, 3.875], "rotation": 180, "texture": "#3"},
				"down": {"uv": [4, 10.25, 4.0625, 10.375], "texture": "#3"}
			}
		},
		{
			"name": "ШарикЛево",
			"from": [2.60619, 0.37094, 5.04524],
			"to": [2.7344, 0.48846, 5.17345],
			"rotation": {"angle": 0, "axis": "y", "origin": [0.49145, 0.83034, 2.78975]},
			"faces": {
				"north": {"uv": [4.3125, 10.75, 4.25, 10.8125], "rotation": 270, "texture": "#3"},
				"east": {"uv": [10.75, 3.75, 10.8125, 3.8125], "rotation": 270, "texture": "#3"},
				"south": {"uv": [10.8125, 4.0625, 10.75, 4], "rotation": 270, "texture": "#3"},
				"west": {"uv": [10.75, 3.5, 10.8125, 3.5625], "rotation": 90, "texture": "#3"},
				"up": {"uv": [3.75, 10.75, 3.8125, 10.8125], "rotation": 180, "texture": "#3"},
				"down": {"uv": [4, 10.75, 4.0625, 10.8125], "texture": "#3"}
			}
		},
		{
			"name": "РогВерхЛ",
			"from": [0.14408, 0.2, 5.01531],
			"to": [0.34708, 0.39231, 5.52813],
			"rotation": {"angle": 45, "axis": "y", "origin": [0.49145, 0.83034, 2.78975]},
			"faces": {
				"north": {"uv": [10.75, 4.25, 10.8125, 4.3125], "rotation": 90, "texture": "#3"},
				"east": {"uv": [4.5625, 10.25, 4.5, 10.375], "rotation": 270, "texture": "#3"},
				"south": {"uv": [4.5, 10.75, 4.5625, 10.8125], "rotation": 270, "texture": "#3"},
				"west": {"uv": [10.3125, 4.375, 10.25, 4.25], "rotation": 270, "texture": "#3"},
				"up": {"uv": [10.25, 4, 10.375, 4.0625], "rotation": 270, "texture": "#3"},
				"down": {"uv": [4.25, 10.25, 4.375, 10.3125], "rotation": 270, "texture": "#3"}
			}
		},
		{
			"name": "ШарикПраво",
			"from": [2.60619, 0.95854, 5.04524],
			"to": [2.7344, 1.07606, 5.17345],
			"rotation": {"angle": 0, "axis": "y", "origin": [0.49145, 0.83034, 2.78975]},
			"faces": {
				"north": {"uv": [5.8125, 10.75, 5.75, 10.8125], "rotation": 270, "texture": "#3"},
				"east": {"uv": [10.75, 5.25, 10.8125, 5.3125], "rotation": 270, "texture": "#3"},
				"south": {"uv": [10.8125, 5.5625, 10.75, 5.5], "rotation": 270, "texture": "#3"},
				"west": {"uv": [10.75, 5, 10.8125, 5.0625], "rotation": 90, "texture": "#3"},
				"up": {"uv": [5.25, 10.75, 5.3125, 10.8125], "rotation": 180, "texture": "#3"},
				"down": {"uv": [5.5, 10.75, 5.5625, 10.8125], "texture": "#3"}
			}
		},
		{
			"name": "ПравоВыростМ",
			"from": [2.75522, 1.32179, 3.31017],
			"to": [2.99025, 1.39657, 3.44905],
			"rotation": {"angle": -22.5, "axis": "y", "origin": [0.49145, 0.83034, 2.78975]},
			"faces": {
				"north": {"uv": [6.5625, 10.75, 6.5, 10.8125], "rotation": 270, "texture": "#3"},
				"east": {"uv": [10.75, 6, 10.8125, 6.0625], "rotation": 270, "texture": "#3"},
				"south": {"uv": [10.8125, 6.3125, 10.75, 6.25], "rotation": 270, "texture": "#3"},
				"west": {"uv": [10.75, 5.75, 10.8125, 5.8125], "rotation": 90, "texture": "#3"},
				"up": {"uv": [6, 10.75, 6.0625, 10.8125], "rotation": 180, "texture": "#3"},
				"down": {"uv": [6.25, 10.75, 6.3125, 10.8125], "texture": "#3"}
			}
		},
		{
			"name": "Стебель1Прав",
			"from": [0.55853, 1.01623, 4.65853],
			"to": [0.68674, 1.02692, 5.4705],
			"rotation": {"angle": 45, "axis": "y", "origin": [0.49145, 0.83034, 2.78975]},
			"faces": {
				"north": {"uv": [6.8125, 10.75, 6.75, 10.8125], "rotation": 270, "texture": "#3"},
				"east": {"uv": [3.5, 10, 3.5625, 10.1875], "rotation": 270, "texture": "#3"},
				"south": {"uv": [10.8125, 6.5625, 10.75, 6.5], "rotation": 270, "texture": "#3"},
				"west": {"uv": [3.25, 10, 3.3125, 10.1875], "rotation": 90, "texture": "#3"},
				"up": {"uv": [10, 3.25, 10.0625, 3.4375], "rotation": 180, "texture": "#3"},
				"down": {"uv": [10, 3.5, 10.0625, 3.6875], "texture": "#3"}
			}
		},
		{
			"name": "Стебель2Право",
			"from": [1.57169, 1.02264, 5.19407],
			"to": [1.68921, 1.02264, 5.73894],
			"rotation": {"angle": 22.5, "axis": "y", "origin": [0.49145, 0.83034, 2.78975]},
			"faces": {
				"north": {"uv": [0, 0, 0, 0.0625], "rotation": 270, "texture": "#3"},
				"east": {"uv": [0, 0, 0, 0.125], "rotation": 270, "texture": "#3"},
				"south": {"uv": [0, 0.0625, 0, 0], "rotation": 270, "texture": "#3"},
				"west": {"uv": [0, 0, 0, 0.125], "rotation": 90, "texture": "#3"},
				"up": {"uv": [10.25, 5, 10.3125, 5.125], "rotation": 180, "texture": "#3"},
				"down": {"uv": [5.25, 10.25, 5.3125, 10.375], "texture": "#3"}
			}
		},
		{
			"name": "РогОснованиеП",
			"from": [1.0023, 1.04401, 4.24442],
			"to": [1.32282, 1.25769, 4.9816],
			"rotation": {"angle": 22.5, "axis": "y", "origin": [0.49145, 0.83034, 2.78975]},
			"faces": {
				"north": {"uv": [7.0625, 10.75, 7, 10.8125], "rotation": 270, "texture": "#3"},
				"east": {"uv": [4, 10, 4.0625, 10.1875], "rotation": 270, "texture": "#3"},
				"south": {"uv": [10.8125, 6.8125, 10.75, 6.75], "rotation": 270, "texture": "#3"},
				"west": {"uv": [3.75, 10, 3.8125, 10.1875], "rotation": 90, "texture": "#3"},
				"up": {"uv": [10, 3.75, 10.0625, 3.9375], "rotation": 180, "texture": "#3"},
				"down": {"uv": [10, 4, 10.0625, 4.1875], "texture": "#3"}
			}
		},
		{
			"name": "ПравоВыростБ",
			"from": [2.2697, 1.3111, 3.14654],
			"to": [2.95345, 1.40726, 3.40294],
			"rotation": {"angle": -22.5, "axis": "y", "origin": [0.49145, 0.83034, 2.78975]},
			"faces": {
				"north": {"uv": [10.0625, 4.5, 10, 4.6875], "rotation": 270, "texture": "#3"},
				"east": {"uv": [7.25, 10.75, 7.3125, 10.8125], "rotation": 270, "texture": "#3"},
				"south": {"uv": [4.5625, 10.1875, 4.5, 10], "rotation": 270, "texture": "#3"},
				"west": {"uv": [10.75, 7, 10.8125, 7.0625], "rotation": 90, "texture": "#3"},
				"up": {"uv": [4.25, 10, 4.4375, 10.0625], "rotation": 180, "texture": "#3"},
				"down": {"uv": [10, 4.25, 10.1875, 4.3125], "texture": "#3"}
			}
		},
		{
			"name": "РогВерхП",
			"from": [0.14408, 1.05469, 5.01531],
			"to": [0.34708, 1.247, 5.52813],
			"rotation": {"angle": 45, "axis": "y", "origin": [0.49145, 0.83034, 2.78975]},
			"faces": {
				"north": {"uv": [10.75, 7.25, 10.8125, 7.3125], "rotation": 90, "texture": "#3"},
				"east": {"uv": [5.8125, 10.25, 5.75, 10.375], "rotation": 270, "texture": "#3"},
				"south": {"uv": [7.5, 10.75, 7.5625, 10.8125], "rotation": 270, "texture": "#3"},
				"west": {"uv": [10.3125, 5.625, 10.25, 5.5], "rotation": 270, "texture": "#3"},
				"up": {"uv": [10.25, 5.25, 10.375, 5.3125], "rotation": 270, "texture": "#3"},
				"down": {"uv": [5.5, 10.25, 5.625, 10.3125], "rotation": 270, "texture": "#3"}
			}
		},
		{
			"name": "Стебель1Верх",
			"from": [-1.02774, 0.7235, 2.3319],
			"to": [-0.85449, 0.7235, 3.05378],
			"rotation": {"angle": 0, "axis": "y", "origin": [0.49145, 0.83034, 2.78975]},
			"faces": {
				"north": {"uv": [0, 0, 0, 0.0625], "rotation": 270, "texture": "#3"},
				"east": {"uv": [0, 0, 0, 0.1875], "rotation": 270, "texture": "#3"},
				"south": {"uv": [0, 0.0625, 0, 0], "rotation": 270, "texture": "#3"},
				"west": {"uv": [0, 0, 0, 0.1875], "rotation": 90, "texture": "#3"},
				"up": {"uv": [6.25, 10, 6.3125, 10.1875], "rotation": 180, "texture": "#3"},
				"down": {"uv": [10, 6.25, 10.0625, 6.4375], "texture": "#3"}
			}
		},
		{
			"name": "Стебель1Низ",
			"from": [0.69971, 0.7235, 0.76313],
			"to": [1.16171, 0.7235, 0.90751],
			"rotation": {"angle": 22.5, "axis": "y", "origin": [1.04145, 0.83034, 2.63975]},
			"faces": {
				"north": {"uv": [0, 0, 0, 0.125], "rotation": 90, "texture": "#3"},
				"east": {"uv": [0, 0, 0, 0.0625], "rotation": 270, "texture": "#3"},
				"south": {"uv": [0, 0, 0, 0.125], "rotation": 270, "texture": "#3"},
				"west": {"uv": [0, 0.0625, 0, 0], "rotation": 270, "texture": "#3"},
				"up": {"uv": [10.25, 7.25, 10.3125, 7.375], "rotation": 270, "texture": "#3"},
				"down": {"uv": [7.5, 10.25, 7.5625, 10.375], "rotation": 270, "texture": "#3"}
			}
		},
		{
			"name": "Стебель2Низ",
			"from": [0.83243, 0.7235, 1.10003],
			"to": [1.35218, 0.7235, 1.2444],
			"rotation": {"angle": 22.5, "axis": "y", "origin": [1.04145, 0.83034, 2.63975]},
			"faces": {
				"north": {"uv": [0, 0, 0, 0.125], "rotation": 90, "texture": "#3"},
				"east": {"uv": [0, 0, 0, 0.0625], "rotation": 270, "texture": "#3"},
				"south": {"uv": [0, 0, 0, 0.125], "rotation": 270, "texture": "#3"},
				"west": {"uv": [0, 0.0625, 0, 0], "rotation": 270, "texture": "#3"},
				"up": {"uv": [10.25, 7.5, 10.3125, 7.625], "rotation": 270, "texture": "#3"},
				"down": {"uv": [7.75, 10.25, 7.8125, 10.375], "rotation": 270, "texture": "#3"}
			}
		},
		{
			"name": "Стебель3Низ",
			"from": [1.48949, 0.7235, 1.641],
			"to": [2.03811, 0.7235, 1.78537],
			"rotation": {"angle": 45, "axis": "y", "origin": [1.04145, 0.83034, 2.63975]},
			"faces": {
				"north": {"uv": [0, 0, 0, 0.125], "rotation": 90, "texture": "#3"},
				"east": {"uv": [0, 0, 0, 0.0625], "rotation": 270, "texture": "#3"},
				"south": {"uv": [0, 0, 0, 0.125], "rotation": 270, "texture": "#3"},
				"west": {"uv": [0, 0.0625, 0, 0], "rotation": 270, "texture": "#3"},
				"up": {"uv": [10.25, 7.75, 10.3125, 7.875], "rotation": 270, "texture": "#3"},
				"down": {"uv": [8, 10.25, 8.0625, 10.375], "rotation": 270, "texture": "#3"}
			}
		},
		{
			"name": "Стебель2Верх",
			"from": [-0.4358, 0.7235, 2.63509],
			"to": [-0.23368, 0.7235, 3.53021],
			"rotation": {"angle": 0, "axis": "y", "origin": [0.49145, 0.83034, 2.78975]},
			"faces": {
				"north": {"uv": [0, 0, 0, 0.0625], "rotation": 270, "texture": "#3"},
				"east": {"uv": [0, 0, 0, 0.25], "rotation": 270, "texture": "#3"},
				"south": {"uv": [0, 0.0625, 0, 0], "rotation": 270, "texture": "#3"},
				"west": {"uv": [0, 0, 0, 0.25], "rotation": 90, "texture": "#3"},
				"up": {"uv": [9.75, 9, 9.8125, 9.25], "rotation": 180, "texture": "#3"},
				"down": {"uv": [9.25, 9.75, 9.3125, 10], "texture": "#3"}
			}
		},
		{
			"name": "Стебель3Верх",
			"from": [0.17058, 0.7235, 3.28478],
			"to": [0.38714, 0.7235, 4.0644],
			"rotation": {"angle": 0, "axis": "y", "origin": [0.49145, 0.83034, 2.78975]},
			"faces": {
				"north": {"uv": [0, 0, 0, 0.0625], "rotation": 270, "texture": "#3"},
				"east": {"uv": [0, 0, 0, 0.1875], "rotation": 270, "texture": "#3"},
				"south": {"uv": [0, 0.0625, 0, 0], "rotation": 270, "texture": "#3"},
				"west": {"uv": [0, 0, 0, 0.1875], "rotation": 90, "texture": "#3"},
				"up": {"uv": [6.5, 10, 6.5625, 10.1875], "rotation": 180, "texture": "#3"},
				"down": {"uv": [10, 6.5, 10.0625, 6.6875], "texture": "#3"}
			}
		},
		{
			"name": "Шарик1Верх",
			"from": [-0.84472, 0.62725, 3.45462],
			"to": [-0.65222, 0.81975, 3.64712],
			"rotation": {"angle": -22.5, "axis": "y", "origin": [0.49145, 0.83034, 2.78975]},
			"faces": {
				"north": {"uv": [9.8125, 10.75, 9.75, 10.8125], "rotation": 270, "texture": "#3"},
				"east": {"uv": [10.75, 9.25, 10.8125, 9.3125], "rotation": 270, "texture": "#3"},
				"south": {"uv": [10.8125, 9.5625, 10.75, 9.5], "rotation": 270, "texture": "#3"},
				"west": {"uv": [10.75, 9, 10.8125, 9.0625], "rotation": 90, "texture": "#3"},
				"up": {"uv": [9.25, 10.75, 9.3125, 10.8125], "rotation": 180, "texture": "#3"},
				"down": {"uv": [9.5, 10.75, 9.5625, 10.8125], "texture": "#3"}
			}
		},
		{
			"name": "Шарик1Низ",
			"from": [1.70714, 0.6465, 0.90988],
			"to": [1.88039, 0.8005, 1.08313],
			"rotation": {"angle": 45, "axis": "y", "origin": [1.04145, 0.83034, 2.63975]},
			"faces": {
				"north": {"uv": [10.75, 9.75, 10.8125, 9.8125], "rotation": 90, "texture": "#3"},
				"east": {"uv": [10.5625, 10.75, 10.5, 10.8125], "rotation": 270, "texture": "#3"},
				"south": {"uv": [10.75, 10, 10.8125, 10.0625], "rotation": 270, "texture": "#3"},
				"west": {"uv": [10.8125, 10.3125, 10.75, 10.25], "rotation": 270, "texture": "#3"},
				"up": {"uv": [10, 10.75, 10.0625, 10.8125], "rotation": 270, "texture": "#3"},
				"down": {"uv": [10.25, 10.75, 10.3125, 10.8125], "rotation": 270, "texture": "#3"}
			}
		},
		{
			"name": "Шарик2Низ",
			"from": [1.82627, 0.6465, 1.29809],
			"to": [1.99952, 0.8005, 1.47134],
			"rotation": {"angle": 45, "axis": "y", "origin": [1.04145, 0.83034, 2.63975]},
			"faces": {
				"north": {"uv": [10.75, 10.5, 10.8125, 10.5625], "rotation": 90, "texture": "#3"},
				"east": {"uv": [11.0625, 0.25, 11, 0.3125], "rotation": 270, "texture": "#3"},
				"south": {"uv": [0, 11, 0.0625, 11.0625], "rotation": 270, "texture": "#3"},
				"west": {"uv": [0.3125, 11.0625, 0.25, 11], "rotation": 270, "texture": "#3"},
				"up": {"uv": [10.75, 10.75, 10.8125, 10.8125], "rotation": 270, "texture": "#3"},
				"down": {"uv": [11, 0, 11.0625, 0.0625], "rotation": 270, "texture": "#3"}
			}
		},
		{
			"name": "Шарик3Низ",
			"from": [0.4646, 0.62725, 1.25246],
			"to": [0.6571, 0.81975, 1.44496],
			"rotation": {"angle": -22.5, "axis": "y", "origin": [1.04145, 0.83034, 2.63975]},
			"faces": {
				"north": {"uv": [11.0625, 1, 11, 1.0625], "rotation": 270, "texture": "#3"},
				"east": {"uv": [0.75, 11, 0.8125, 11.0625], "rotation": 270, "texture": "#3"},
				"south": {"uv": [1.0625, 11.0625, 1, 11], "rotation": 270, "texture": "#3"},
				"west": {"uv": [0.5, 11, 0.5625, 11.0625], "rotation": 90, "texture": "#3"},
				"up": {"uv": [11, 0.5, 11.0625, 0.5625], "rotation": 180, "texture": "#3"},
				"down": {"uv": [11, 0.75, 11.0625, 0.8125], "texture": "#3"}
			}
		},
		{
			"name": "Шарик2Верх",
			"from": [-0.11069, 0.6157, 3.6635],
			"to": [0.10106, 0.82745, 3.87525],
			"rotation": {"angle": -22.5, "axis": "y", "origin": [0.49145, 0.83034, 2.78975]},
			"faces": {
				"north": {"uv": [11.0625, 1.75, 11, 1.8125], "rotation": 270, "texture": "#3"},
				"east": {"uv": [1.5, 11, 1.5625, 11.0625], "rotation": 270, "texture": "#3"},
				"south": {"uv": [1.8125, 11.0625, 1.75, 11], "rotation": 270, "texture": "#3"},
				"west": {"uv": [1.25, 11, 1.3125, 11.0625], "rotation": 90, "texture": "#3"},
				"up": {"uv": [11, 1.25, 11.0625, 1.3125], "rotation": 180, "texture": "#3"},
				"down": {"uv": [11, 1.5, 11.0625, 1.5625], "texture": "#3"}
			}
		},
		{
			"name": "Шарие3Верх",
			"from": [0.66017, 0.608, 3.96131],
			"to": [0.89117, 0.839, 4.19231],
			"rotation": {"angle": -22.5, "axis": "y", "origin": [0.49145, 0.83034, 2.78975]},
			"faces": {
				"north": {"uv": [11.0625, 2.5, 11, 2.5625], "rotation": 270, "texture": "#3"},
				"east": {"uv": [2.25, 11, 2.3125, 11.0625], "rotation": 270, "texture": "#3"},
				"south": {"uv": [2.5625, 11.0625, 2.5, 11], "rotation": 270, "texture": "#3"},
				"west": {"uv": [2, 11, 2.0625, 11.0625], "rotation": 90, "texture": "#3"},
				"up": {"uv": [11, 2, 11.0625, 2.0625], "rotation": 180, "texture": "#3"},
				"down": {"uv": [11, 2.25, 11.0625, 2.3125], "texture": "#3"}
			}
		},
		{
			"name": "Клюв3Низ",
			"from": [1.13338, 0.08248, 2.52697],
			"to": [1.60347, 1.36452, 4.43936],
			"rotation": {"angle": 45, "axis": "y", "origin": [1.04145, 0.83034, 2.63975]},
			"faces": {
				"north": {"uv": [9.5, 9.5, 9.8125, 9.625], "rotation": 90, "texture": "#3"},
				"east": {"uv": [8.0625, 1, 7.75, 1.5], "rotation": 270, "texture": "#3"},
				"south": {"uv": [9.75, 0, 10.0625, 0.125], "rotation": 270, "texture": "#3"},
				"west": {"uv": [0.3125, 8.25, 0, 7.75], "rotation": 270, "texture": "#3"},
				"up": {"uv": [9.25, 5.75, 9.75, 5.875], "rotation": 270, "texture": "#3"},
				"down": {"uv": [9.25, 6, 9.75, 6.125], "rotation": 270, "texture": "#3"}
			}
		},
		{
			"name": "Клюв4Верх",
			"from": [0.37867, 0.06111, 2.69782],
			"to": [1.22268, 1.38589, 3.38158],
			"rotation": {"angle": -22.5, "axis": "y", "origin": [0.49145, 0.83034, 2.78975]},
			"faces": {
				"north": {"uv": [8.8125, 9.25, 8.5, 9.4375], "rotation": 270, "texture": "#3"},
				"east": {"uv": [9.25, 8, 9.5625, 8.1875], "rotation": 270, "texture": "#3"},
				"south": {"uv": [9.5625, 8.4375, 9.25, 8.25], "rotation": 270, "texture": "#3"},
				"west": {"uv": [9.25, 7.75, 9.5625, 7.9375], "rotation": 90, "texture": "#3"},
				"up": {"uv": [3, 9.75, 3.1875, 9.9375], "rotation": 180, "texture": "#3"},
				"down": {"uv": [9.75, 3, 9.9375, 3.1875], "texture": "#3"}
			}
		},
		{
			"name": "Клюв5Верх",
			"from": [1.22268, -0.05641, 2.69782],
			"to": [2.34448, 1.50342, 3.46705],
			"rotation": {"angle": -22.5, "axis": "y", "origin": [0.49145, 0.83034, 2.78975]},
			"faces": {
				"north": {"uv": [6.375, 8.75, 6, 9], "rotation": 270, "texture": "#3"},
				"east": {"uv": [9.25, 3.5, 9.625, 3.6875], "rotation": 270, "texture": "#3"},
				"south": {"uv": [8.875, 6.75, 8.5, 6.5], "rotation": 270, "texture": "#3"},
				"west": {"uv": [3.25, 9.25, 3.625, 9.4375], "rotation": 90, "texture": "#3"},
				"up": {"uv": [9.5, 2, 9.75, 2.1875], "rotation": 180, "texture": "#3"},
				"down": {"uv": [9.5, 2.25, 9.75, 2.4375], "texture": "#3"}
			}
		},
		{
			"name": "Клюв2Низ",
			"from": [1.13338, 0.18931, 1.46927],
			"to": [1.53936, 1.25769, 2.52697],
			"rotation": {"angle": 45, "axis": "y", "origin": [1.04145, 0.83034, 2.63975]},
			"faces": {
				"north": {"uv": [4, 9.75, 4.25, 9.875], "rotation": 90, "texture": "#3"},
				"east": {"uv": [4.75, 6.5, 4.5, 6.75], "rotation": 270, "texture": "#3"},
				"south": {"uv": [4.25, 9.75, 4.5, 9.875], "rotation": 270, "texture": "#3"},
				"west": {"uv": [2.5, 6, 2.25, 5.75], "rotation": 270, "texture": "#3"},
				"up": {"uv": [9.75, 4, 10, 4.125], "rotation": 270, "texture": "#3"},
				"down": {"uv": [9.75, 4.25, 10, 4.375], "rotation": 270, "texture": "#3"}
			}
		},
		{
			"name": "Клюв3Верх",
			"from": [-0.25167, 0.16795, 2.69782],
			"to": [0.37867, 1.27906, 3.13585],
			"rotation": {"angle": -22.5, "axis": "y", "origin": [0.49145, 0.83034, 2.78975]},
			"faces": {
				"north": {"uv": [9.75, 2.75, 9.5, 2.9375], "rotation": 270, "texture": "#3"},
				"east": {"uv": [9.75, 4.5, 10, 4.625], "rotation": 270, "texture": "#3"},
				"south": {"uv": [9.75, 2.6875, 9.5, 2.5], "rotation": 270, "texture": "#3"},
				"west": {"uv": [4.5, 9.75, 4.75, 9.875], "rotation": 90, "texture": "#3"},
				"up": {"uv": [7, 9.75, 7.1875, 9.875], "rotation": 180, "texture": "#3"},
				"down": {"uv": [9.75, 7, 9.9375, 7.125], "texture": "#3"}
			}
		},
		{
			"name": "Клюв2Верх",
			"from": [-0.67903, 0.18931, 2.69782],
			"to": [-0.25167, 1.25769, 3.02901],
			"rotation": {"angle": -22.5, "axis": "y", "origin": [0.49145, 0.83034, 2.78975]},
			"faces": {
				"north": {"uv": [10, 4.75, 9.75, 4.875], "rotation": 270, "texture": "#3"},
				"east": {"uv": [8.5, 9.75, 8.75, 9.8125], "rotation": 270, "texture": "#3"},
				"south": {"uv": [5, 9.875, 4.75, 9.75], "rotation": 270, "texture": "#3"},
				"west": {"uv": [9.75, 8.25, 10, 8.3125], "rotation": 90, "texture": "#3"},
				"up": {"uv": [10.25, 3.5, 10.375, 3.5625], "rotation": 180, "texture": "#3"},
				"down": {"uv": [3.75, 10.25, 3.875, 10.3125], "texture": "#3"}
			}
		},
		{
			"name": "Клюв1Низ",
			"from": [1.13338, 0.29615, 0.42228],
			"to": [1.46458, 1.15085, 1.46927],
			"rotation": {"angle": 45, "axis": "y", "origin": [1.04145, 0.83034, 2.63975]},
			"faces": {
				"north": {"uv": [0.75, 10, 0.9375, 10.0625], "rotation": 90, "texture": "#3"},
				"east": {"uv": [3.4375, 9.5, 3.25, 9.75], "rotation": 270, "texture": "#3"},
				"south": {"uv": [10, 0.75, 10.1875, 0.8125], "rotation": 270, "texture": "#3"},
				"west": {"uv": [9.6875, 3.25, 9.5, 3], "rotation": 270, "texture": "#3"},
				"up": {"uv": [9.75, 8.5, 10, 8.5625], "rotation": 270, "texture": "#3"},
				"down": {"uv": [8.75, 9.75, 9, 9.8125], "rotation": 270, "texture": "#3"}
			}
		},
		{
			"name": "Клюв1Верх",
			"from": [-1.72602, 0.29615, 2.68713],
			"to": [-0.67903, 1.15085, 2.95423],
			"rotation": {"angle": -22.5, "axis": "y", "origin": [0.49145, 0.83034, 2.78975]},
			"faces": {
				"north": {"uv": [3.6875, 9.5, 3.5, 9.75], "rotation": 270, "texture": "#3"},
				"east": {"uv": [10, 1, 10.1875, 1.0625], "rotation": 270, "texture": "#3"},
				"south": {"uv": [9.6875, 3.5, 9.5, 3.25], "rotation": 270, "texture": "#3"},
				"west": {"uv": [1, 10, 1.1875, 10.0625], "rotation": 90, "texture": "#3"},
				"up": {"uv": [9.75, 8.75, 10, 8.8125], "rotation": 180, "texture": "#3"},
				"down": {"uv": [9, 9.75, 9.25, 9.8125], "texture": "#3"}
			}
		},
		{
			"name": "Начало1",
			"from": [3.52799, 0.03696, 2.4171],
			"to": [5.37628, 1.96004, 4.09445],
			"rotation": {"angle": 45, "axis": "y", "origin": [4.70321, 0.57115, 2.4171]},
			"faces": {
				"north": {"uv": [7.25, 1, 7.75, 1.4375], "rotation": 90, "texture": "#3"},
				"east": {"uv": [6.5, 7.25, 6, 7.6875], "rotation": 270, "texture": "#3"},
				"south": {"uv": [7.25, 4.5, 7.75, 4.9375], "rotation": 270, "texture": "#3"},
				"west": {"uv": [7.75, 6.1875, 7.25, 5.75], "rotation": 270, "texture": "#3"},
				"up": {"uv": [2.75, 7.5, 3.1875, 7.9375], "rotation": 270, "texture": "#3"},
				"down": {"uv": [3.25, 7.5, 3.6875, 7.9375], "rotation": 270, "texture": "#3"}
			}
		},
		{
			"name": "Продл2",
			"from": [3.42799, 0.07201, 2.08697],
			"to": [5.03056, 1.525, 3.56133],
			"rotation": {"angle": 0, "axis": "y", "origin": [4.06902, 0.37115, 2.25791]},
			"faces": {
				"north": {"uv": [7.75, 2.5, 8.125, 2.875], "rotation": 90, "texture": "#3"},
				"east": {"uv": [8.125, 7.25, 7.75, 7.625], "rotation": 270, "texture": "#3"},
				"south": {"uv": [7.75, 5.75, 8.125, 6.125], "rotation": 270, "texture": "#3"},
				"west": {"uv": [8.125, 7.125, 7.75, 6.75], "rotation": 270, "texture": "#3"},
				"up": {"uv": [7.75, 4.5, 8.125, 4.875], "rotation": 270, "texture": "#3"},
				"down": {"uv": [6, 7.75, 6.375, 8.125], "rotation": 270, "texture": "#3"}
			}
		},
		{
			"name": "ПРодл3",
			"from": [2.31346, 0.10748, 2.53399],
			"to": [3.57414, 1.38952, 3.88014],
			"rotation": {"angle": 22.5, "axis": "y", "origin": [2.61261, 0.32115, 2.63013]},
			"faces": {
				"north": {"uv": [8.75, 0, 9.0625, 0.3125], "rotation": 90, "texture": "#3"},
				"east": {"uv": [9.0625, 4, 8.75, 4.3125], "rotation": 270, "texture": "#3"},
				"south": {"uv": [8.75, 3, 9.0625, 3.3125], "rotation": 270, "texture": "#3"},
				"west": {"uv": [9.0625, 3.8125, 8.75, 3.5], "rotation": 270, "texture": "#3"},
				"up": {"uv": [8.75, 0.5, 9.0625, 0.8125], "rotation": 270, "texture": "#3"},
				"down": {"uv": [3.25, 8.75, 3.5625, 9.0625], "rotation": 270, "texture": "#3"}
			}
		},
		{
			"name": "Конец4",
			"from": [1.85235, 0.07884, 2.57907],
			"to": [3.08099, 1.31816, 4.27779],
			"rotation": {"angle": -22.5, "axis": "y", "origin": [1.84167, 0.27115, 3.83975]},
			"faces": {
				"north": {"uv": [9.0625, 5, 8.75, 5.3125], "rotation": 270, "texture": "#3"},
				"east": {"uv": [8, 7.75, 8.3125, 8.1875], "rotation": 270, "texture": "#3"},
				"south": {"uv": [9.0625, 4.8125, 8.75, 4.5], "rotation": 270, "texture": "#3"},
				"west": {"uv": [8, 6.25, 8.3125, 6.6875], "rotation": 90, "texture": "#3"},
				"up": {"uv": [7, 8, 7.3125, 8.4375], "rotation": 180, "texture": "#3"},
				"down": {"uv": [0, 8.25, 0.3125, 8.6875], "texture": "#3"}
			}
		},
		{
			"name": "ГорлвойМешокБ",
			"from": [1.58866, 0.49813, 1.75115],
			"to": [2.85916, 1.24888, 3.36815],
			"rotation": {"angle": 22.5, "axis": "y", "origin": [2.88149, 0.8735, 2.23725]},
			"faces": {
				"north": {"uv": [0, 9.5, 0.1875, 9.8125], "rotation": 90, "texture": "#3"},
				"east": {"uv": [9.4375, 5.25, 9.25, 5.625], "rotation": 270, "texture": "#3"},
				"south": {"uv": [0.25, 9.5, 0.4375, 9.8125], "rotation": 270, "texture": "#3"},
				"west": {"uv": [9.4375, 5.125, 9.25, 4.75], "rotation": 270, "texture": "#3"},
				"up": {"uv": [8.5, 2.5, 8.875, 2.8125], "rotation": 270, "texture": "#3"},
				"down": {"uv": [2.75, 8.5, 3.125, 8.8125], "rotation": 270, "texture": "#3"}
			}
		},
		{
			"name": "ГорловойМешокСр",
			"from": [2.77914, 0.54144, 2.00746],
			"to": [4.04964, 1.20556, 2.72933],
			"rotation": {"angle": 22.5, "axis": "y", "origin": [2.83149, 0.8735, 2.11225]},
			"faces": {
				"north": {"uv": [0.5, 9.5, 0.6875, 9.8125], "rotation": 90, "texture": "#3"},
				"east": {"uv": [9.9375, 3.25, 9.75, 3.4375], "rotation": 270, "texture": "#3"},
				"south": {"uv": [0.75, 9.5, 0.9375, 9.8125], "rotation": 270, "texture": "#3"},
				"west": {"uv": [3.4375, 9.9375, 3.25, 9.75], "rotation": 270, "texture": "#3"},
				"up": {"uv": [9.5, 0.5, 9.6875, 0.8125], "rotation": 270, "texture": "#3"},
				"down": {"uv": [1, 9.5, 1.1875, 9.8125], "rotation": 270, "texture": "#3"}
			}
		},
		{
			"name": "ГорловойМешкМ",
			"from": [3.95359, 0.55588, 1.68428],
			"to": [4.66103, 1.19113, 2.13185],
			"rotation": {"angle": 0, "axis": "y", "origin": [2.85649, 0.8735, 1.51225]},
			"faces": {
				"north": {"uv": [3.5, 9.75, 3.6875, 9.9375], "rotation": 90, "texture": "#3"},
				"east": {"uv": [8.4375, 9.75, 8.25, 9.875], "rotation": 270, "texture": "#3"},
				"south": {"uv": [9.75, 3.5, 9.9375, 3.6875], "rotation": 270, "texture": "#3"},
				"west": {"uv": [9.9375, 8.125, 9.75, 8], "rotation": 270, "texture": "#3"},
				"up": {"uv": [7.75, 9.75, 7.875, 9.9375], "rotation": 270, "texture": "#3"},
				"down": {"uv": [9.75, 7.75, 9.875, 7.9375], "rotation": 270, "texture": "#3"}
			}
		},
		{
			"name": "ОснованиеМышца",
			"from": [5.2223, -0.44632, 5.14138],
			"to": [6.33118, 0.25618, 6.96888],
			"rotation": {"angle": -22.5, "axis": "z", "origin": [6.10793, -0.54069, 5.14138]},
			"faces": {
				"north": {"uv": [9.5, 8.75, 9.75, 8.9375], "rotation": 180, "texture": "#3"},
				"east": {"uv": [9.25, 0.25, 9.6875, 0.4375], "rotation": 180, "texture": "#3"},
				"south": {"uv": [9.25, 9.5, 9.5, 9.6875], "rotation": 180, "texture": "#3"},
				"west": {"uv": [0.25, 9.25, 0.6875, 9.4375], "rotation": 180, "texture": "#3"},
				"up": {"uv": [8.75, 6, 8.5, 6.4375], "rotation": 180, "texture": "#3"},
				"down": {"uv": [8.75, 5.4375, 8.5, 5], "rotation": 180, "texture": "#3"}
			}
		},
		{
			"name": "ПервыйСегмент",
			"from": [5.0072, -0.54038, 6.74398],
			"to": [7.02976, 0.06494, 12.55098],
			"rotation": {"angle": -45, "axis": "y", "origin": [7.77667, -0.12488, 7.59356]},
			"faces": {
				"north": {"uv": [9.25, 6.75, 9.375, 7.25], "rotation": 90, "texture": "#3"},
				"east": {"uv": [5.375, 7.5, 5.25, 8.9375], "rotation": 270, "texture": "#3"},
				"south": {"uv": [9.25, 7.25, 9.375, 7.75], "rotation": 270, "texture": "#3"},
				"west": {"uv": [5.125, 8.9375, 5, 7.5], "rotation": 270, "texture": "#3"},
				"up": {"uv": [5.5, 3.5, 6.9375, 4], "rotation": 270, "texture": "#3"},
				"down": {"uv": [5.5, 4, 6.9375, 4.5], "rotation": 270, "texture": "#3"}
			}
		},
		{
			"name": "ВторойСегмент",
			"from": [2.48404, -0.40444, 6.49492],
			"to": [8.86542, 0.11812, 9.27523],
			"rotation": {"angle": 22.5, "axis": "y", "origin": [8.27667, -0.12488, 7.09356]},
			"faces": {
				"north": {"uv": [2.25, 7.5, 2.375, 9.125], "rotation": 90, "texture": "#3"},
				"east": {"uv": [9.125, 7, 9, 7.6875], "rotation": 270, "texture": "#3"},
				"south": {"uv": [2.5, 7.5, 2.625, 9.125], "rotation": 270, "texture": "#3"},
				"west": {"uv": [6.875, 9.6875, 6.75, 9], "rotation": 270, "texture": "#3"},
				"up": {"uv": [4, 3.25, 4.6875, 4.875], "rotation": 270, "texture": "#3"},
				"down": {"uv": [0, 4.5, 0.6875, 6.125], "rotation": 270, "texture": "#3"}
			}
		},
		{
			"name": "КонецКрыла",
			"from": [5.695, -0.30345, 7.28146],
			"to": [8.67144, 0.14024, 15.79959],
			"rotation": {"angle": 45, "axis": "y", "origin": [7.95167, 0.02512, 7.09356]},
			"faces": {
				"north": {"uv": [2.75, 9, 2.875, 9.75], "rotation": 270, "texture": "#3"},
				"east": {"uv": [0.875, 9.375, 0.75, 7.25], "rotation": 90, "texture": "#3"},
				"south": {"uv": [3, 9, 3.125, 9.75], "rotation": 90, "texture": "#3"},
				"west": {"uv": [1.125, 7.25, 1, 9.375], "rotation": 90, "texture": "#3"},
				"up": {"uv": [1, 3, 3.125, 3.75], "rotation": 90, "texture": "#3"},
				"down": {"uv": [3, 0.75, 5.125, 1.5], "rotation": 90, "texture": "#3"}
			}
		},
		{
			"name": "ПалецБольш",
			"from": [8.5623, -0.22063, 6.53962],
			"to": [9.19755, 0.03925, 6.81394],
			"rotation": {"angle": -22.5, "axis": "y", "origin": [8.27667, -0.12488, 7.09356]},
			"faces": {
				"north": {"uv": [5.25, 10, 5.3125, 10.1875], "rotation": 90, "texture": "#3"},
				"east": {"uv": [8.3125, 10.75, 8.25, 10.8125], "rotation": 270, "texture": "#3"},
				"south": {"uv": [5.5, 10, 5.5625, 10.1875], "rotation": 270, "texture": "#3"},
				"west": {"uv": [10.8125, 8.0625, 10.75, 8], "rotation": 270, "texture": "#3"},
				"up": {"uv": [10, 5.25, 10.0625, 5.4375], "rotation": 270, "texture": "#3"},
				"down": {"uv": [10, 5.5, 10.0625, 5.6875], "rotation": 270, "texture": "#3"}
			}
		},
		{
			"name": "ПалецМеньш",
			"from": [8.64892, -0.365, 6.64069],
			"to": [9.11092, -0.2495, 6.84281],
			"rotation": {"angle": -22.5, "axis": "y", "origin": [8.27667, -0.12488, 7.09356]},
			"faces": {
				"north": {"uv": [10.25, 6.25, 10.3125, 6.375], "rotation": 90, "texture": "#3"},
				"east": {"uv": [8.5625, 10.75, 8.5, 10.8125], "rotation": 270, "texture": "#3"},
				"south": {"uv": [10.25, 6.5, 10.3125, 6.625], "rotation": 270, "texture": "#3"},
				"west": {"uv": [10.8125, 8.3125, 10.75, 8.25], "rotation": 270, "texture": "#3"},
				"up": {"uv": [6.5, 10.25, 6.5625, 10.375], "rotation": 270, "texture": "#3"},
				"down": {"uv": [6.75, 10.25, 6.8125, 10.375], "rotation": 270, "texture": "#3"}
			}
		},
		{
			"name": "КоготьМеньш",
			"from": [9.12424, -0.35056, 7.00067],
			"to": [9.58624, -0.26394, 7.15948],
			"rotation": {"angle": 0, "axis": "y", "origin": [8.27667, -0.12488, 7.09356]},
			"faces": {
				"north": {"uv": [10.25, 6.75, 10.3125, 6.875], "rotation": 90, "texture": "#3"},
				"east": {"uv": [8.8125, 10.75, 8.75, 10.8125], "rotation": 270, "texture": "#3"},
				"south": {"uv": [10.25, 7, 10.3125, 7.125], "rotation": 270, "texture": "#3"},
				"west": {"uv": [10.8125, 8.5625, 10.75, 8.5], "rotation": 270, "texture": "#3"},
				"up": {"uv": [7, 10.25, 7.0625, 10.375], "rotation": 270, "texture": "#3"},
				"down": {"uv": [7.25, 10.25, 7.3125, 10.375], "rotation": 270, "texture": "#3"}
			}
		},
		{
			"name": "КоготьБольш",
			"from": [9.17967, -0.19175, 6.93935],
			"to": [9.81492, 0.01037, 7.15592],
			"rotation": {"angle": 0, "axis": "y", "origin": [8.27667, -0.12488, 7.09356]},
			"faces": {
				"north": {"uv": [5.75, 10, 5.8125, 10.1875], "rotation": 90, "texture": "#3"},
				"east": {"uv": [9.0625, 10.75, 9, 10.8125], "rotation": 270, "texture": "#3"},
				"south": {"uv": [6, 10, 6.0625, 10.1875], "rotation": 270, "texture": "#3"},
				"west": {"uv": [10.8125, 8.8125, 10.75, 8.75], "rotation": 270, "texture": "#3"},
				"up": {"uv": [10, 5.75, 10.0625, 5.9375], "rotation": 270, "texture": "#3"},
				"down": {"uv": [10, 6, 10.0625, 6.1875], "rotation": 270, "texture": "#3"}
			}
		},
		{
			"name": "КонецКрыла",
			"from": [-4.25775, -0.01124, 8.1489],
			"to": [-1.28131, 0.43245, 16.66703],
			"rotation": {"angle": 0, "axis": "y", "origin": [-3.6713, 0.82538, 7.7185]},
			"faces": {
				"north": {"uv": [9, 1.75, 9.125, 1], "rotation": 270, "texture": "#3"},
				"east": {"uv": [7.125, 7.875, 7, 5.75], "rotation": 90, "texture": "#3"},
				"south": {"uv": [9, 2.5, 9.125, 1.75], "rotation": 90, "texture": "#3"},
				"west": {"uv": [0.625, 7, 0.5, 9.125], "rotation": 90, "texture": "#3"},
				"up": {"uv": [5.125, 0, 3, 0.75], "rotation": 270, "texture": "#3"},
				"down": {"uv": [3.125, 2.25, 1, 3], "rotation": 270, "texture": "#3"}
			}
		},
		{
			"name": "ОснованиеМышца",
			"from": [5.3473, 1.99082, 5.14138],
			"to": [6.45618, 2.69332, 6.96888],
			"rotation": {"angle": 0, "axis": "y", "origin": [6.23293, 2.78769, 5.14138]},
			"faces": {
				"north": {"uv": [9.5, 8.5, 9.75, 8.6875], "texture": "#3"},
				"east": {"uv": [8.75, 9, 9.1875, 9.1875], "texture": "#3"},
				"south": {"uv": [8.75, 9.5, 9, 9.6875], "texture": "#3"},
				"west": {"uv": [9.25, 0, 9.6875, 0.1875], "texture": "#3"},
				"up": {"uv": [8.75, 4.4375, 8.5, 4], "texture": "#3"},
				"down": {"uv": [8.75, 4.5, 8.5, 4.9375], "texture": "#3"}
			}
		},
		{
			"name": "ПервыйСегмент",
			"from": [0.79638, 2.33206, 5.28235],
			"to": [6.60338, 2.93738, 7.30491],
			"rotation": {"angle": 22.5, "axis": "z", "origin": [5.9963, 2.42538, 7.9185]},
			"faces": {
				"north": {"uv": [4.625, 8.9375, 4.5, 7.5], "rotation": 270, "texture": "#3"},
				"east": {"uv": [5.75, 9.25, 5.875, 9.75], "rotation": 90, "texture": "#3"},
				"south": {"uv": [4.875, 7.5, 4.75, 8.9375], "rotation": 270, "texture": "#3"},
				"west": {"uv": [9.25, 6.25, 9.375, 6.75], "rotation": 270, "texture": "#3"},
				"up": {"uv": [2.5, 5.5, 3.9375, 6], "texture": "#3"},
				"down": {"uv": [5.5, 3, 6.9375, 3.5], "rotation": 180, "texture": "#3"}
			}
		},
		{
			"name": "ВторойСегмент",
			"from": [-4.43703, 0.12888, 7.53583],
			"to": [1.94435, 0.65144, 10.31614],
			"rotation": {"angle": 22.5, "axis": "y", "origin": [-4.0213, -0.07462, 7.9185]},
			"faces": {
				"north": {"uv": [7.25, 7.875, 7.375, 6.25], "rotation": 90, "texture": "#3"},
				"east": {"uv": [5.625, 9, 5.5, 9.6875], "rotation": 270, "texture": "#3"},
				"south": {"uv": [7.5, 3.125, 7.625, 1.5], "rotation": 270, "texture": "#3"},
				"west": {"uv": [9.125, 6.1875, 9, 5.5], "rotation": 270, "texture": "#3"},
				"up": {"uv": [2.5, 5.375, 3.1875, 3.75], "rotation": 270, "texture": "#3"},
				"down": {"uv": [4, 3.125, 4.6875, 1.5], "rotation": 270, "texture": "#3"}
			}
		},
		{
			"name": "КоготьБольш",
			"from": [-5.48235, 0.23663, 8.03004],
			"to": [-4.8471, 0.43875, 8.24661],
			"rotation": {"angle": 45, "axis": "y", "origin": [-4.0213, -0.07462, 7.9185]},
			"faces": {
				"north": {"uv": [6.75, 10.1875, 6.8125, 10], "rotation": 90, "texture": "#3"},
				"east": {"uv": [2.8125, 11, 2.75, 11.0625], "rotation": 270, "texture": "#3"},
				"south": {"uv": [7, 10.1875, 7.0625, 10], "rotation": 270, "texture": "#3"},
				"west": {"uv": [11.0625, 2.8125, 11, 2.75], "rotation": 270, "texture": "#3"},
				"up": {"uv": [10, 6.9375, 10.0625, 6.75], "rotation": 270, "texture": "#3"},
				"down": {"uv": [10, 7.1875, 10.0625, 7], "rotation": 270, "texture": "#3"}
			}
		},
		{
			"name": "ПалецМеньш",
			"from": [-4.19911, 0.4965, 8.32112],
			"to": [-3.99699, 0.612, 8.78312],
			"rotation": {"angle": -22.5, "axis": "y", "origin": [-4.0213, -0.07462, 7.9185]},
			"faces": {
				"north": {"uv": [3.0625, 11, 3, 11.0625], "rotation": 270, "texture": "#3"},
				"east": {"uv": [10.25, 8.375, 10.3125, 8.25], "rotation": 270, "texture": "#3"},
				"south": {"uv": [11.0625, 3.0625, 11, 3], "rotation": 270, "texture": "#3"},
				"west": {"uv": [10.25, 8.125, 10.3125, 8], "rotation": 90, "texture": "#3"},
				"up": {"uv": [8.3125, 10.25, 8.25, 10.375], "texture": "#3"},
				"down": {"uv": [8.5625, 10.25, 8.5, 10.375], "rotation": 180, "texture": "#3"}
			}
		},
		{
			"name": "КоготьМеньш",
			"from": [-5.25367, 0.51094, 8.09136],
			"to": [-4.79167, 0.59756, 8.25017],
			"rotation": {"angle": 45, "axis": "y", "origin": [-4.0213, -0.07462, 7.9185]},
			"faces": {
				"north": {"uv": [10.25, 8.625, 10.3125, 8.5], "rotation": 90, "texture": "#3"},
				"east": {"uv": [3.3125, 11, 3.25, 11.0625], "rotation": 270, "texture": "#3"},
				"south": {"uv": [10.25, 8.875, 10.3125, 8.75], "rotation": 270, "texture": "#3"},
				"west": {"uv": [11.0625, 3.3125, 11, 3.25], "rotation": 270, "texture": "#3"},
				"up": {"uv": [8.75, 10.375, 8.8125, 10.25], "rotation": 270, "texture": "#3"},
				"down": {"uv": [9, 10.375, 9.0625, 10.25], "rotation": 270, "texture": "#3"}
			}
		},
		{
			"name": "ПАлецБольш",
			"from": [-4.30018, 0.20775, 8.2345],
			"to": [-4.02586, 0.46763, 8.86975],
			"rotation": {"angle": -22.5, "axis": "y", "origin": [-4.0213, -0.07462, 7.9185]},
			"faces": {
				"north": {"uv": [3.5625, 11, 3.5, 11.0625], "rotation": 270, "texture": "#3"},
				"east": {"uv": [7.5, 10.1875, 7.5625, 10], "rotation": 270, "texture": "#3"},
				"south": {"uv": [11.0625, 3.5625, 11, 3.5], "rotation": 270, "texture": "#3"},
				"west": {"uv": [7.25, 10.1875, 7.3125, 10], "rotation": 90, "texture": "#3"},
				"up": {"uv": [10.0625, 7.25, 10, 7.4375], "texture": "#3"},
				"down": {"uv": [10.0625, 7.5, 10, 7.6875], "rotation": 180, "texture": "#3"}
			}
		},
		{
			"name": "ОснованиеПлечи",
			"from": [5.11687, -0.52756, 1.89543],
			"to": [8.07157, 0.31463, 4.75718],
			"rotation": {"angle": -22.5, "axis": "y", "origin": [5.68598, 0.03743, 3.41321]},
			"faces": {
				"north": {"uv": [8.1875, 5, 8, 5.75], "rotation": 270, "texture": "#3"},
				"east": {"uv": [8.25, 4.25, 8.4375, 4.9375], "rotation": 270, "texture": "#3"},
				"south": {"uv": [8.1875, 4.25, 8, 3.5], "rotation": 270, "texture": "#3"},
				"west": {"uv": [8.25, 3.5, 8.4375, 4.1875], "rotation": 90, "texture": "#3"},
				"up": {"uv": [2.25, 6, 3, 6.6875], "rotation": 180, "texture": "#3"},
				"down": {"uv": [3, 6, 3.75, 6.6875], "texture": "#3"}
			}
		},
		{
			"name": "ПервыйСегм",
			"from": [6.51822, -0.39753, 1.86133],
			"to": [9.33019, 0.21163, 7.09658],
			"rotation": {"angle": 45, "axis": "y", "origin": [6.49685, -0.76079, 3.14338]},
			"faces": {
				"north": {"uv": [6.375, 9, 6.25, 9.6875], "rotation": 270, "texture": "#3"},
				"east": {"uv": [7.5, 6.75, 7.625, 8.0625], "rotation": 270, "texture": "#3"},
				"south": {"uv": [6.125, 9.6875, 6, 9], "rotation": 270, "texture": "#3"},
				"west": {"uv": [6.75, 7.5, 6.875, 8.8125], "rotation": 90, "texture": "#3"},
				"up": {"uv": [4.75, 4.5, 5.4375, 5.8125], "rotation": 180, "texture": "#3"},
				"down": {"uv": [4, 5, 4.6875, 6.3125], "texture": "#3"}
			}
		},
		{
			"name": "ВторойСегм",
			"from": [6.70797, -0.38991, -1.88391],
			"to": [9.39774, 0.13263, 5.83446],
			"rotation": {"angle": 22.5, "axis": "y", "origin": [7.95166, 0.20752, -0.97649]},
			"faces": {
				"north": {"uv": [6.625, 9, 6.5, 9.6875], "rotation": 270, "texture": "#3"},
				"east": {"uv": [5.75, 7.25, 5.875, 9.1875], "rotation": 270, "texture": "#3"},
				"south": {"uv": [9.125, 6.9375, 9, 6.25], "rotation": 270, "texture": "#3"},
				"west": {"uv": [4.25, 7.25, 4.375, 9.1875], "rotation": 90, "texture": "#3"},
				"up": {"uv": [1, 3.75, 1.6875, 5.6875], "rotation": 180, "texture": "#3"},
				"down": {"uv": [1.75, 3.75, 2.4375, 5.6875], "texture": "#3"}
			}
		},
		{
			"name": "КонецКрыла",
			"from": [6.56594, -0.30796, -1.12266],
			"to": [9.99797, 0.07983, 7.16447],
			"rotation": {"angle": 45, "axis": "y", "origin": [7.95166, 0.45752, -0.97649]},
			"faces": {
				"north": {"uv": [7.375, 8.5, 7.25, 9.375], "rotation": 270, "texture": "#3"},
				"east": {"uv": [2, 7.25, 2.125, 9.3125], "rotation": 270, "texture": "#3"},
				"south": {"uv": [7.125, 9.375, 7, 8.5], "rotation": 270, "texture": "#3"},
				"west": {"uv": [1.75, 7.25, 1.875, 9.3125], "rotation": 90, "texture": "#3"},
				"up": {"uv": [2, 0, 2.875, 2.0625], "rotation": 180, "texture": "#3"},
				"down": {"uv": [0, 2.25, 0.875, 4.3125], "texture": "#3"}
			}
		},
		{
			"name": "ОснованиеПлечи",
			"from": [6.13021, 1.98237, 2.70586],
			"to": [8.99196, 2.82456, 5.66056],
			"rotation": {"angle": -22.5, "axis": "z", "origin": [6.66098, 2.83457, 5.23821]},
			"faces": {
				"north": {"uv": [8.25, 1, 8.4375, 1.6875], "rotation": 90, "texture": "#3"},
				"east": {"uv": [3.6875, 8, 3.5, 8.75], "rotation": 270, "texture": "#3"},
				"south": {"uv": [8.25, 1.75, 8.4375, 2.4375], "rotation": 270, "texture": "#3"},
				"west": {"uv": [3.4375, 8.75, 3.25, 8], "rotation": 270, "texture": "#3"},
				"up": {"uv": [0.75, 5.75, 1.5, 6.4375], "rotation": 270, "texture": "#3"},
				"down": {"uv": [1.5, 5.75, 2.25, 6.4375], "rotation": 270, "texture": "#3"}
			}
		},
		{
			"name": "ПервыйСегм",
			"from": [8.6947, 1.36037, 2.1241],
			"to": [11.50667, 1.96953, 7.35935],
			"rotation": {"angle": 22.5, "axis": "y", "origin": [10.98598, 1.65957, 4.53821]},
			"faces": {
				"north": {"uv": [4.875, 9, 4.75, 9.6875], "rotation": 270, "texture": "#3"},
				"east": {"uv": [6.5, 7.5, 6.625, 8.8125], "rotation": 270, "texture": "#3"},
				"south": {"uv": [4.625, 9.6875, 4.5, 9], "rotation": 270, "texture": "#3"},
				"west": {"uv": [5.5, 7.5, 5.625, 8.8125], "rotation": 90, "texture": "#3"},
				"up": {"uv": [4.75, 1.5, 5.4375, 2.8125], "rotation": 180, "texture": "#3"},
				"down": {"uv": [4.75, 3, 5.4375, 4.3125], "texture": "#3"}
			}
		},
		{
			"name": "ВторойСегм",
			"from": [9.47759, 0.83937, 0.31511],
			"to": [12.16736, 1.36191, 8.03348],
			"rotation": {"angle": -45, "axis": "z", "origin": [10.53598, 0.83457, 4.36321]},
			"faces": {
				"north": {"uv": [5.375, 9, 5.25, 9.6875], "rotation": 270, "texture": "#3"},
				"east": {"uv": [4, 7.25, 4.125, 9.1875], "rotation": 270, "texture": "#3"},
				"south": {"uv": [5.125, 9.6875, 5, 9], "rotation": 270, "texture": "#3"},
				"west": {"uv": [3.75, 7.25, 3.875, 9.1875], "rotation": 90, "texture": "#3"},
				"up": {"uv": [3.25, 1.5, 3.9375, 3.4375], "rotation": 180, "texture": "#3"},
				"down": {"uv": [3.25, 3.5, 3.9375, 5.4375], "texture": "#3"}
			}
		},
		{
			"name": "КонецКрыла",
			"from": [12.37335, -0.00783, 0.13634],
			"to": [15.80538, 0.37996, 8.42347],
			"rotation": {"angle": 45, "axis": "y", "origin": [12.38598, -0.31543, 3.11321]},
			"faces": {
				"north": {"uv": [8.625, 3, 8.5, 3.875], "rotation": 270, "texture": "#3"},
				"east": {"uv": [1.5, 7.25, 1.625, 9.3125], "rotation": 270, "texture": "#3"},
				"south": {"uv": [7.625, 9.125, 7.5, 8.25], "rotation": 270, "texture": "#3"},
				"west": {"uv": [1.25, 7.25, 1.375, 9.3125], "rotation": 90, "texture": "#3"},
				"up": {"uv": [0, 0, 0.875, 2.0625], "rotation": 180, "texture": "#3"},
				"down": {"uv": [1, 0, 1.875, 2.0625], "texture": "#3"}
			}
		},
		{
			"name": "Стопа",
			"from": [9.8141, 0.02778, 9.14744],
			"to": [10.6688, 0.6688, 9.61752],
			"rotation": {"angle": -22.5, "axis": "y", "origin": [9.94658, 0.29594, 9.37607]},
			"faces": {
				"north": {"uv": [9.75, 0.25, 9.9375, 0.4375], "rotation": 90, "texture": "#3"},
				"east": {"uv": [9.9375, 5.5, 9.75, 5.625], "rotation": 270, "texture": "#3"},
				"south": {"uv": [9.75, 0.5, 9.9375, 0.6875], "rotation": 270, "texture": "#3"},
				"west": {"uv": [5.6875, 9.875, 5.5, 9.75], "rotation": 270, "texture": "#3"},
				"up": {"uv": [5.25, 9.75, 5.375, 9.9375], "rotation": 270, "texture": "#3"},
				"down": {"uv": [9.75, 5.25, 9.875, 5.4375], "rotation": 270, "texture": "#3"}
			}
		},
		{
			"name": "Целка",
			"from": [8.23717, 0.04914, 9.12936],
			"to": [10.01068, 0.64743, 9.77038],
			"rotation": {"angle": 22.5, "axis": "y", "origin": [9.94658, 0.29594, 9.37607]},
			"faces": {
				"north": {"uv": [9.5, 1, 9.625, 1.4375], "rotation": 90, "texture": "#3"},
				"east": {"uv": [9.875, 6.25, 9.75, 6.4375], "rotation": 270, "texture": "#3"},
				"south": {"uv": [1.25, 9.5, 1.375, 9.9375], "rotation": 270, "texture": "#3"},
				"west": {"uv": [6.375, 9.9375, 6.25, 9.75], "rotation": 270, "texture": "#3"},
				"up": {"uv": [9, 2.5, 9.1875, 2.9375], "rotation": 270, "texture": "#3"},
				"down": {"uv": [9, 7.75, 9.1875, 8.1875], "rotation": 270, "texture": "#3"}
			}
		},
		{
			"name": "ГоленьНиз",
			"from": [7.74767, 0.02778, 9.4513],
			"to": [8.49553, 0.6688, 10.1137],
			"rotation": {"angle": 22.5, "axis": "y", "origin": [8.16411, 0.42094, 8.9265]},
			"faces": {
				"north": {"uv": [2.1875, 9.9375, 2, 9.75], "rotation": 270, "texture": "#3"},
				"east": {"uv": [9.75, 1.25, 9.9375, 1.4375], "rotation": 90, "texture": "#3"},
				"south": {"uv": [9.9375, 2, 9.75, 2.1875], "rotation": 270, "texture": "#3"},
				"west": {"uv": [1.75, 9.75, 1.9375, 9.9375], "rotation": 270, "texture": "#3"},
				"up": {"uv": [9.75, 1.5, 9.9375, 1.6875], "texture": "#3"},
				"down": {"uv": [9.75, 1.75, 9.9375, 1.9375], "rotation": 180, "texture": "#3"}
			}
		},
		{
			"name": "ГоленьСеред",
			"from": [7.77498, 0.05983, 8.53167],
			"to": [8.45874, 0.63675, 9.45049],
			"rotation": {"angle": 22.5, "axis": "y", "origin": [8.16411, 0.42094, 8.9265]},
			"faces": {
				"north": {"uv": [6.875, 9.9375, 6.75, 9.75], "rotation": 270, "texture": "#3"},
				"east": {"uv": [3.75, 9.75, 3.875, 10], "rotation": 90, "texture": "#3"},
				"south": {"uv": [9.875, 6.75, 9.75, 6.9375], "rotation": 270, "texture": "#3"},
				"west": {"uv": [9.75, 3.75, 9.875, 4], "rotation": 270, "texture": "#3"},
				"up": {"uv": [6.75, 5.75, 6.9375, 6], "texture": "#3"},
				"down": {"uv": [7.25, 5, 7.4375, 5.25], "rotation": 180, "texture": "#3"}
			}
		},
		{
			"name": "ГоленьВерх",
			"from": [7.66241, -0.05769, 7.37288],
			"to": [8.63463, 0.75427, 8.54809],
			"rotation": {"angle": 22.5, "axis": "y", "origin": [8.16411, 0.42094, 8.9265]},
			"faces": {
				"north": {"uv": [7.9375, 3.25, 7.75, 3], "rotation": 270, "texture": "#3"},
				"east": {"uv": [7.5, 9.25, 7.6875, 9.5625], "rotation": 90, "texture": "#3"},
				"south": {"uv": [8.1875, 0.75, 8, 1], "rotation": 270, "texture": "#3"},
				"west": {"uv": [7.75, 9.25, 7.9375, 9.5625], "rotation": 270, "texture": "#3"},
				"up": {"uv": [9.25, 0.5, 9.5, 0.8125], "texture": "#3"},
				"down": {"uv": [9.25, 1, 9.5, 1.3125], "rotation": 180, "texture": "#3"}
			}
		},
		{
			"name": "ТазобедреннаяКось",
			"from": [5.46077, -0.04701, 6.94071],
			"to": [7.73641, 0.74359, 7.9343],
			"rotation": {"angle": -22.5, "axis": "y", "origin": [6.89102, 0.42094, 7.66026]},
			"faces": {
				"north": {"uv": [7.75, 8.5, 7.9375, 9.0625], "rotation": 90, "texture": "#3"},
				"east": {"uv": [8.4375, 6, 8.25, 6.25], "rotation": 270, "texture": "#3"},
				"south": {"uv": [8.5, 7.75, 8.6875, 8.3125], "rotation": 270, "texture": "#3"},
				"west": {"uv": [8.1875, 4.5, 8, 4.25], "rotation": 270, "texture": "#3"},
				"up": {"uv": [3, 1.5, 3.25, 2.0625], "rotation": 270, "texture": "#3"},
				"down": {"uv": [0.75, 4.5, 1, 5.0625], "rotation": 270, "texture": "#3"}
			}
		},
		{
			"name": "ТазобедрМышца",
			"from": [5.60611, 0.05983, 7.22707],
			"to": [7.51849, 0.7329, 8.3275],
			"rotation": {"angle": 0, "axis": "y", "origin": [6.89102, 0.42094, 7.66026]},
			"faces": {
				"north": {"uv": [0.25, 8.75, 0.4375, 9.25], "rotation": 90, "texture": "#3"},
				"east": {"uv": [2.1875, 9.5, 2, 9.75], "rotation": 270, "texture": "#3"},
				"south": {"uv": [8.75, 5.5, 8.9375, 6], "rotation": 270, "texture": "#3"},
				"west": {"uv": [1.9375, 9.75, 1.75, 9.5], "rotation": 270, "texture": "#3"},
				"up": {"uv": [0.75, 5.25, 1, 5.75], "rotation": 270, "texture": "#3"},
				"down": {"uv": [3.75, 6, 4, 6.5], "rotation": 270, "texture": "#3"}
			}
		},
		{
			"from": [9.95138, 0.30555, 9.12996],
			"to": [10.67788, 0.56196, 9.43979],
			"rotation": {"angle": 0, "axis": "y", "origin": [10.22158, 0.39594, 9.27607]},
			"faces": {
				"north": {"uv": [9.75, 9.25, 9.8125, 9.4375], "rotation": 90, "texture": "#3"},
				"east": {"uv": [9.3125, 10.25, 9.25, 10.3125], "rotation": 270, "texture": "#3"},
				"south": {"uv": [9.75, 9.75, 9.8125, 9.9375], "rotation": 270, "texture": "#3"},
				"west": {"uv": [10.3125, 9.0625, 10.25, 9], "rotation": 270, "texture": "#3"},
				"up": {"uv": [9.5, 9.75, 9.5625, 9.9375], "rotation": 270, "texture": "#3"},
				"down": {"uv": [0, 10, 0.0625, 10.1875], "rotation": 270, "texture": "#3"}
			}
		},
		{
			"from": [10.49106, 0.29487, 9.00503],
			"to": [10.71542, 0.57265, 9.45375],
			"rotation": {"angle": -22.5, "axis": "y", "origin": [10.62158, 0.44594, 9.37607]},
			"faces": {
				"north": {"uv": [10.25, 9.25, 10.3125, 9.3125], "rotation": 90, "texture": "#3"},
				"east": {"uv": [10.0625, 8, 10, 8.125], "rotation": 270, "texture": "#3"},
				"south": {"uv": [9.5, 10.25, 9.5625, 10.3125], "rotation": 270, "texture": "#3"},
				"west": {"uv": [8.0625, 10.125, 8, 10], "rotation": 270, "texture": "#3"},
				"up": {"uv": [7.75, 10, 7.875, 10.0625], "rotation": 270, "texture": "#3"},
				"down": {"uv": [10, 7.75, 10.125, 7.8125], "rotation": 270, "texture": "#3"}
			}
		},
		{
			"from": [10.66596, 0.33761, 9.00432],
			"to": [11.11468, 0.52992, 9.20731],
			"rotation": {"angle": 0, "axis": "y", "origin": [10.84658, 0.42094, 9.10107]},
			"faces": {
				"north": {"uv": [8.5625, 10.125, 8.5, 10], "rotation": 270, "texture": "#3"},
				"east": {"uv": [10.25, 9.5, 10.3125, 9.5625], "rotation": 90, "texture": "#3"},
				"south": {"uv": [10.0625, 8.5, 10, 8.625], "rotation": 270, "texture": "#3"},
				"west": {"uv": [9.75, 10.25, 9.8125, 10.3125], "rotation": 270, "texture": "#3"},
				"up": {"uv": [8.25, 10, 8.375, 10.0625], "texture": "#3"},
				"down": {"uv": [10, 8.25, 10.125, 8.3125], "rotation": 180, "texture": "#3"}
			}
		},
		{
			"from": [10.50501, 0.0812, 9.08472],
			"to": [10.70801, 0.27351, 9.44796],
			"rotation": {"angle": 0, "axis": "y", "origin": [9.94658, 0.29594, 9.37607]},
			"faces": {
				"north": {"uv": [10.25, 9.75, 10.3125, 9.8125], "rotation": 90, "texture": "#3"},
				"east": {"uv": [10.5625, 0, 10.5, 0.0625], "rotation": 270, "texture": "#3"},
				"south": {"uv": [10.25, 10, 10.3125, 10.0625], "rotation": 270, "texture": "#3"},
				"west": {"uv": [0.0625, 10.5625, 0, 10.5], "rotation": 270, "texture": "#3"},
				"up": {"uv": [10, 10.25, 10.0625, 10.3125], "rotation": 270, "texture": "#3"},
				"down": {"uv": [10.25, 10.25, 10.3125, 10.3125], "rotation": 270, "texture": "#3"}
			}
		},
		{
			"from": [10.53394, 0.12393, 9.02672],
			"to": [10.89719, 0.23077, 9.20834],
			"rotation": {"angle": 22.5, "axis": "y", "origin": [10.69658, 0.19594, 9.12607]},
			"faces": {
				"north": {"uv": [0.8125, 10.5625, 0.75, 10.5], "rotation": 270, "texture": "#3"},
				"east": {"uv": [0.25, 10.5, 0.3125, 10.5625], "rotation": 90, "texture": "#3"},
				"south": {"uv": [10.5625, 0.75, 10.5, 0.8125], "rotation": 270, "texture": "#3"},
				"west": {"uv": [0.5, 10.5, 0.5625, 10.5625], "rotation": 270, "texture": "#3"},
				"up": {"uv": [10.5, 0.25, 10.5625, 0.3125], "texture": "#3"},
				"down": {"uv": [10.5, 0.5, 10.5625, 0.5625], "rotation": 180, "texture": "#3"}
			}
		},
		{
			"from": [10.07217, 0.09188, 9.20965],
			"to": [10.67046, 0.26282, 9.43401],
			"rotation": {"angle": 0, "axis": "y", "origin": [10.32158, 0.17094, 9.37607]},
			"faces": {
				"north": {"uv": [8.75, 10, 8.8125, 10.125], "rotation": 90, "texture": "#3"},
				"east": {"uv": [10.5625, 1, 10.5, 1.0625], "rotation": 270, "texture": "#3"},
				"south": {"uv": [9, 10, 9.0625, 10.125], "rotation": 270, "texture": "#3"},
				"west": {"uv": [1.0625, 10.5625, 1, 10.5], "rotation": 270, "texture": "#3"},
				"up": {"uv": [10, 8.75, 10.0625, 8.875], "rotation": 270, "texture": "#3"},
				"down": {"uv": [10, 9, 10.0625, 9.125], "rotation": 270, "texture": "#3"}
			}
		},
		{
			"from": [10.61591, -0.08974, 9.34328],
			"to": [10.97915, 0.0171, 9.47149],
			"rotation": {"angle": 22.5, "axis": "y", "origin": [10.79658, -0.05406, 9.37607]},
			"faces": {
				"north": {"uv": [1.8125, 10.5625, 1.75, 10.5], "rotation": 270, "texture": "#3"},
				"east": {"uv": [1.25, 10.5, 1.3125, 10.5625], "rotation": 90, "texture": "#3"},
				"south": {"uv": [10.5625, 1.75, 10.5, 1.8125], "rotation": 270, "texture": "#3"},
				"west": {"uv": [1.5, 10.5, 1.5625, 10.5625], "rotation": 270, "texture": "#3"},
				"up": {"uv": [10.5, 1.25, 10.5625, 1.3125], "texture": "#3"},
				"down": {"uv": [10.5, 1.5, 10.5625, 1.5625], "rotation": 180, "texture": "#3"}
			}
		},
		{
			"from": [10.30442, -0.1218, 9.3493],
			"to": [10.66766, 0.05983, 9.55228],
			"rotation": {"angle": 0, "axis": "y", "origin": [9.94658, 0.29594, 9.37607]},
			"faces": {
				"north": {"uv": [2, 10.5, 2.0625, 10.5625], "rotation": 90, "texture": "#3"},
				"east": {"uv": [10.5625, 2.5, 10.5, 2.5625], "rotation": 270, "texture": "#3"},
				"south": {"uv": [2.25, 10.5, 2.3125, 10.5625], "rotation": 270, "texture": "#3"},
				"west": {"uv": [2.5625, 10.5625, 2.5, 10.5], "rotation": 270, "texture": "#3"},
				"up": {"uv": [10.5, 2, 10.5625, 2.0625], "rotation": 270, "texture": "#3"},
				"down": {"uv": [10.5, 2.25, 10.5625, 2.3125], "rotation": 270, "texture": "#3"}
			}
		},
		{
			"from": [10.01285, -0.10043, 9.27627],
			"to": [10.3761, 0.04914, 9.47927],
			"rotation": {"angle": -22.5, "axis": "y", "origin": [10.17158, -0.00406, 9.37607]},
			"faces": {
				"north": {"uv": [2.75, 10.5, 2.8125, 10.5625], "rotation": 90, "texture": "#3"},
				"east": {"uv": [10.5625, 3.25, 10.5, 3.3125], "rotation": 270, "texture": "#3"},
				"south": {"uv": [3, 10.5, 3.0625, 10.5625], "rotation": 270, "texture": "#3"},
				"west": {"uv": [3.3125, 10.5625, 3.25, 10.5], "rotation": 270, "texture": "#3"},
				"up": {"uv": [10.5, 2.75, 10.5625, 2.8125], "rotation": 270, "texture": "#3"},
				"down": {"uv": [10.5, 3, 10.5625, 3.0625], "rotation": 270, "texture": "#3"}
			}
		},
		{
			"from": [10.60435, 0.6047, 9.19039],
			"to": [11.12785, 0.76495, 9.3827],
			"rotation": {"angle": 22.5, "axis": "y", "origin": [10.84658, 0.64594, 9.27607]},
			"faces": {
				"north": {"uv": [10.3125, 0.375, 10.25, 0.25], "rotation": 270, "texture": "#3"},
				"east": {"uv": [4.75, 10.5, 4.8125, 10.5625], "rotation": 90, "texture": "#3"},
				"south": {"uv": [0.5625, 10.25, 0.5, 10.375], "rotation": 270, "texture": "#3"},
				"west": {"uv": [10.5, 4.75, 10.5625, 4.8125], "rotation": 270, "texture": "#3"},
				"up": {"uv": [10.25, 0, 10.375, 0.0625], "texture": "#3"},
				"down": {"uv": [0.25, 10.25, 0.375, 10.3125], "rotation": 180, "texture": "#3"}
			}
		},
		{
			"from": [10.06478, 0.6047, 9.26831],
			"to": [10.46008, 0.7329, 9.4713],
			"rotation": {"angle": 22.5, "axis": "y", "origin": [10.27158, 0.64594, 9.37607]},
			"faces": {
				"north": {"uv": [10.25, 0.5, 10.3125, 0.625], "rotation": 90, "texture": "#3"},
				"east": {"uv": [10.5625, 5, 10.5, 5.0625], "rotation": 270, "texture": "#3"},
				"south": {"uv": [10.25, 0.75, 10.3125, 0.875], "rotation": 270, "texture": "#3"},
				"west": {"uv": [5.0625, 10.5625, 5, 10.5], "rotation": 270, "texture": "#3"},
				"up": {"uv": [0.75, 10.25, 0.8125, 10.375], "rotation": 270, "texture": "#3"},
				"down": {"uv": [1, 10.25, 1.0625, 10.375], "rotation": 270, "texture": "#3"}
			}
		},
		{
			"from": [10.33621, 0.59401, 9.23242],
			"to": [10.71014, 0.75427, 9.42472],
			"rotation": {"angle": -22.5, "axis": "y", "origin": [10.44658, 0.67094, 9.37607]},
			"faces": {
				"north": {"uv": [5.25, 10.5, 5.3125, 10.5625], "rotation": 90, "texture": "#3"},
				"east": {"uv": [10.5625, 5.75, 10.5, 5.8125], "rotation": 270, "texture": "#3"},
				"south": {"uv": [5.5, 10.5, 5.5625, 10.5625], "rotation": 270, "texture": "#3"},
				"west": {"uv": [5.8125, 10.5625, 5.75, 10.5], "rotation": 270, "texture": "#3"},
				"up": {"uv": [10.5, 5.25, 10.5625, 5.3125], "rotation": 270, "texture": "#3"},
				"down": {"uv": [10.5, 5.5, 10.5625, 5.5625], "rotation": 270, "texture": "#3"}
			}
		},
		{
			"from": [9.90536, 0.16645, 9.71981],
			"to": [10.12972, 0.36945, 10.11511],
			"rotation": {"angle": 22.5, "axis": "y", "origin": [9.94658, 0.22094, 9.37607]},
			"faces": {
				"north": {"uv": [10.8125, 0.8125, 10.75, 0.75], "rotation": 270, "texture": "#3"},
				"east": {"uv": [10.25, 2.5, 10.3125, 2.625], "rotation": 90, "texture": "#3"},
				"south": {"uv": [1.0625, 10.75, 1, 10.8125], "rotation": 270, "texture": "#3"},
				"west": {"uv": [10.25, 2.75, 10.3125, 2.875], "rotation": 270, "texture": "#3"},
				"up": {"uv": [2.75, 10.25, 2.8125, 10.375], "texture": "#3"},
				"down": {"uv": [3, 10.25, 3.0625, 10.375], "rotation": 180, "texture": "#3"}
			}
		},
		{
			"from": [10.21932, 0.15576, 9.92837],
			"to": [10.46504, 0.38013, 10.13135],
			"rotation": {"angle": -22.5, "axis": "y", "origin": [10.27158, 0.22094, 10.00107]},
			"faces": {
				"north": {"uv": [10.75, 1, 10.8125, 1.0625], "rotation": 90, "texture": "#3"},
				"east": {"uv": [1.8125, 10.75, 1.75, 10.8125], "rotation": 270, "texture": "#3"},
				"south": {"uv": [10.75, 1.25, 10.8125, 1.3125], "rotation": 270, "texture": "#3"},
				"west": {"uv": [10.8125, 1.5625, 10.75, 1.5], "rotation": 270, "texture": "#3"},
				"up": {"uv": [1.25, 10.75, 1.3125, 10.8125], "rotation": 270, "texture": "#3"},
				"down": {"uv": [1.5, 10.75, 1.5625, 10.8125], "rotation": 270, "texture": "#3"}
			}
		},
		{
			"name": "ЛевоПерепонка",
			"from": [6.51005, 0.55619, 7.27813],
			"to": [9.1088, 0.55619, 10.31],
			"rotation": {"angle": -45, "axis": "y", "origin": [6.89102, 0.42094, 7.66026]},
			"faces": {
				"north": {"uv": [0, 0, 0, 0.625], "rotation": 90, "texture": "#3"},
				"east": {"uv": [0, 0, 0, 0.75], "rotation": 270, "texture": "#3"},
				"south": {"uv": [0, 0, 0, 0.625], "rotation": 270, "texture": "#3"},
				"west": {"uv": [0, 0.75, 0, 0], "rotation": 270, "texture": "#3"},
				"up": {"uv": [4.75, 6, 5.5, 6.625], "rotation": 270, "texture": "#3"},
				"down": {"uv": [5.5, 6, 6.25, 6.625], "rotation": 270, "texture": "#3"}
			}
		},
		{
			"name": "Стопа",
			"from": [10.4891, -0.3468, 6.79744],
			"to": [11.3438, 0.29423, 7.26752],
			"rotation": {"angle": 45, "axis": "y", "origin": [11.05512, -0.02629, 6.87095]},
			"faces": {
				"north": {"uv": [9.75, 0.75, 9.9375, 0.9375], "rotation": 90, "texture": "#3"},
				"east": {"uv": [9.9375, 6, 9.75, 6.125], "rotation": 270, "texture": "#3"},
				"south": {"uv": [9.75, 1, 9.9375, 1.1875], "rotation": 270, "texture": "#3"},
				"west": {"uv": [6.1875, 9.875, 6, 9.75], "rotation": 270, "texture": "#3"},
				"up": {"uv": [5.75, 9.75, 5.875, 9.9375], "rotation": 270, "texture": "#3"},
				"down": {"uv": [9.75, 5.75, 9.875, 5.9375], "rotation": 270, "texture": "#3"}
			}
		},
		{
			"name": "Целка",
			"from": [9.33717, 0.19957, 6.98291],
			"to": [11.11068, 0.79786, 7.62393],
			"rotation": {"angle": -22.5, "axis": "z", "origin": [9.59658, 0.52606, 7.37607]},
			"faces": {
				"north": {"uv": [1.5, 9.5, 1.625, 9.9375], "rotation": 90, "texture": "#3"},
				"east": {"uv": [9.875, 6.5, 9.75, 6.6875], "rotation": 270, "texture": "#3"},
				"south": {"uv": [9.5, 1.5, 9.625, 1.9375], "rotation": 270, "texture": "#3"},
				"west": {"uv": [6.625, 9.9375, 6.5, 9.75], "rotation": 270, "texture": "#3"},
				"up": {"uv": [8, 9, 8.1875, 9.4375], "rotation": 270, "texture": "#3"},
				"down": {"uv": [8.25, 9, 8.4375, 9.4375], "rotation": 270, "texture": "#3"}
			}
		},
		{
			"name": "ГоленьНиз",
			"from": [8.17906, 0.25864, 7.06178],
			"to": [8.82009, 0.92104, 7.80964],
			"rotation": {"angle": 45, "axis": "z", "origin": [8.57692, 1.52606, 7.42736]},
			"faces": {
				"north": {"uv": [2.25, 9.75, 2.4375, 9.9375], "texture": "#3"},
				"east": {"uv": [9.75, 2.25, 9.9375, 2.4375], "texture": "#3"},
				"south": {"uv": [2.5, 9.75, 2.6875, 9.9375], "texture": "#3"},
				"west": {"uv": [9.75, 2.5, 9.9375, 2.6875], "texture": "#3"},
				"up": {"uv": [2.9375, 9.9375, 2.75, 9.75], "texture": "#3"},
				"down": {"uv": [9.9375, 2.75, 9.75, 2.9375], "texture": "#3"}
			}
		},
		{
			"name": "ТащобедрМышца",
			"from": [5.7096, 2.0641, 7.07168],
			"to": [7.62198, 2.73717, 8.17211],
			"rotation": {"angle": 22.5, "axis": "y", "origin": [7.13034, 2.37606, 7.70748]},
			"faces": {
				"north": {"uv": [8.75, 6, 8.9375, 6.5], "rotation": 90, "texture": "#3"},
				"east": {"uv": [9.6875, 4, 9.5, 4.25], "rotation": 270, "texture": "#3"},
				"south": {"uv": [8.75, 6.75, 8.9375, 7.25], "rotation": 270, "texture": "#3"},
				"west": {"uv": [9.6875, 4, 9.5, 3.75], "rotation": 270, "texture": "#3"},
				"up": {"uv": [8.25, 2.5, 8.5, 3], "rotation": 270, "texture": "#3"},
				"down": {"uv": [8.25, 5, 8.5, 5.5], "rotation": 270, "texture": "#3"}
			}
		},
		{
			"name": "ТазобедреннаяКость",
			"from": [5.49705, 2.05341, 6.85272],
			"to": [7.77269, 2.84401, 7.84631],
			"rotation": {"angle": 0, "axis": "y", "origin": [7.13034, 2.37606, 7.70748]},
			"faces": {
				"north": {"uv": [8.5, 8.5, 8.6875, 9.0625], "rotation": 90, "texture": "#3"},
				"east": {"uv": [9.6875, 5, 9.5, 5.25], "rotation": 270, "texture": "#3"},
				"south": {"uv": [0, 8.75, 0.1875, 9.3125], "rotation": 270, "texture": "#3"},
				"west": {"uv": [9.6875, 5, 9.5, 4.75], "rotation": 270, "texture": "#3"},
				"up": {"uv": [7.75, 7.75, 8, 8.3125], "rotation": 270, "texture": "#3"},
				"down": {"uv": [8, 0, 8.25, 0.5625], "rotation": 270, "texture": "#3"}
			}
		},
		{
			"name": "ГоленьВерх",
			"from": [8.09359, 1.82424, 6.92268],
			"to": [8.90555, 2.99945, 7.8949],
			"rotation": {"angle": 45, "axis": "z", "origin": [8.57692, 1.52606, 7.42736]},
			"faces": {
				"north": {"uv": [9.25, 8.5, 9.4375, 8.8125], "texture": "#3"},
				"east": {"uv": [9.25, 1.5, 9.5, 1.8125], "texture": "#3"},
				"south": {"uv": [9, 9.25, 9.1875, 9.5625], "texture": "#3"},
				"west": {"uv": [9.25, 2, 9.5, 2.3125], "texture": "#3"},
				"up": {"uv": [9.6875, 5.5, 9.5, 5.25], "texture": "#3"},
				"down": {"uv": [9.6875, 5.5, 9.5, 5.75], "texture": "#3"}
			}
		},
		{
			"name": "ГоленьСеред",
			"from": [8.21111, 0.92185, 7.09857],
			"to": [8.78803, 1.84067, 7.78233],
			"rotation": {"angle": 45, "axis": "z", "origin": [8.57692, 1.52606, 7.42736]},
			"faces": {
				"north": {"uv": [5, 9.75, 5.125, 10], "texture": "#3"},
				"east": {"uv": [9.5, 6.25, 9.6875, 6.5], "texture": "#3"},
				"south": {"uv": [9.75, 5, 9.875, 5.25], "texture": "#3"},
				"west": {"uv": [9.5, 6.5, 9.6875, 6.75], "texture": "#3"},
				"up": {"uv": [7.375, 9.9375, 7.25, 9.75], "texture": "#3"},
				"down": {"uv": [9.875, 7.25, 9.75, 7.4375], "texture": "#3"}
			}
		},
		{
			"from": [11.16184, -0.44295, 6.29611],
			"to": [11.35415, -0.2827, 6.81961],
			"rotation": {"angle": 45, "axis": "y", "origin": [11.05512, -0.02629, 6.87095]},
			"faces": {
				"north": {"uv": [3.5, 10.5, 3.5625, 10.5625], "rotation": 90, "texture": "#3"},
				"east": {"uv": [10.0625, 9.5, 10, 9.625], "rotation": 270, "texture": "#3"},
				"south": {"uv": [10.5, 3.5, 10.5625, 3.5625], "rotation": 270, "texture": "#3"},
				"west": {"uv": [9.5625, 10.125, 9.5, 10], "rotation": 270, "texture": "#3"},
				"up": {"uv": [9.25, 10, 9.375, 10.0625], "rotation": 270, "texture": "#3"},
				"down": {"uv": [10, 9.25, 10.125, 9.3125], "rotation": 270, "texture": "#3"}
			}
		},
		{
			"from": [10.97315, -0.43227, 6.69108],
			"to": [11.34708, -0.27201, 6.88338],
			"rotation": {"angle": 45, "axis": "y", "origin": [11.05512, -0.02629, 6.87095]},
			"faces": {
				"north": {"uv": [3.75, 10.5, 3.8125, 10.5625], "rotation": 90, "texture": "#3"},
				"east": {"uv": [10.5625, 4.25, 10.5, 4.3125], "rotation": 270, "texture": "#3"},
				"south": {"uv": [4, 10.5, 4.0625, 10.5625], "rotation": 270, "texture": "#3"},
				"west": {"uv": [4.3125, 10.5625, 4.25, 10.5], "rotation": 270, "texture": "#3"},
				"up": {"uv": [10.5, 3.75, 10.5625, 3.8125], "rotation": 270, "texture": "#3"},
				"down": {"uv": [10.5, 4, 10.5625, 4.0625], "rotation": 270, "texture": "#3"}
			}
		},
		{
			"from": [10.87486, -0.4109, 6.79843],
			"to": [11.07785, -0.2827, 7.19373],
			"rotation": {"angle": 0, "axis": "y", "origin": [11.05512, -0.02629, 6.87095]},
			"faces": {
				"north": {"uv": [10.5625, 4.5, 10.5, 4.5625], "rotation": 270, "texture": "#3"},
				"east": {"uv": [10, 10, 10.0625, 10.125], "rotation": 270, "texture": "#3"},
				"south": {"uv": [4.5625, 10.5625, 4.5, 10.5], "rotation": 270, "texture": "#3"},
				"west": {"uv": [9.75, 10, 9.8125, 10.125], "rotation": 90, "texture": "#3"},
				"up": {"uv": [10, 9.75, 10.0625, 9.875], "rotation": 180, "texture": "#3"},
				"down": {"uv": [0, 10.25, 0.0625, 10.375], "texture": "#3"}
			}
		},
		{
			"from": [10.78641, -0.23996, 6.59955],
			"to": [11.09624, 0.01645, 7.32605],
			"rotation": {"angle": -22.5, "axis": "y", "origin": [11.05512, -0.02629, 6.87095]},
			"faces": {
				"north": {"uv": [10.5625, 6, 10.5, 6.0625], "rotation": 270, "texture": "#3"},
				"east": {"uv": [0.5, 10, 0.5625, 10.1875], "rotation": 270, "texture": "#3"},
				"south": {"uv": [6.0625, 10.5625, 6, 10.5], "rotation": 270, "texture": "#3"},
				"west": {"uv": [0.25, 10, 0.3125, 10.1875], "rotation": 90, "texture": "#3"},
				"up": {"uv": [10, 0.25, 10.0625, 0.4375], "rotation": 180, "texture": "#3"},
				"down": {"uv": [10, 0.5, 10.0625, 0.6875], "texture": "#3"}
			}
		},
		{
			"from": [10.747, -0.20792, 6.18122],
			"to": [10.94999, -0.01561, 6.62994],
			"rotation": {"angle": 0, "axis": "y", "origin": [10.95512, -0.02629, 6.97095]},
			"faces": {
				"north": {"uv": [6.25, 10.5, 6.3125, 10.5625], "rotation": 90, "texture": "#3"},
				"east": {"uv": [1.5625, 10.25, 1.5, 10.375], "rotation": 270, "texture": "#3"},
				"south": {"uv": [10.5, 6.25, 10.5625, 6.3125], "rotation": 270, "texture": "#3"},
				"west": {"uv": [10.3125, 1.375, 10.25, 1.25], "rotation": 270, "texture": "#3"},
				"up": {"uv": [10.25, 1, 10.375, 1.0625], "rotation": 270, "texture": "#3"},
				"down": {"uv": [1.25, 10.25, 1.375, 10.3125], "rotation": 270, "texture": "#3"}
			}
		},
		{
			"from": [10.66149, -0.25065, 6.56202],
			"to": [11.11021, 0.02713, 6.78638],
			"rotation": {"angle": -22.5, "axis": "y", "origin": [11.05512, -0.02629, 6.87095]},
			"faces": {
				"north": {"uv": [2.0625, 10.25, 2, 10.375], "rotation": 270, "texture": "#3"},
				"east": {"uv": [10.5, 6.5, 10.5625, 6.5625], "rotation": 270, "texture": "#3"},
				"south": {"uv": [10.3125, 1.875, 10.25, 1.75], "rotation": 270, "texture": "#3"},
				"west": {"uv": [6.5, 10.5, 6.5625, 10.5625], "rotation": 90, "texture": "#3"},
				"up": {"uv": [10.25, 1.5, 10.375, 1.5625], "rotation": 180, "texture": "#3"},
				"down": {"uv": [1.75, 10.25, 1.875, 10.3125], "texture": "#3"}
			}
		},
		{
			"from": [10.8661, 0.05918, 6.60697],
			"to": [11.09046, 0.23012, 7.20526],
			"rotation": {"angle": -22.5, "axis": "y", "origin": [11.05512, -0.02629, 6.87095]},
			"faces": {
				"north": {"uv": [10.5625, 6.75, 10.5, 6.8125], "rotation": 270, "texture": "#3"},
				"east": {"uv": [10.25, 2.25, 10.3125, 2.375], "rotation": 270, "texture": "#3"},
				"south": {"uv": [6.8125, 10.5625, 6.75, 10.5], "rotation": 270, "texture": "#3"},
				"west": {"uv": [10.25, 2, 10.3125, 2.125], "rotation": 90, "texture": "#3"},
				"up": {"uv": [2.25, 10.25, 2.3125, 10.375], "rotation": 180, "texture": "#3"},
				"down": {"uv": [2.5, 10.25, 2.5625, 10.375], "texture": "#3"}
			}
		},
		{
			"from": [10.74118, 0.04849, 6.56942],
			"to": [11.10442, 0.2408, 6.77242],
			"rotation": {"angle": -22.5, "axis": "y", "origin": [11.05512, -0.02629, 6.87095]},
			"faces": {
				"north": {"uv": [10.5625, 7.5, 10.5, 7.5625], "rotation": 270, "texture": "#3"},
				"east": {"uv": [7.25, 10.5, 7.3125, 10.5625], "rotation": 270, "texture": "#3"},
				"south": {"uv": [7.5625, 10.5625, 7.5, 10.5], "rotation": 270, "texture": "#3"},
				"west": {"uv": [7, 10.5, 7.0625, 10.5625], "rotation": 90, "texture": "#3"},
				"up": {"uv": [10.5, 7, 10.5625, 7.0625], "rotation": 180, "texture": "#3"},
				"down": {"uv": [10.5, 7.25, 10.5625, 7.3125], "texture": "#3"}
			}
		},
		{
			"from": [10.81511, 0.09123, 6.26942],
			"to": [10.99673, 0.19807, 6.63267],
			"rotation": {"angle": 0, "axis": "y", "origin": [10.95512, -0.02629, 6.92095]},
			"faces": {
				"north": {"uv": [7.75, 10.5, 7.8125, 10.5625], "rotation": 90, "texture": "#3"},
				"east": {"uv": [10.5625, 8.25, 10.5, 8.3125], "rotation": 270, "texture": "#3"},
				"south": {"uv": [8, 10.5, 8.0625, 10.5625], "rotation": 270, "texture": "#3"},
				"west": {"uv": [8.3125, 10.5625, 8.25, 10.5], "rotation": 270, "texture": "#3"},
				"up": {"uv": [10.5, 7.75, 10.5625, 7.8125], "rotation": 270, "texture": "#3"},
				"down": {"uv": [10.5, 8, 10.5625, 8.0625], "rotation": 270, "texture": "#3"}
			}
		},
		{
			"from": [10.67072, 0.27286, 6.84017],
			"to": [11.03397, 0.42243, 7.04317],
			"rotation": {"angle": 45, "axis": "y", "origin": [11.05512, -0.02629, 6.87095]},
			"faces": {
				"north": {"uv": [8.5, 10.5, 8.5625, 10.5625], "rotation": 90, "texture": "#3"},
				"east": {"uv": [10.5625, 9, 10.5, 9.0625], "rotation": 270, "texture": "#3"},
				"south": {"uv": [8.75, 10.5, 8.8125, 10.5625], "rotation": 270, "texture": "#3"},
				"west": {"uv": [9.0625, 10.5625, 9, 10.5], "rotation": 270, "texture": "#3"},
				"up": {"uv": [10.5, 8.5, 10.5625, 8.5625], "rotation": 270, "texture": "#3"},
				"down": {"uv": [10.5, 8.75, 10.5625, 8.8125], "rotation": 270, "texture": "#3"}
			}
		},
		{
			"from": [11.00575, 0.26217, 6.60977],
			"to": [11.20873, 0.4438, 6.97301],
			"rotation": {"angle": -22.5, "axis": "y", "origin": [11.05512, -0.02629, 6.87095]},
			"faces": {
				"north": {"uv": [10.5625, 9.75, 10.5, 9.8125], "rotation": 270, "texture": "#3"},
				"east": {"uv": [9.5, 10.5, 9.5625, 10.5625], "rotation": 270, "texture": "#3"},
				"south": {"uv": [9.8125, 10.5625, 9.75, 10.5], "rotation": 270, "texture": "#3"},
				"west": {"uv": [9.25, 10.5, 9.3125, 10.5625], "rotation": 90, "texture": "#3"},
				"up": {"uv": [10.5, 9.25, 10.5625, 9.3125], "rotation": 180, "texture": "#3"},
				"down": {"uv": [10.5, 9.5, 10.5625, 9.5625], "texture": "#3"}
			}
		},
		{
			"from": [11.12594, 0.3049, 6.42752],
			"to": [11.25415, 0.41174, 6.79076],
			"rotation": {"angle": 22.5, "axis": "y", "origin": [10.95512, -0.02629, 6.74595]},
			"faces": {
				"north": {"uv": [10, 10.5, 10.0625, 10.5625], "rotation": 90, "texture": "#3"},
				"east": {"uv": [0.0625, 10.75, 0, 10.8125], "rotation": 270, "texture": "#3"},
				"south": {"uv": [10.25, 10.5, 10.3125, 10.5625], "rotation": 270, "texture": "#3"},
				"west": {"uv": [10.5625, 10.5625, 10.5, 10.5], "rotation": 270, "texture": "#3"},
				"up": {"uv": [10.5, 10, 10.5625, 10.0625], "rotation": 270, "texture": "#3"},
				"down": {"uv": [10.5, 10.25, 10.5625, 10.3125], "rotation": 270, "texture": "#3"}
			}
		},
		{
			"from": [11.10876, -0.13312, 7.40642],
			"to": [11.35448, 0.09124, 7.6094],
			"rotation": {"angle": 45, "axis": "y", "origin": [11.05512, -0.02629, 6.87095]},
			"faces": {
				"north": {"uv": [10.75, 0, 10.8125, 0.0625], "rotation": 90, "texture": "#3"},
				"east": {"uv": [0.8125, 10.75, 0.75, 10.8125], "rotation": 270, "texture": "#3"},
				"south": {"uv": [10.75, 0.25, 10.8125, 0.3125], "rotation": 270, "texture": "#3"},
				"west": {"uv": [10.8125, 0.5625, 10.75, 0.5], "rotation": 270, "texture": "#3"},
				"up": {"uv": [0.25, 10.75, 0.3125, 10.8125], "rotation": 270, "texture": "#3"},
				"down": {"uv": [0.5, 10.75, 0.5625, 10.8125], "rotation": 270, "texture": "#3"}
			}
		},
		{
			"from": [11.20199, -0.12245, 7.10406],
			"to": [11.59729, 0.08055, 7.32842],
			"rotation": {"angle": 0, "axis": "y", "origin": [11.05512, -0.02629, 6.87095]},
			"faces": {
				"north": {"uv": [10.25, 3, 10.3125, 3.125], "rotation": 90, "texture": "#3"},
				"east": {"uv": [2.0625, 10.75, 2, 10.8125], "rotation": 270, "texture": "#3"},
				"south": {"uv": [10.25, 3.25, 10.3125, 3.375], "rotation": 270, "texture": "#3"},
				"west": {"uv": [10.8125, 1.8125, 10.75, 1.75], "rotation": 270, "texture": "#3"},
				"up": {"uv": [3.25, 10.25, 3.3125, 10.375], "rotation": 270, "texture": "#3"},
				"down": {"uv": [3.5, 10.25, 3.5625, 10.375], "rotation": 270, "texture": "#3"}
			}
		},
		{
			"name": "ПравоПерепонка",
			"from": [5.51005, 2.31581, 6.62813],
			"to": [8.1088, 2.31581, 9.66],
			"rotation": {"angle": 0, "axis": "z", "origin": [6.13034, 2.45106, 7.05748]},
			"faces": {
				"north": {"uv": [0, 0, 0, 0.625], "rotation": 90, "texture": "#3"},
				"east": {"uv": [0, 0, 0, 0.75], "rotation": 270, "texture": "#3"},
				"south": {"uv": [0, 0, 0, 0.625], "rotation": 270, "texture": "#3"},
				"west": {"uv": [0, 0.75, 0, 0], "rotation": 270, "texture": "#3"},
				"up": {"uv": [0, 6.25, 0.75, 6.875], "rotation": 270, "texture": "#3"},
				"down": {"uv": [6.25, 6, 7, 6.625], "rotation": 270, "texture": "#3"}
			}
		}
	],
	"groups": [
		{
			"name": "Эувия",
			"origin": [7.57265, 5.77991, 3.64103],
			"color": 0,
			"children": [
				{
					"name": "Хвост",
					"origin": [6.39744, 0, 6.2906],
					"color": 0,
					"children": [
						{
							"name": "ХвостовыеПлавники",
							"origin": [6.39744, 0, 6.2906],
							"color": 0,
							"children": [0, 1, 2]
						},
						3,
						4,
						5,
						6,
						7,
						8,
						9
					]
				},
				{
					"name": "Туловище",
					"origin": [6.39744, 0, 6.2906],
					"color": 0,
					"children": [10, 11, 12]
				},
				{
					"name": "Голова",
					"origin": [6.39744, 0, 6.2906],
					"color": 0,
					"children": [
						{
							"name": "Рожки",
							"origin": [6.39744, 0, 6.2906],
							"color": 0,
							"children": [13, 14, 15, 16, 17, 18, 19, 20, 21, 22, 23, 24, 25, 26, 27, 28, 29, 30, 31, 32, 33, 34, 35, 36, 37, 38]
						},
						{
							"name": "Череп",
							"origin": [6.39744, 0, 6.2906],
							"color": 0,
							"children": [39, 40, 41, 42, 43, 44, 45, 46]
						}
					]
				},
				{
					"name": "Шея",
					"origin": [9.60256, 0, 6.2906],
					"color": 0,
					"children": [47, 48, 49, 50, 51, 52, 53]
				},
				{
					"name": "ЗадниеКрылья",
					"origin": [9.60256, 0.97222, 6.37607],
					"color": 0,
					"children": [
						{
							"name": "ЛевыеКрылья",
							"origin": [9.60256, 0.97222, 6.37607],
							"color": 0,
							"children": [54, 55, 56, 57, 58, 59, 60, 61]
						},
						{
							"name": "ПравыеКрылья",
							"origin": [6.39744, 0.97222, 6.37607],
							"color": 0,
							"children": [62, 63, 64, 65, 66, 67, 68, 69]
						}
					]
				},
				{
					"name": "ПередниеКрылья",
					"origin": [9.60256, 0.97222, 6.37607],
					"color": 0,
					"children": [
						{
							"name": "ЛевыеКрылья",
							"origin": [9.60256, 0.97222, 6.37607],
							"color": 0,
							"children": [70, 71, 72, 73]
						},
						{
							"name": "ПравыеКрылья",
							"origin": [6.39744, 0.97222, 6.37607],
							"color": 0,
							"children": [74, 75, 76, 77]
						}
					]
				},
				{
					"name": "ЗадниеКонечности",
					"origin": [9.60256, 0.97222, 6.37607],
					"color": 0,
					"children": [
						{
							"name": "ЛевыеЛапы",
							"origin": [9.60256, 0.97222, 6.37607],
							"color": 0,
							"children": [
								78,
								79,
								80,
								81,
								82,
								83,
								84,
								{
									"name": "Когти",
									"origin": [9.60256, 0.97222, 6.37607],
									"color": 0,
									"children": [85, 86, 87, 88, 89, 90, 91, 92, 93, 94, 95, 96, 97, 98]
								},
								99
							]
						},
						{
							"name": "ПравыеЛапы",
							"origin": [9.60256, 0.97222, 6.37607],
							"color": 0,
							"children": [
								100,
								101,
								102,
								103,
								104,
								105,
								106,
								{
									"name": "Когти",
									"origin": [9.60256, 0.97222, 6.37607],
									"color": 0,
									"children": [107, 108, 109, 110, 111, 112, 113, 114, 115, 116, 117, 118, 119, 120]
								},
								121
							]
						}
					]
				}
			]
		}
	]
}