{
	"format_version": "1.9.0",
	"credit": "Made with Blockbench",
	"texture_size": [64, 64],
	"textures": {
		"3": "euvia_pattern_b",
		"particle": "euvia_pattern_a"
	},
	"elements": [
		{
			"from": [9.19339, 0.2485, 11.33019],
			"to": [13.79809, 0.2485, 13.84145],
			"rotation": {"angle": -22.5, "axis": "y", "origin": [12.15086, 0.51004, 13.89294]},
			"faces": {
				"north": {"uv": [0, 0, 0, 1.125], "rotation": 270, "texture": "#3"},
				"east": {"uv": [0, 0.625, 0, 0], "rotation": 270, "texture": "#3"},
				"south": {"uv": [0, 1.125, 0, 0], "rotation": 270, "texture": "#3"},
				"west": {"uv": [0, 0.625, 0, 0], "rotation": 90, "texture": "#3"},
				"up": {"uv": [6.625, 4.5, 5.5, 5.125], "texture": "#3"},
				"down": {"uv": [6.625, 5.25, 5.5, 5.875], "rotation": 180, "texture": "#3"}
			}
		},
		{
			"from": [9.08655, 0.08203, 13.93349],
			"to": [13.89423, 0.08203, 16.60443],
			"rotation": {"angle": -22.5, "axis": "y", "origin": [12.15086, 0.63504, 13.89294]},
			"faces": {
				"north": {"uv": [0, 0, 0, 1.1875], "rotation": 270, "texture": "#3"},
				"east": {"uv": [0, 0.6875, 0, 0], "rotation": 270, "texture": "#3"},
				"south": {"uv": [0, 1.1875, 0, 0], "rotation": 270, "texture": "#3"},
				"west": {"uv": [0, 0.6875, 0, 0], "rotation": 90, "texture": "#3"},
				"up": {"uv": [6.4375, 0, 5.25, 0.6875], "texture": "#3"},
				"down": {"uv": [6.4375, 0.75, 5.25, 1.4375], "rotation": 180, "texture": "#3"}
			}
		},
		{
			"from": [9.08655, 0.6535, 13.89116],
			"to": [13.89423, 0.6535, 16.5621],
			"rotation": {"angle": -22.5, "axis": "y", "origin": [12.15086, 0.63504, 13.61794]},
			"faces": {
				"north": {"uv": [0, 0, 0, 1.1875], "rotation": 270, "texture": "#3"},
				"east": {"uv": [0, 0.6875, 0, 0], "rotation": 270, "texture": "#3"},
				"south": {"uv": [0, 1.1875, 0, 0], "rotation": 270, "texture": "#3"},
				"west": {"uv": [0, 0.6875, 0, 0], "rotation": 90, "texture": "#3"},
				"up": {"uv": [6.6875, 1.5, 5.5, 2.1875], "texture": "#3"},
				"down": {"uv": [6.6875, 2.25, 5.5, 2.9375], "rotation": 180, "texture": "#3"}
			}
		},
		{
			"name": "Основание1",
			"from": [8.70129, 0.46196, 8.65833],
			"to": [10.83804, 2.38504, 9.94038],
			"rotation": {"angle": 22.5, "axis": "x", "origin": [9.98334, 0.99615, 8.65833]},
			"faces": {
				"north": {"uv": [6.5, 7.3125, 7, 6.75], "rotation": 90, "texture": "#3"},
				"east": {"uv": [8.25, 1.5, 7.75, 1.8125], "rotation": 270, "texture": "#3"},
				"south": {"uv": [0, 7.5625, 0.5, 7], "rotation": 270, "texture": "#3"},
				"west": {"uv": [8.25, 2.3125, 7.75, 2], "rotation": 270, "texture": "#3"},
				"up": {"uv": [7.5, 3.8125, 7.8125, 3.25], "rotation": 270, "texture": "#3"},
				"down": {"uv": [7.5, 5.5625, 7.8125, 5], "rotation": 270, "texture": "#3"}
			}
		},
		{
			"name": "ПослеОснов2",
			"from": [8.98056, 0.07201, 9.41218],
			"to": [10.80748, 1.525, 10.69423],
			"rotation": {"angle": -22.5, "axis": "y", "origin": [9.98483, 0.37115, 9.41218]},
			"faces": {
				"north": {"uv": [7.5, 4.4375, 7.875, 4], "rotation": 90, "texture": "#3"},
				"east": {"uv": [8.625, 5.5, 8.25, 5.8125], "rotation": 270, "texture": "#3"},
				"south": {"uv": [7.5, 6.6875, 7.875, 6.25], "rotation": 270, "texture": "#3"},
				"west": {"uv": [6.375, 8.5625, 6, 8.25], "rotation": 270, "texture": "#3"},
				"up": {"uv": [8.25, 0.4375, 8.5625, 0], "rotation": 270, "texture": "#3"},
				"down": {"uv": [8.25, 0.9375, 8.5625, 0.5], "rotation": 270, "texture": "#3"}
			}
		},
		{
			"name": "ПочтиСеред3",
			"from": [8.68524, 0.0359, 10.28029],
			"to": [10.19166, 1.21111, 11.7226],
			"rotation": {"angle": 0, "axis": "y", "origin": [9.48205, 0.19615, 11.55577]},
			"faces": {
				"north": {"uv": [8.25, 7.125, 8.5625, 6.75], "rotation": 90, "texture": "#3"},
				"east": {"uv": [8.3125, 8.25, 8, 8.625], "rotation": 270, "texture": "#3"},
				"south": {"uv": [8.25, 7.625, 8.5625, 7.25], "rotation": 270, "texture": "#3"},
				"west": {"uv": [8.8125, 1.375, 8.5, 1], "rotation": 270, "texture": "#3"},
				"up": {"uv": [2.75, 8.375, 3.125, 8], "rotation": 270, "texture": "#3"},
				"down": {"uv": [8, 3.375, 8.375, 3], "rotation": 270, "texture": "#3"}
			}
		},
		{
			"name": "СЧитайСеред4",
			"from": [8.79594, 0.0391, 11.50118],
			"to": [10.06731, 0.95791, 12.94349],
			"rotation": {"angle": 22.5, "axis": "y", "origin": [9.38205, 0.07115, 11.35577]},
			"faces": {
				"north": {"uv": [2.25, 9.5625, 2.5, 9.25], "rotation": 90, "texture": "#3"},
				"east": {"uv": [9, 7.25, 8.75, 7.625], "rotation": 270, "texture": "#3"},
				"south": {"uv": [2.5, 9.5625, 2.75, 9.25], "rotation": 270, "texture": "#3"},
				"west": {"uv": [9, 8.125, 8.75, 7.75], "rotation": 270, "texture": "#3"},
				"up": {"uv": [8.5, 1.8125, 8.875, 1.5], "rotation": 270, "texture": "#3"},
				"down": {"uv": [8.5, 2.3125, 8.875, 2], "rotation": 270, "texture": "#3"}
			}
		},
		{
			"name": "КонецНачало5",
			"from": [9.55812, -0.01111, 12.58867],
			"to": [10.66923, 0.75812, 14.05235],
			"rotation": {"angle": 45, "axis": "y", "origin": [10.03889, -0.05385, 12.7703]},
			"faces": {
				"north": {"uv": [9.5, 7, 9.6875, 6.75], "rotation": 90, "texture": "#3"},
				"east": {"uv": [3.9375, 9.25, 3.75, 9.625], "rotation": 270, "texture": "#3"},
				"south": {"uv": [7, 9.75, 7.1875, 9.5], "rotation": 270, "texture": "#3"},
				"west": {"uv": [9.4375, 4.125, 9.25, 3.75], "rotation": 270, "texture": "#3"},
				"up": {"uv": [8, 9, 8.375, 8.75], "rotation": 270, "texture": "#3"},
				"down": {"uv": [8.75, 8.5, 9.125, 8.25], "rotation": 270, "texture": "#3"}
			}
		},
		{
			"name": "ПредКонец6",
			"from": [10.79595, 0.05299, 13.55298],
			"to": [12.25963, 0.69401, 14.51452],
			"rotation": {"angle": -22.5, "axis": "y", "origin": [12.15086, 0.63504, 13.89294]},
			"faces": {
				"north": {"uv": [4.1875, 9.25, 4, 9.625], "rotation": 270, "texture": "#3"},
				"east": {"uv": [7.25, 9.75, 7.4375, 9.5], "rotation": 270, "texture": "#3"},
				"south": {"uv": [4.4375, 9.625, 4.25, 9.25], "rotation": 270, "texture": "#3"},
				"west": {"uv": [9.5, 7.25, 9.6875, 7], "rotation": 90, "texture": "#3"},
				"up": {"uv": [9.125, 8.5, 8.75, 8.75], "texture": "#3"},
				"down": {"uv": [9.125, 8.75, 8.75, 9], "rotation": 180, "texture": "#3"}
			}
		},
		{
			"name": "Кончик7",
			"from": [12.24894, 0.1064, 13.58504],
			"to": [13.71261, 0.6406, 14.2688],
			"rotation": {"angle": -22.5, "axis": "y", "origin": [12.15086, 0.63504, 13.89294]},
			"faces": {
				"north": {"uv": [9.625, 7.25, 9.5, 7.625], "rotation": 270, "texture": "#3"},
				"east": {"uv": [9.75, 7.6875, 9.875, 7.5], "rotation": 270, "texture": "#3"},
				"south": {"uv": [8.125, 9.875, 8, 9.5], "rotation": 270, "texture": "#3"},
				"west": {"uv": [7.5, 9.9375, 7.625, 9.75], "rotation": 90, "texture": "#3"},
				"up": {"uv": [9.625, 4.25, 9.25, 4.4375], "texture": "#3"},
				"down": {"uv": [9.625, 4.5, 9.25, 4.6875], "rotation": 180, "texture": "#3"}
			}
		},
		{
			"name": "Таз",
			"from": [8.66239, 0.20513, 6.61111],
			"to": [10.90598, 2.34188, 9.17521],
			"rotation": {"angle": 0, "axis": "y", "origin": [10.47863, 0.84615, 8]},
			"faces": {
				"north": {"uv": [3, 7.3125, 3.5625, 6.75], "rotation": 90, "texture": "#3"},
				"east": {"uv": [4.3125, 6.5, 3.75, 7.125], "rotation": 270, "texture": "#3"},
				"south": {"uv": [4.5, 7.3125, 5.0625, 6.75], "rotation": 270, "texture": "#3"},
				"west": {"uv": [7.3125, 2.125, 6.75, 1.5], "rotation": 270, "texture": "#3"},
				"up": {"uv": [6.5, 1.3125, 7.125, 0.75], "rotation": 270, "texture": "#3"},
				"down": {"uv": [1.5, 7.0625, 2.125, 6.5], "rotation": 270, "texture": "#3"}
			}
		},
		{
			"name": "Среднее",
			"from": [8.41666, -0.00171, 4.7842],
			"to": [10.88461, 2.34871, 6.6218],
			"rotation": {"angle": 0, "axis": "y", "origin": [10.35043, 0.74615, 5.44659]},
			"faces": {
				"north": {"uv": [2.25, 7.375, 2.8125, 6.75], "rotation": 90, "texture": "#3"},
				"east": {"uv": [7.8125, 0, 7.25, 0.4375], "rotation": 270, "texture": "#3"},
				"south": {"uv": [6.75, 2.875, 7.3125, 2.25], "rotation": 270, "texture": "#3"},
				"west": {"uv": [7.8125, 0.9375, 7.25, 0.5], "rotation": 270, "texture": "#3"},
				"up": {"uv": [7, 3.625, 7.4375, 3], "rotation": 270, "texture": "#3"},
				"down": {"uv": [7, 4.375, 7.4375, 3.75], "rotation": 270, "texture": "#3"}
			}
		},
		{
			"name": "ПередГрудь",
			"from": [8.58141, -0.11218, 3.52586],
			"to": [11.18825, 2.40918, 5.64124],
			"rotation": {"angle": -22.5, "axis": "y", "origin": [10.68611, 0.72115, 4.46603]},
			"faces": {
				"north": {"uv": [6.5, 0.625, 7.125, 0], "rotation": 90, "texture": "#3"},
				"east": {"uv": [7.375, 5.25, 6.75, 5.75], "rotation": 270, "texture": "#3"},
				"south": {"uv": [0.75, 7.125, 1.375, 6.5], "rotation": 270, "texture": "#3"},
				"west": {"uv": [6.375, 7.25, 5.75, 6.75], "rotation": 270, "texture": "#3"},
				"up": {"uv": [6.75, 5.125, 7.25, 4.5], "rotation": 270, "texture": "#3"},
				"down": {"uv": [5.25, 7.375, 5.75, 6.75], "rotation": 270, "texture": "#3"}
			}
		},
		{
			"name": "РогОснованиеЛ",
			"from": [14.67718, 0.18931, 4.24442],
			"to": [14.9977, 0.40299, 4.9816],
			"rotation": {"angle": -22.5, "axis": "y", "origin": [15.50855, 0.83034, 2.78975]},
			"faces": {
				"north": {"uv": [2.3125, 10.8125, 2.25, 10.75], "rotation": 270, "texture": "#3"},
				"east": {"uv": [1.25, 10.1875, 1.3125, 10], "rotation": 90, "texture": "#3"},
				"south": {"uv": [10.8125, 2, 10.75, 2.0625], "rotation": 270, "texture": "#3"},
				"west": {"uv": [1.5, 10.1875, 1.5625, 10], "rotation": 270, "texture": "#3"},
				"up": {"uv": [10.0625, 1.25, 10, 1.4375], "rotation": 180, "texture": "#3"},
				"down": {"uv": [10.0625, 1.5, 10, 1.6875], "texture": "#3"}
			}
		},
		{
			"name": "ЛевоВыростБ",
			"from": [13.04655, 0.03974, 3.14654],
			"to": [13.7303, 0.1359, 3.40294],
			"rotation": {"angle": 22.5, "axis": "y", "origin": [15.50855, 0.83034, 2.78975]},
			"faces": {
				"north": {"uv": [10.0625, 2.1875, 10, 2], "rotation": 270, "texture": "#3"},
				"east": {"uv": [10.75, 2.3125, 10.8125, 2.25], "rotation": 90, "texture": "#3"},
				"south": {"uv": [2.0625, 10, 2, 10.1875], "rotation": 270, "texture": "#3"},
				"west": {"uv": [2.5, 10.8125, 2.5625, 10.75], "rotation": 270, "texture": "#3"},
				"up": {"uv": [1.9375, 10, 1.75, 10.0625], "rotation": 180, "texture": "#3"},
				"down": {"uv": [10.1875, 1.75, 10, 1.8125], "texture": "#3"}
			}
		},
		{
			"name": "ЛевоВыростМ",
			"from": [13.00975, 0.05043, 3.31017],
			"to": [13.24478, 0.12521, 3.44905],
			"rotation": {"angle": 22.5, "axis": "y", "origin": [15.50855, 0.83034, 2.78975]},
			"faces": {
				"north": {"uv": [3.3125, 10.8125, 3.25, 10.75], "rotation": 270, "texture": "#3"},
				"east": {"uv": [10.75, 2.5625, 10.8125, 2.5], "rotation": 90, "texture": "#3"},
				"south": {"uv": [10.8125, 3, 10.75, 3.0625], "rotation": 270, "texture": "#3"},
				"west": {"uv": [10.75, 2.8125, 10.8125, 2.75], "rotation": 270, "texture": "#3"},
				"up": {"uv": [2.8125, 10.75, 2.75, 10.8125], "rotation": 180, "texture": "#3"},
				"down": {"uv": [3.0625, 10.75, 3, 10.8125], "texture": "#3"}
			}
		},
		{
			"name": "Стебель1Лево",
			"from": [15.31326, 0.42008, 4.65853],
			"to": [15.44147, 0.43077, 5.4705],
			"rotation": {"angle": -45, "axis": "y", "origin": [15.50855, 0.83034, 2.78975]},
			"faces": {
				"north": {"uv": [3.5625, 10.8125, 3.5, 10.75], "rotation": 270, "texture": "#3"},
				"east": {"uv": [2.25, 10.1875, 2.3125, 10], "rotation": 90, "texture": "#3"},
				"south": {"uv": [10.8125, 3.25, 10.75, 3.3125], "rotation": 270, "texture": "#3"},
				"west": {"uv": [2.5, 10.1875, 2.5625, 10], "rotation": 270, "texture": "#3"},
				"up": {"uv": [10.0625, 2.25, 10, 2.4375], "rotation": 180, "texture": "#3"},
				"down": {"uv": [10.0625, 2.5, 10, 2.6875], "texture": "#3"}
			}
		},
		{
			"name": "Стебель2Лево",
			"from": [14.31079, 0.42436, 5.19407],
			"to": [14.42831, 0.42436, 5.73894],
			"rotation": {"angle": -22.5, "axis": "y", "origin": [15.50855, 0.83034, 2.78975]},
			"faces": {
				"north": {"uv": [0, 0.0625, 0, 0], "rotation": 270, "texture": "#3"},
				"east": {"uv": [0, 0.125, 0, 0], "rotation": 90, "texture": "#3"},
				"south": {"uv": [0, 0, 0, 0.0625], "rotation": 270, "texture": "#3"},
				"west": {"uv": [0, 0.125, 0, 0], "rotation": 270, "texture": "#3"},
				"up": {"uv": [10.3125, 3.75, 10.25, 3.875], "rotation": 180, "texture": "#3"},
				"down": {"uv": [4.0625, 10.25, 4, 10.375], "texture": "#3"}
			}
		},
		{
			"name": "ШарикЛево",
			"from": [13.2656, 0.37094, 5.04524],
			"to": [13.39381, 0.48846, 5.17345],
			"rotation": {"angle": 0, "axis": "y", "origin": [15.50855, 0.83034, 2.78975]},
			"faces": {
				"north": {"uv": [4.3125, 10.8125, 4.25, 10.75], "rotation": 270, "texture": "#3"},
				"east": {"uv": [10.75, 3.5625, 10.8125, 3.5], "rotation": 90, "texture": "#3"},
				"south": {"uv": [10.8125, 4, 10.75, 4.0625], "rotation": 270, "texture": "#3"},
				"west": {"uv": [10.75, 3.8125, 10.8125, 3.75], "rotation": 270, "texture": "#3"},
				"up": {"uv": [3.8125, 10.75, 3.75, 10.8125], "rotation": 180, "texture": "#3"},
				"down": {"uv": [4.0625, 10.75, 4, 10.8125], "texture": "#3"}
			}
		},
		{
			"name": "РогВерхЛ",
			"from": [15.65292, 0.2, 5.01531],
			"to": [15.85592, 0.39231, 5.52813],
			"rotation": {"angle": -45, "axis": "y", "origin": [15.50855, 0.83034, 2.78975]},
			"faces": {
				"north": {"uv": [10.75, 4.3125, 10.8125, 4.25], "rotation": 90, "texture": "#3"},
				"east": {"uv": [10.3125, 4.25, 10.25, 4.375], "rotation": 270, "texture": "#3"},
				"south": {"uv": [4.5, 10.8125, 4.5625, 10.75], "rotation": 270, "texture": "#3"},
				"west": {"uv": [4.5625, 10.375, 4.5, 10.25], "rotation": 270, "texture": "#3"},
				"up": {"uv": [10.25, 4.0625, 10.375, 4], "rotation": 270, "texture": "#3"},
				"down": {"uv": [4.25, 10.3125, 4.375, 10.25], "rotation": 270, "texture": "#3"}
			}
		},
		{
			"name": "ШарикПраво",
			"from": [13.2656, 0.95854, 5.04524],
			"to": [13.39381, 1.07606, 5.17345],
			"rotation": {"angle": 0, "axis": "y", "origin": [15.50855, 0.83034, 2.78975]},
			"faces": {
				"north": {"uv": [5.8125, 10.8125, 5.75, 10.75], "rotation": 270, "texture": "#3"},
				"east": {"uv": [10.75, 5.0625, 10.8125, 5], "rotation": 90, "texture": "#3"},
				"south": {"uv": [10.8125, 5.5, 10.75, 5.5625], "rotation": 270, "texture": "#3"},
				"west": {"uv": [10.75, 5.3125, 10.8125, 5.25], "rotation": 270, "texture": "#3"},
				"up": {"uv": [5.3125, 10.75, 5.25, 10.8125], "rotation": 180, "texture": "#3"},
				"down": {"uv": [5.5625, 10.75, 5.5, 10.8125], "texture": "#3"}
			}
		},
		{
			"name": "ПравоВыростМ",
			"from": [13.00975, 1.32179, 3.31017],
			"to": [13.24478, 1.39657, 3.44905],
			"rotation": {"angle": 22.5, "axis": "y", "origin": [15.50855, 0.83034, 2.78975]},
			"faces": {
				"north": {"uv": [6.5625, 10.8125, 6.5, 10.75], "rotation": 270, "texture": "#3"},
				"east": {"uv": [10.75, 5.8125, 10.8125, 5.75], "rotation": 90, "texture": "#3"},
				"south": {"uv": [10.8125, 6.25, 10.75, 6.3125], "rotation": 270, "texture": "#3"},
				"west": {"uv": [10.75, 6.0625, 10.8125, 6], "rotation": 270, "texture": "#3"},
				"up": {"uv": [6.0625, 10.75, 6, 10.8125], "rotation": 180, "texture": "#3"},
				"down": {"uv": [6.3125, 10.75, 6.25, 10.8125], "texture": "#3"}
			}
		},
		{
			"name": "Стебель1Прав",
			"from": [15.31326, 1.01623, 4.65853],
			"to": [15.44147, 1.02692, 5.4705],
			"rotation": {"angle": -45, "axis": "y", "origin": [15.50855, 0.83034, 2.78975]},
			"faces": {
				"north": {"uv": [6.8125, 10.8125, 6.75, 10.75], "rotation": 270, "texture": "#3"},
				"east": {"uv": [3.25, 10.1875, 3.3125, 10], "rotation": 90, "texture": "#3"},
				"south": {"uv": [10.8125, 6.5, 10.75, 6.5625], "rotation": 270, "texture": "#3"},
				"west": {"uv": [3.5, 10.1875, 3.5625, 10], "rotation": 270, "texture": "#3"},
				"up": {"uv": [10.0625, 3.25, 10, 3.4375], "rotation": 180, "texture": "#3"},
				"down": {"uv": [10.0625, 3.5, 10, 3.6875], "texture": "#3"}
			}
		},
		{
			"name": "Стебель2Право",
			"from": [14.31079, 1.02264, 5.19407],
			"to": [14.42831, 1.02264, 5.73894],
			"rotation": {"angle": -22.5, "axis": "y", "origin": [15.50855, 0.83034, 2.78975]},
			"faces": {
				"north": {"uv": [0, 0.0625, 0, 0], "rotation": 270, "texture": "#3"},
				"east": {"uv": [0, 0.125, 0, 0], "rotation": 90, "texture": "#3"},
				"south": {"uv": [0, 0, 0, 0.0625], "rotation": 270, "texture": "#3"},
				"west": {"uv": [0, 0.125, 0, 0], "rotation": 270, "texture": "#3"},
				"up": {"uv": [10.3125, 5, 10.25, 5.125], "rotation": 180, "texture": "#3"},
				"down": {"uv": [5.3125, 10.25, 5.25, 10.375], "texture": "#3"}
			}
		},
		{
			"name": "РогОснованиеП",
			"from": [14.67718, 1.04401, 4.24442],
			"to": [14.9977, 1.25769, 4.9816],
			"rotation": {"angle": -22.5, "axis": "y", "origin": [15.50855, 0.83034, 2.78975]},
			"faces": {
				"north": {"uv": [7.0625, 10.8125, 7, 10.75], "rotation": 270, "texture": "#3"},
				"east": {"uv": [3.75, 10.1875, 3.8125, 10], "rotation": 90, "texture": "#3"},
				"south": {"uv": [10.8125, 6.75, 10.75, 6.8125], "rotation": 270, "texture": "#3"},
				"west": {"uv": [4, 10.1875, 4.0625, 10], "rotation": 270, "texture": "#3"},
				"up": {"uv": [10.0625, 3.75, 10, 3.9375], "rotation": 180, "texture": "#3"},
				"down": {"uv": [10.0625, 4, 10, 4.1875], "texture": "#3"}
			}
		},
		{
			"name": "ПравоВыростБ",
			"from": [13.04655, 1.3111, 3.14654],
			"to": [13.7303, 1.40726, 3.40294],
			"rotation": {"angle": 22.5, "axis": "y", "origin": [15.50855, 0.83034, 2.78975]},
			"faces": {
				"north": {"uv": [10.0625, 4.6875, 10, 4.5], "rotation": 270, "texture": "#3"},
				"east": {"uv": [10.75, 7.0625, 10.8125, 7], "rotation": 90, "texture": "#3"},
				"south": {"uv": [4.5625, 10, 4.5, 10.1875], "rotation": 270, "texture": "#3"},
				"west": {"uv": [7.25, 10.8125, 7.3125, 10.75], "rotation": 270, "texture": "#3"},
				"up": {"uv": [4.4375, 10, 4.25, 10.0625], "rotation": 180, "texture": "#3"},
				"down": {"uv": [10.1875, 4.25, 10, 4.3125], "texture": "#3"}
			}
		},
		{
			"name": "РогВерхП",
			"from": [15.65292, 1.05469, 5.01531],
			"to": [15.85592, 1.247, 5.52813],
			"rotation": {"angle": -45, "axis": "y", "origin": [15.50855, 0.83034, 2.78975]},
			"faces": {
				"north": {"uv": [10.75, 7.3125, 10.8125, 7.25], "rotation": 90, "texture": "#3"},
				"east": {"uv": [10.3125, 5.5, 10.25, 5.625], "rotation": 270, "texture": "#3"},
				"south": {"uv": [7.5, 10.8125, 7.5625, 10.75], "rotation": 270, "texture": "#3"},
				"west": {"uv": [5.8125, 10.375, 5.75, 10.25], "rotation": 270, "texture": "#3"},
				"up": {"uv": [10.25, 5.3125, 10.375, 5.25], "rotation": 270, "texture": "#3"},
				"down": {"uv": [5.5, 10.3125, 5.625, 10.25], "rotation": 270, "texture": "#3"}
			}
		},
		{
			"name": "Стебель1Верх",
			"from": [16.85449, 0.7235, 2.3319],
			"to": [17.02774, 0.7235, 3.05378],
			"rotation": {"angle": 0, "axis": "y", "origin": [15.50855, 0.83034, 2.78975]},
			"faces": {
				"north": {"uv": [0, 0.0625, 0, 0], "rotation": 270, "texture": "#3"},
				"east": {"uv": [0, 0.1875, 0, 0], "rotation": 90, "texture": "#3"},
				"south": {"uv": [0, 0, 0, 0.0625], "rotation": 270, "texture": "#3"},
				"west": {"uv": [0, 0.1875, 0, 0], "rotation": 270, "texture": "#3"},
				"up": {"uv": [6.3125, 10, 6.25, 10.1875], "rotation": 180, "texture": "#3"},
				"down": {"uv": [10.0625, 6.25, 10, 6.4375], "texture": "#3"}
			}
		},
		{
			"name": "Стебель1Низ",
			"from": [14.83829, 0.7235, 0.76313],
			"to": [15.30029, 0.7235, 0.90751],
			"rotation": {"angle": -22.5, "axis": "y", "origin": [14.95855, 0.83034, 2.63975]},
			"faces": {
				"north": {"uv": [0, 0.125, 0, 0], "rotation": 90, "texture": "#3"},
				"east": {"uv": [0, 0, 0, 0.0625], "rotation": 270, "texture": "#3"},
				"south": {"uv": [0, 0.125, 0, 0], "rotation": 270, "texture": "#3"},
				"west": {"uv": [0, 0.0625, 0, 0], "rotation": 270, "texture": "#3"},
				"up": {"uv": [10.25, 7.375, 10.3125, 7.25], "rotation": 270, "texture": "#3"},
				"down": {"uv": [7.5, 10.375, 7.5625, 10.25], "rotation": 270, "texture": "#3"}
			}
		},
		{
			"name": "Стебель2Низ",
			"from": [14.64782, 0.7235, 1.10003],
			"to": [15.16757, 0.7235, 1.2444],
			"rotation": {"angle": -22.5, "axis": "y", "origin": [14.95855, 0.83034, 2.63975]},
			"faces": {
				"north": {"uv": [0, 0.125, 0, 0], "rotation": 90, "texture": "#3"},
				"east": {"uv": [0, 0, 0, 0.0625], "rotation": 270, "texture": "#3"},
				"south": {"uv": [0, 0.125, 0, 0], "rotation": 270, "texture": "#3"},
				"west": {"uv": [0, 0.0625, 0, 0], "rotation": 270, "texture": "#3"},
				"up": {"uv": [10.25, 7.625, 10.3125, 7.5], "rotation": 270, "texture": "#3"},
				"down": {"uv": [7.75, 10.375, 7.8125, 10.25], "rotation": 270, "texture": "#3"}
			}
		},
		{
			"name": "Стебель3Низ",
			"from": [13.96189, 0.7235, 1.641],
			"to": [14.51051, 0.7235, 1.78537],
			"rotation": {"angle": -45, "axis": "y", "origin": [14.95855, 0.83034, 2.63975]},
			"faces": {
				"north": {"uv": [0, 0.125, 0, 0], "rotation": 90, "texture": "#3"},
				"east": {"uv": [0, 0, 0, 0.0625], "rotation": 270, "texture": "#3"},
				"south": {"uv": [0, 0.125, 0, 0], "rotation": 270, "texture": "#3"},
				"west": {"uv": [0, 0.0625, 0, 0], "rotation": 270, "texture": "#3"},
				"up": {"uv": [10.25, 7.875, 10.3125, 7.75], "rotation": 270, "texture": "#3"},
				"down": {"uv": [8, 10.375, 8.0625, 10.25], "rotation": 270, "texture": "#3"}
			}
		},
		{
			"name": "Стебель2Верх",
			"from": [16.23368, 0.7235, 2.63509],
			"to": [16.4358, 0.7235, 3.53021],
			"rotation": {"angle": 0, "axis": "y", "origin": [15.50855, 0.83034, 2.78975]},
			"faces": {
				"north": {"uv": [0, 0.0625, 0, 0], "rotation": 270, "texture": "#3"},
				"east": {"uv": [0, 0.25, 0, 0], "rotation": 90, "texture": "#3"},
				"south": {"uv": [0, 0, 0, 0.0625], "rotation": 270, "texture": "#3"},
				"west": {"uv": [0, 0.25, 0, 0], "rotation": 270, "texture": "#3"},
				"up": {"uv": [9.8125, 9, 9.75, 9.25], "rotation": 180, "texture": "#3"},
				"down": {"uv": [9.3125, 9.75, 9.25, 10], "texture": "#3"}
			}
		},
		{
			"name": "Стебель3Верх",
			"from": [15.61286, 0.7235, 3.28478],
			"to": [15.82942, 0.7235, 4.0644],
			"rotation": {"angle": 0, "axis": "y", "origin": [15.50855, 0.83034, 2.78975]},
			"faces": {
				"north": {"uv": [0, 0.0625, 0, 0], "rotation": 270, "texture": "#3"},
				"east": {"uv": [0, 0.1875, 0, 0], "rotation": 90, "texture": "#3"},
				"south": {"uv": [0, 0, 0, 0.0625], "rotation": 270, "texture": "#3"},
				"west": {"uv": [0, 0.1875, 0, 0], "rotation": 270, "texture": "#3"},
				"up": {"uv": [6.5625, 10, 6.5, 10.1875], "rotation": 180, "texture": "#3"},
				"down": {"uv": [10.0625, 6.5, 10, 6.6875], "texture": "#3"}
			}
		},
		{
			"name": "Шарик1Верх",
			"from": [16.65222, 0.62725, 3.45462],
			"to": [16.84472, 0.81975, 3.64712],
			"rotation": {"angle": 22.5, "axis": "y", "origin": [15.50855, 0.83034, 2.78975]},
			"faces": {
				"north": {"uv": [9.8125, 10.8125, 9.75, 10.75], "rotation": 270, "texture": "#3"},
				"east": {"uv": [10.75, 9.0625, 10.8125, 9], "rotation": 90, "texture": "#3"},
				"south": {"uv": [10.8125, 9.5, 10.75, 9.5625], "rotation": 270, "texture": "#3"},
				"west": {"uv": [10.75, 9.3125, 10.8125, 9.25], "rotation": 270, "texture": "#3"},
				"up": {"uv": [9.3125, 10.75, 9.25, 10.8125], "rotation": 180, "texture": "#3"},
				"down": {"uv": [9.5625, 10.75, 9.5, 10.8125], "texture": "#3"}
			}
		},
		{
			"name": "Шарик1Низ",
			"from": [14.11961, 0.6465, 0.90988],
			"to": [14.29286, 0.8005, 1.08313],
			"rotation": {"angle": -45, "axis": "y", "origin": [14.95855, 0.83034, 2.63975]},
			"faces": {
				"north": {"uv": [10.75, 9.8125, 10.8125, 9.75], "rotation": 90, "texture": "#3"},
				"east": {"uv": [10.8125, 10.25, 10.75, 10.3125], "rotation": 270, "texture": "#3"},
				"south": {"uv": [10.75, 10.0625, 10.8125, 10], "rotation": 270, "texture": "#3"},
				"west": {"uv": [10.5625, 10.8125, 10.5, 10.75], "rotation": 270, "texture": "#3"},
				"up": {"uv": [10, 10.8125, 10.0625, 10.75], "rotation": 270, "texture": "#3"},
				"down": {"uv": [10.25, 10.8125, 10.3125, 10.75], "rotation": 270, "texture": "#3"}
			}
		},
		{
			"name": "Шарик2Низ",
			"from": [14.00048, 0.6465, 1.29809],
			"to": [14.17373, 0.8005, 1.47134],
			"rotation": {"angle": -45, "axis": "y", "origin": [14.95855, 0.83034, 2.63975]},
			"faces": {
				"north": {"uv": [10.75, 10.5625, 10.8125, 10.5], "rotation": 90, "texture": "#3"},
				"east": {"uv": [0.3125, 11, 0.25, 11.0625], "rotation": 270, "texture": "#3"},
				"south": {"uv": [0, 11.0625, 0.0625, 11], "rotation": 270, "texture": "#3"},
				"west": {"uv": [11.0625, 0.3125, 11, 0.25], "rotation": 270, "texture": "#3"},
				"up": {"uv": [10.75, 10.8125, 10.8125, 10.75], "rotation": 270, "texture": "#3"},
				"down": {"uv": [11, 0.0625, 11.0625, 0], "rotation": 270, "texture": "#3"}
			}
		},
		{
			"name": "Шарик3Низ",
			"from": [15.3429, 0.62725, 1.25246],
			"to": [15.5354, 0.81975, 1.44496],
			"rotation": {"angle": 22.5, "axis": "y", "origin": [14.95855, 0.83034, 2.63975]},
			"faces": {
				"north": {"uv": [11.0625, 1.0625, 11, 1], "rotation": 270, "texture": "#3"},
				"east": {"uv": [0.5, 11.0625, 0.5625, 11], "rotation": 90, "texture": "#3"},
				"south": {"uv": [1.0625, 11, 1, 11.0625], "rotation": 270, "texture": "#3"},
				"west": {"uv": [0.75, 11.0625, 0.8125, 11], "rotation": 270, "texture": "#3"},
				"up": {"uv": [11.0625, 0.5, 11, 0.5625], "rotation": 180, "texture": "#3"},
				"down": {"uv": [11.0625, 0.75, 11, 0.8125], "texture": "#3"}
			}
		},
		{
			"name": "Шарик2Верх",
			"from": [15.89894, 0.6157, 3.6635],
			"to": [16.11069, 0.82745, 3.87525],
			"rotation": {"angle": 22.5, "axis": "y", "origin": [15.50855, 0.83034, 2.78975]},
			"faces": {
				"north": {"uv": [11.0625, 1.8125, 11, 1.75], "rotation": 270, "texture": "#3"},
				"east": {"uv": [1.25, 11.0625, 1.3125, 11], "rotation": 90, "texture": "#3"},
				"south": {"uv": [1.8125, 11, 1.75, 11.0625], "rotation": 270, "texture": "#3"},
				"west": {"uv": [1.5, 11.0625, 1.5625, 11], "rotation": 270, "texture": "#3"},
				"up": {"uv": [11.0625, 1.25, 11, 1.3125], "rotation": 180, "texture": "#3"},
				"down": {"uv": [11.0625, 1.5, 11, 1.5625], "texture": "#3"}
			}
		},
		{
			"name": "Шарие3Верх",
			"from": [15.10883, 0.608, 3.96131],
			"to": [15.33983, 0.839, 4.19231],
			"rotation": {"angle": 22.5, "axis": "y", "origin": [15.50855, 0.83034, 2.78975]},
			"faces": {
				"north": {"uv": [11.0625, 2.5625, 11, 2.5], "rotation": 270, "texture": "#3"},
				"east": {"uv": [2, 11.0625, 2.0625, 11], "rotation": 90, "texture": "#3"},
				"south": {"uv": [2.5625, 11, 2.5, 11.0625], "rotation": 270, "texture": "#3"},
				"west": {"uv": [2.25, 11.0625, 2.3125, 11], "rotation": 270, "texture": "#3"},
				"up": {"uv": [11.0625, 2, 11, 2.0625], "rotation": 180, "texture": "#3"},
				"down": {"uv": [11.0625, 2.25, 11, 2.3125], "texture": "#3"}
			}
		},
		{
			"name": "Клюв3Низ",
			"from": [14.39653, 0.08248, 2.52697],
			"to": [14.86662, 1.36452, 4.43936],
			"rotation": {"angle": -45, "axis": "y", "origin": [14.95855, 0.83034, 2.63975]},
			"faces": {
				"north": {"uv": [9.5, 9.625, 9.8125, 9.5], "rotation": 90, "texture": "#3"},
				"east": {"uv": [0.3125, 7.75, 0, 8.25], "rotation": 270, "texture": "#3"},
				"south": {"uv": [9.75, 0.125, 10.0625, 0], "rotation": 270, "texture": "#3"},
				"west": {"uv": [8.0625, 1.5, 7.75, 1], "rotation": 270, "texture": "#3"},
				"up": {"uv": [9.25, 5.875, 9.75, 5.75], "rotation": 270, "texture": "#3"},
				"down": {"uv": [9.25, 6.125, 9.75, 6], "rotation": 270, "texture": "#3"}
			}
		},
		{
			"name": "Клюв4Верх",
			"from": [14.77732, 0.06111, 2.69782],
			"to": [15.62133, 1.38589, 3.38158],
			"rotation": {"angle": 22.5, "axis": "y", "origin": [15.50855, 0.83034, 2.78975]},
			"faces": {
				"north": {"uv": [8.8125, 9.4375, 8.5, 9.25], "rotation": 270, "texture": "#3"},
				"east": {"uv": [9.25, 7.9375, 9.5625, 7.75], "rotation": 90, "texture": "#3"},
				"south": {"uv": [9.5625, 8.25, 9.25, 8.4375], "rotation": 270, "texture": "#3"},
				"west": {"uv": [9.25, 8.1875, 9.5625, 8], "rotation": 270, "texture": "#3"},
				"up": {"uv": [3.1875, 9.75, 3, 9.9375], "rotation": 180, "texture": "#3"},
				"down": {"uv": [9.9375, 3, 9.75, 3.1875], "texture": "#3"}
			}
		},
		{
			"name": "Клюв5Верх",
			"from": [13.65552, -0.05641, 2.69782],
			"to": [14.77732, 1.50342, 3.46705],
			"rotation": {"angle": 22.5, "axis": "y", "origin": [15.50855, 0.83034, 2.78975]},
			"faces": {
				"north": {"uv": [6.375, 9, 6, 8.75], "rotation": 270, "texture": "#3"},
				"east": {"uv": [3.25, 9.4375, 3.625, 9.25], "rotation": 90, "texture": "#3"},
				"south": {"uv": [8.875, 6.5, 8.5, 6.75], "rotation": 270, "texture": "#3"},
				"west": {"uv": [9.25, 3.6875, 9.625, 3.5], "rotation": 270, "texture": "#3"},
				"up": {"uv": [9.75, 2, 9.5, 2.1875], "rotation": 180, "texture": "#3"},
				"down": {"uv": [9.75, 2.25, 9.5, 2.4375], "texture": "#3"}
			}
		},
		{
			"name": "Клюв2Низ",
			"from": [14.46064, 0.18931, 1.46927],
			"to": [14.86662, 1.25769, 2.52697],
			"rotation": {"angle": -45, "axis": "y", "origin": [14.95855, 0.83034, 2.63975]},
			"faces": {
				"north": {"uv": [4, 9.875, 4.25, 9.75], "rotation": 90, "texture": "#3"},
				"east": {"uv": [2.5, 5.75, 2.25, 6], "rotation": 270, "texture": "#3"},
				"south": {"uv": [4.25, 9.875, 4.5, 9.75], "rotation": 270, "texture": "#3"},
				"west": {"uv": [4.75, 6.75, 4.5, 6.5], "rotation": 270, "texture": "#3"},
				"up": {"uv": [9.75, 4.125, 10, 4], "rotation": 270, "texture": "#3"},
				"down": {"uv": [9.75, 4.375, 10, 4.25], "rotation": 270, "texture": "#3"}
			}
		},
		{
			"name": "Клюв3Верх",
			"from": [15.62133, 0.16795, 2.69782],
			"to": [16.25167, 1.27906, 3.13585],
			"rotation": {"angle": 22.5, "axis": "y", "origin": [15.50855, 0.83034, 2.78975]},
			"faces": {
				"north": {"uv": [9.75, 2.9375, 9.5, 2.75], "rotation": 270, "texture": "#3"},
				"east": {"uv": [4.5, 9.875, 4.75, 9.75], "rotation": 90, "texture": "#3"},
				"south": {"uv": [9.75, 2.5, 9.5, 2.6875], "rotation": 270, "texture": "#3"},
				"west": {"uv": [9.75, 4.625, 10, 4.5], "rotation": 270, "texture": "#3"},
				"up": {"uv": [7.1875, 9.75, 7, 9.875], "rotation": 180, "texture": "#3"},
				"down": {"uv": [9.9375, 7, 9.75, 7.125], "texture": "#3"}
			}
		},
		{
			"name": "Клюв2Верх",
			"from": [16.25167, 0.18931, 2.69782],
			"to": [16.67903, 1.25769, 3.02901],
			"rotation": {"angle": 22.5, "axis": "y", "origin": [15.50855, 0.83034, 2.78975]},
			"faces": {
				"north": {"uv": [10, 4.875, 9.75, 4.75], "rotation": 270, "texture": "#3"},
				"east": {"uv": [9.75, 8.3125, 10, 8.25], "rotation": 90, "texture": "#3"},
				"south": {"uv": [5, 9.75, 4.75, 9.875], "rotation": 270, "texture": "#3"},
				"west": {"uv": [8.5, 9.8125, 8.75, 9.75], "rotation": 270, "texture": "#3"},
				"up": {"uv": [10.375, 3.5, 10.25, 3.5625], "rotation": 180, "texture": "#3"},
				"down": {"uv": [3.875, 10.25, 3.75, 10.3125], "texture": "#3"}
			}
		},
		{
			"name": "Клюв1Низ",
			"from": [14.53542, 0.29615, 0.42228],
			"to": [14.86662, 1.15085, 1.46927],
			"rotation": {"angle": -45, "axis": "y", "origin": [14.95855, 0.83034, 2.63975]},
			"faces": {
				"north": {"uv": [0.75, 10.0625, 0.9375, 10], "rotation": 90, "texture": "#3"},
				"east": {"uv": [9.6875, 3, 9.5, 3.25], "rotation": 270, "texture": "#3"},
				"south": {"uv": [10, 0.8125, 10.1875, 0.75], "rotation": 270, "texture": "#3"},
				"west": {"uv": [3.4375, 9.75, 3.25, 9.5], "rotation": 270, "texture": "#3"},
				"up": {"uv": [9.75, 8.5625, 10, 8.5], "rotation": 270, "texture": "#3"},
				"down": {"uv": [8.75, 9.8125, 9, 9.75], "rotation": 270, "texture": "#3"}
			}
		},
		{
			"name": "Клюв1Верх",
			"from": [16.67903, 0.29615, 2.68713],
			"to": [17.72602, 1.15085, 2.95423],
			"rotation": {"angle": 22.5, "axis": "y", "origin": [15.50855, 0.83034, 2.78975]},
			"faces": {
				"north": {"uv": [3.6875, 9.75, 3.5, 9.5], "rotation": 270, "texture": "#3"},
				"east": {"uv": [1, 10.0625, 1.1875, 10], "rotation": 90, "texture": "#3"},
				"south": {"uv": [9.6875, 3.25, 9.5, 3.5], "rotation": 270, "texture": "#3"},
				"west": {"uv": [10, 1.0625, 10.1875, 1], "rotation": 270, "texture": "#3"},
				"up": {"uv": [10, 8.75, 9.75, 8.8125], "rotation": 180, "texture": "#3"},
				"down": {"uv": [9.25, 9.75, 9, 9.8125], "texture": "#3"}
			}
		},
		{
			"name": "Начало1",
			"from": [10.62372, 0.03696, 2.4171],
			"to": [12.47201, 1.96004, 4.09445],
			"rotation": {"angle": -45, "axis": "y", "origin": [11.29679, 0.57115, 2.4171]},
			"faces": {
				"north": {"uv": [7.25, 1.4375, 7.75, 1], "rotation": 90, "texture": "#3"},
				"east": {"uv": [7.75, 5.75, 7.25, 6.1875], "rotation": 270, "texture": "#3"},
				"south": {"uv": [7.25, 4.9375, 7.75, 4.5], "rotation": 270, "texture": "#3"},
				"west": {"uv": [6.5, 7.6875, 6, 7.25], "rotation": 270, "texture": "#3"},
				"up": {"uv": [2.75, 7.9375, 3.1875, 7.5], "rotation": 270, "texture": "#3"},
				"down": {"uv": [3.25, 7.9375, 3.6875, 7.5], "rotation": 270, "texture": "#3"}
			}
		},
		{
			"name": "Продл2",
			"from": [10.96944, 0.07201, 2.08697],
			"to": [12.57201, 1.525, 3.56133],
			"rotation": {"angle": 0, "axis": "y", "origin": [11.93098, 0.37115, 2.25791]},
			"faces": {
				"north": {"uv": [7.75, 2.875, 8.125, 2.5], "rotation": 90, "texture": "#3"},
				"east": {"uv": [8.125, 6.75, 7.75, 7.125], "rotation": 270, "texture": "#3"},
				"south": {"uv": [7.75, 6.125, 8.125, 5.75], "rotation": 270, "texture": "#3"},
				"west": {"uv": [8.125, 7.625, 7.75, 7.25], "rotation": 270, "texture": "#3"},
				"up": {"uv": [7.75, 4.875, 8.125, 4.5], "rotation": 270, "texture": "#3"},
				"down": {"uv": [6, 8.125, 6.375, 7.75], "rotation": 270, "texture": "#3"}
			}
		},
		{
			"name": "ПРодл3",
			"from": [12.42586, 0.10748, 2.53399],
			"to": [13.68654, 1.38952, 3.88014],
			"rotation": {"angle": -22.5, "axis": "y", "origin": [13.38739, 0.32115, 2.63013]},
			"faces": {
				"north": {"uv": [8.75, 0.3125, 9.0625, 0], "rotation": 90, "texture": "#3"},
				"east": {"uv": [9.0625, 3.5, 8.75, 3.8125], "rotation": 270, "texture": "#3"},
				"south": {"uv": [8.75, 3.3125, 9.0625, 3], "rotation": 270, "texture": "#3"},
				"west": {"uv": [9.0625, 4.3125, 8.75, 4], "rotation": 270, "texture": "#3"},
				"up": {"uv": [8.75, 0.8125, 9.0625, 0.5], "rotation": 270, "texture": "#3"},
				"down": {"uv": [3.25, 9.0625, 3.5625, 8.75], "rotation": 270, "texture": "#3"}
			}
		},
		{
			"name": "Конец4",
			"from": [12.91901, 0.07884, 2.57907],
			"to": [14.14765, 1.31816, 4.27779],
			"rotation": {"angle": 22.5, "axis": "y", "origin": [14.15833, 0.27115, 3.83975]},
			"faces": {
				"north": {"uv": [9.0625, 5.3125, 8.75, 5], "rotation": 270, "texture": "#3"},
				"east": {"uv": [8, 6.6875, 8.3125, 6.25], "rotation": 90, "texture": "#3"},
				"south": {"uv": [9.0625, 4.5, 8.75, 4.8125], "rotation": 270, "texture": "#3"},
				"west": {"uv": [8, 8.1875, 8.3125, 7.75], "rotation": 270, "texture": "#3"},
				"up": {"uv": [7.3125, 8, 7, 8.4375], "rotation": 180, "texture": "#3"},
				"down": {"uv": [0.3125, 8.25, 0, 8.6875], "texture": "#3"}
			}
		},
		{
			"name": "ГорлвойМешокБ",
			"from": [13.14084, 0.49813, 1.75115],
			"to": [14.41134, 1.24888, 3.36815],
			"rotation": {"angle": -22.5, "axis": "y", "origin": [13.11851, 0.8735, 2.23725]},
			"faces": {
				"north": {"uv": [0, 9.8125, 0.1875, 9.5], "rotation": 90, "texture": "#3"},
				"east": {"uv": [9.4375, 4.75, 9.25, 5.125], "rotation": 270, "texture": "#3"},
				"south": {"uv": [0.25, 9.8125, 0.4375, 9.5], "rotation": 270, "texture": "#3"},
				"west": {"uv": [9.4375, 5.625, 9.25, 5.25], "rotation": 270, "texture": "#3"},
				"up": {"uv": [8.5, 2.8125, 8.875, 2.5], "rotation": 270, "texture": "#3"},
				"down": {"uv": [2.75, 8.8125, 3.125, 8.5], "rotation": 270, "texture": "#3"}
			}
		},
		{
			"name": "ГорловойМешокСр",
			"from": [11.95036, 0.54144, 2.00746],
			"to": [13.22086, 1.20556, 2.72933],
			"rotation": {"angle": -22.5, "axis": "y", "origin": [13.16851, 0.8735, 2.11225]},
			"faces": {
				"north": {"uv": [0.5, 9.8125, 0.6875, 9.5], "rotation": 90, "texture": "#3"},
				"east": {"uv": [3.4375, 9.75, 3.25, 9.9375], "rotation": 270, "texture": "#3"},
				"south": {"uv": [0.75, 9.8125, 0.9375, 9.5], "rotation": 270, "texture": "#3"},
				"west": {"uv": [9.9375, 3.4375, 9.75, 3.25], "rotation": 270, "texture": "#3"},
				"up": {"uv": [9.5, 0.8125, 9.6875, 0.5], "rotation": 270, "texture": "#3"},
				"down": {"uv": [1, 9.8125, 1.1875, 9.5], "rotation": 270, "texture": "#3"}
			}
		},
		{
			"name": "ГорловойМешкМ",
			"from": [11.33897, 0.55588, 1.68428],
			"to": [12.04641, 1.19113, 2.13185],
			"rotation": {"angle": 0, "axis": "y", "origin": [13.14351, 0.8735, 1.51225]},
			"faces": {
				"north": {"uv": [3.5, 9.9375, 3.6875, 9.75], "rotation": 90, "texture": "#3"},
				"east": {"uv": [9.9375, 8, 9.75, 8.125], "rotation": 270, "texture": "#3"},
				"south": {"uv": [9.75, 3.6875, 9.9375, 3.5], "rotation": 270, "texture": "#3"},
				"west": {"uv": [8.4375, 9.875, 8.25, 9.75], "rotation": 270, "texture": "#3"},
				"up": {"uv": [7.75, 9.9375, 7.875, 9.75], "rotation": 270, "texture": "#3"},
				"down": {"uv": [9.75, 7.9375, 9.875, 7.75], "rotation": 270, "texture": "#3"}
			}
		},
		{
			"name": "ОснованиеМышца",
			"from": [9.66882, -0.44632, 5.14138],
			"to": [10.7777, 0.25618, 6.96888],
			"rotation": {"angle": 22.5, "axis": "z", "origin": [9.89207, -0.54069, 5.14138]},
			"faces": {
				"north": {"uv": [9.75, 8.75, 9.5, 8.9375], "rotation": 180, "texture": "#3"},
				"east": {"uv": [0.6875, 9.25, 0.25, 9.4375], "rotation": 180, "texture": "#3"},
				"south": {"uv": [9.5, 9.5, 9.25, 9.6875], "rotation": 180, "texture": "#3"},
				"west": {"uv": [9.6875, 0.25, 9.25, 0.4375], "rotation": 180, "texture": "#3"},
				"up": {"uv": [8.5, 6, 8.75, 6.4375], "rotation": 180, "texture": "#3"},
				"down": {"uv": [8.5, 5.4375, 8.75, 5], "rotation": 180, "texture": "#3"}
			}
		},
		{
			"name": "ПервыйСегмент",
			"from": [8.97024, -0.54038, 6.74398],
			"to": [10.9928, 0.06494, 12.55098],
			"rotation": {"angle": 45, "axis": "y", "origin": [8.22333, -0.12488, 7.59356]},
			"faces": {
				"north": {"uv": [9.25, 7.25, 9.375, 6.75], "rotation": 90, "texture": "#3"},
				"east": {"uv": [5.125, 7.5, 5, 8.9375], "rotation": 270, "texture": "#3"},
				"south": {"uv": [9.25, 7.75, 9.375, 7.25], "rotation": 270, "texture": "#3"},
				"west": {"uv": [5.375, 8.9375, 5.25, 7.5], "rotation": 270, "texture": "#3"},
				"up": {"uv": [5.5, 4, 6.9375, 3.5], "rotation": 270, "texture": "#3"},
				"down": {"uv": [5.5, 4.5, 6.9375, 4], "rotation": 270, "texture": "#3"}
			}
		},
		{
			"name": "ВторойСегмент",
			"from": [7.13458, -0.40444, 6.49492],
			"to": [13.51596, 0.11812, 9.27523],
			"rotation": {"angle": -22.5, "axis": "y", "origin": [7.72333, -0.12488, 7.09356]},
			"faces": {
				"north": {"uv": [2.25, 9.125, 2.375, 7.5], "rotation": 90, "texture": "#3"},
				"east": {"uv": [6.875, 9, 6.75, 9.6875], "rotation": 270, "texture": "#3"},
				"south": {"uv": [2.5, 9.125, 2.625, 7.5], "rotation": 270, "texture": "#3"},
				"west": {"uv": [9.125, 7.6875, 9, 7], "rotation": 270, "texture": "#3"},
				"up": {"uv": [4, 4.875, 4.6875, 3.25], "rotation": 270, "texture": "#3"},
				"down": {"uv": [0, 6.125, 0.6875, 4.5], "rotation": 270, "texture": "#3"}
			}
		},
		{
			"name": "КонецКрыла",
			"from": [7.32856, -0.30345, 7.28146],
			"to": [10.305, 0.14024, 15.79959],
			"rotation": {"angle": -45, "axis": "y", "origin": [8.04833, 0.02512, 7.09356]},
			"faces": {
				"north": {"uv": [2.75, 9.75, 2.875, 9], "rotation": 270, "texture": "#3"},
				"east": {"uv": [1.125, 9.375, 1, 7.25], "rotation": 90, "texture": "#3"},
				"south": {"uv": [3, 9.75, 3.125, 9], "rotation": 90, "texture": "#3"},
				"west": {"uv": [0.875, 7.25, 0.75, 9.375], "rotation": 90, "texture": "#3"},
				"up": {"uv": [1, 3.75, 3.125, 3], "rotation": 90, "texture": "#3"},
				"down": {"uv": [3, 1.5, 5.125, 0.75], "rotation": 90, "texture": "#3"}
			}
		},
		{
			"name": "ПалецБольш",
			"from": [6.80245, -0.22063, 6.53962],
			"to": [7.4377, 0.03925, 6.81394],
			"rotation": {"angle": 22.5, "axis": "y", "origin": [7.72333, -0.12488, 7.09356]},
			"faces": {
				"north": {"uv": [5.25, 10.1875, 5.3125, 10], "rotation": 90, "texture": "#3"},
				"east": {"uv": [10.8125, 8, 10.75, 8.0625], "rotation": 270, "texture": "#3"},
				"south": {"uv": [5.5, 10.1875, 5.5625, 10], "rotation": 270, "texture": "#3"},
				"west": {"uv": [8.3125, 10.8125, 8.25, 10.75], "rotation": 270, "texture": "#3"},
				"up": {"uv": [10, 5.4375, 10.0625, 5.25], "rotation": 270, "texture": "#3"},
				"down": {"uv": [10, 5.6875, 10.0625, 5.5], "rotation": 270, "texture": "#3"}
			}
		},
		{
			"name": "ПалецМеньш",
			"from": [6.88908, -0.365, 6.64069],
			"to": [7.35108, -0.2495, 6.84281],
			"rotation": {"angle": 22.5, "axis": "y", "origin": [7.72333, -0.12488, 7.09356]},
			"faces": {
				"north": {"uv": [10.25, 6.375, 10.3125, 6.25], "rotation": 90, "texture": "#3"},
				"east": {"uv": [10.8125, 8.25, 10.75, 8.3125], "rotation": 270, "texture": "#3"},
				"south": {"uv": [10.25, 6.625, 10.3125, 6.5], "rotation": 270, "texture": "#3"},
				"west": {"uv": [8.5625, 10.8125, 8.5, 10.75], "rotation": 270, "texture": "#3"},
				"up": {"uv": [6.5, 10.375, 6.5625, 10.25], "rotation": 270, "texture": "#3"},
				"down": {"uv": [6.75, 10.375, 6.8125, 10.25], "rotation": 270, "texture": "#3"}
			}
		},
		{
			"name": "КоготьМеньш",
			"from": [6.41376, -0.35056, 7.00067],
			"to": [6.87576, -0.26394, 7.15948],
			"rotation": {"angle": 0, "axis": "y", "origin": [7.72333, -0.12488, 7.09356]},
			"faces": {
				"north": {"uv": [10.25, 6.875, 10.3125, 6.75], "rotation": 90, "texture": "#3"},
				"east": {"uv": [10.8125, 8.5, 10.75, 8.5625], "rotation": 270, "texture": "#3"},
				"south": {"uv": [10.25, 7.125, 10.3125, 7], "rotation": 270, "texture": "#3"},
				"west": {"uv": [8.8125, 10.8125, 8.75, 10.75], "rotation": 270, "texture": "#3"},
				"up": {"uv": [7, 10.375, 7.0625, 10.25], "rotation": 270, "texture": "#3"},
				"down": {"uv": [7.25, 10.375, 7.3125, 10.25], "rotation": 270, "texture": "#3"}
			}
		},
		{
			"name": "КоготьБольш",
			"from": [6.18508, -0.19175, 6.93935],
			"to": [6.82033, 0.01037, 7.15592],
			"rotation": {"angle": 0, "axis": "y", "origin": [7.72333, -0.12488, 7.09356]},
			"faces": {
				"north": {"uv": [5.75, 10.1875, 5.8125, 10], "rotation": 90, "texture": "#3"},
				"east": {"uv": [10.8125, 8.75, 10.75, 8.8125], "rotation": 270, "texture": "#3"},
				"south": {"uv": [6, 10.1875, 6.0625, 10], "rotation": 270, "texture": "#3"},
				"west": {"uv": [9.0625, 10.8125, 9, 10.75], "rotation": 270, "texture": "#3"},
				"up": {"uv": [10, 5.9375, 10.0625, 5.75], "rotation": 270, "texture": "#3"},
				"down": {"uv": [10, 6.1875, 10.0625, 6], "rotation": 270, "texture": "#3"}
			}
		},
		{
			"name": "КонецКрыла",
			"from": [17.28131, -0.01124, 8.1489],
			"to": [20.25775, 0.43245, 16.66703],
			"rotation": {"angle": 0, "axis": "y", "origin": [19.6713, 0.82538, 7.7185]},
			"faces": {
				"north": {"uv": [9, 1, 9.125, 1.75], "rotation": 270, "texture": "#3"},
				"east": {"uv": [0.625, 9.125, 0.5, 7], "rotation": 90, "texture": "#3"},
				"south": {"uv": [9, 1.75, 9.125, 2.5], "rotation": 90, "texture": "#3"},
				"west": {"uv": [7.125, 5.75, 7, 7.875], "rotation": 90, "texture": "#3"},
				"up": {"uv": [5.125, 0.75, 3, 0], "rotation": 270, "texture": "#3"},
				"down": {"uv": [3.125, 3, 1, 2.25], "rotation": 270, "texture": "#3"}
			}
		},
		{
			"name": "ОснованиеМышца",
			"from": [9.54382, 1.99082, 5.14138],
			"to": [10.6527, 2.69332, 6.96888],
			"rotation": {"angle": 0, "axis": "y", "origin": [9.76707, 2.78769, 5.14138]},
			"faces": {
				"north": {"uv": [9.75, 8.5, 9.5, 8.6875], "texture": "#3"},
				"east": {"uv": [9.6875, 0, 9.25, 0.1875], "texture": "#3"},
				"south": {"uv": [9, 9.5, 8.75, 9.6875], "texture": "#3"},
				"west": {"uv": [9.1875, 9, 8.75, 9.1875], "texture": "#3"},
				"up": {"uv": [8.5, 4.4375, 8.75, 4], "texture": "#3"},
				"down": {"uv": [8.5, 4.5, 8.75, 4.9375], "texture": "#3"}
			}
		},
		{
			"name": "ПервыйСегмент",
			"from": [9.39662, 2.33206, 5.28235],
			"to": [15.20362, 2.93738, 7.30491],
			"rotation": {"angle": -22.5, "axis": "z", "origin": [10.0037, 2.42538, 7.9185]},
			"faces": {
				"north": {"uv": [4.625, 7.5, 4.5, 8.9375], "rotation": 270, "texture": "#3"},
				"east": {"uv": [9.25, 6.75, 9.375, 6.25], "rotation": 270, "texture": "#3"},
				"south": {"uv": [4.875, 8.9375, 4.75, 7.5], "rotation": 270, "texture": "#3"},
				"west": {"uv": [5.75, 9.75, 5.875, 9.25], "rotation": 90, "texture": "#3"},
				"up": {"uv": [3.9375, 5.5, 2.5, 6], "texture": "#3"},
				"down": {"uv": [6.9375, 3, 5.5, 3.5], "rotation": 180, "texture": "#3"}
			}
		},
		{
			"name": "ВторойСегмент",
			"from": [14.05565, 0.12888, 7.53583],
			"to": [20.43703, 0.65144, 10.31614],
			"rotation": {"angle": -22.5, "axis": "y", "origin": [20.0213, -0.07462, 7.9185]},
			"faces": {
				"north": {"uv": [7.25, 6.25, 7.375, 7.875], "rotation": 90, "texture": "#3"},
				"east": {"uv": [9.125, 5.5, 9, 6.1875], "rotation": 270, "texture": "#3"},
				"south": {"uv": [7.5, 1.5, 7.625, 3.125], "rotation": 270, "texture": "#3"},
				"west": {"uv": [5.625, 9.6875, 5.5, 9], "rotation": 270, "texture": "#3"},
				"up": {"uv": [2.5, 3.75, 3.1875, 5.375], "rotation": 270, "texture": "#3"},
				"down": {"uv": [4, 1.5, 4.6875, 3.125], "rotation": 270, "texture": "#3"}
			}
		},
		{
			"name": "КоготьБольш",
			"from": [20.8471, 0.23663, 8.03004],
			"to": [21.48235, 0.43875, 8.24661],
			"rotation": {"angle": -45, "axis": "y", "origin": [20.0213, -0.07462, 7.9185]},
			"faces": {
				"north": {"uv": [6.75, 10, 6.8125, 10.1875], "rotation": 90, "texture": "#3"},
				"east": {"uv": [11.0625, 2.75, 11, 2.8125], "rotation": 270, "texture": "#3"},
				"south": {"uv": [7, 10, 7.0625, 10.1875], "rotation": 270, "texture": "#3"},
				"west": {"uv": [2.8125, 11.0625, 2.75, 11], "rotation": 270, "texture": "#3"},
				"up": {"uv": [10, 6.75, 10.0625, 6.9375], "rotation": 270, "texture": "#3"},
				"down": {"uv": [10, 7, 10.0625, 7.1875], "rotation": 270, "texture": "#3"}
			}
		},
		{
			"name": "ПалецМеньш",
			"from": [19.99699, 0.4965, 8.32112],
			"to": [20.19911, 0.612, 8.78312],
			"rotation": {"angle": 22.5, "axis": "y", "origin": [20.0213, -0.07462, 7.9185]},
			"faces": {
				"north": {"uv": [3.0625, 11.0625, 3, 11], "rotation": 270, "texture": "#3"},
				"east": {"uv": [10.25, 8, 10.3125, 8.125], "rotation": 90, "texture": "#3"},
				"south": {"uv": [11.0625, 3, 11, 3.0625], "rotation": 270, "texture": "#3"},
				"west": {"uv": [10.25, 8.25, 10.3125, 8.375], "rotation": 270, "texture": "#3"},
				"up": {"uv": [8.25, 10.25, 8.3125, 10.375], "texture": "#3"},
				"down": {"uv": [8.5, 10.25, 8.5625, 10.375], "rotation": 180, "texture": "#3"}
			}
		},
		{
			"name": "КоготьМеньш",
			"from": [20.79167, 0.51094, 8.09136],
			"to": [21.25367, 0.59756, 8.25017],
			"rotation": {"angle": -45, "axis": "y", "origin": [20.0213, -0.07462, 7.9185]},
			"faces": {
				"north": {"uv": [10.25, 8.5, 10.3125, 8.625], "rotation": 90, "texture": "#3"},
				"east": {"uv": [11.0625, 3.25, 11, 3.3125], "rotation": 270, "texture": "#3"},
				"south": {"uv": [10.25, 8.75, 10.3125, 8.875], "rotation": 270, "texture": "#3"},
				"west": {"uv": [3.3125, 11.0625, 3.25, 11], "rotation": 270, "texture": "#3"},
				"up": {"uv": [8.75, 10.25, 8.8125, 10.375], "rotation": 270, "texture": "#3"},
				"down": {"uv": [9, 10.25, 9.0625, 10.375], "rotation": 270, "texture": "#3"}
			}
		},
		{
			"name": "ПАлецБольш",
			"from": [20.02586, 0.20775, 8.2345],
			"to": [20.30018, 0.46763, 8.86975],
			"rotation": {"angle": 22.5, "axis": "y", "origin": [20.0213, -0.07462, 7.9185]},
			"faces": {
				"north": {"uv": [3.5625, 11.0625, 3.5, 11], "rotation": 270, "texture": "#3"},
				"east": {"uv": [7.25, 10, 7.3125, 10.1875], "rotation": 90, "texture": "#3"},
				"south": {"uv": [11.0625, 3.5, 11, 3.5625], "rotation": 270, "texture": "#3"},
				"west": {"uv": [7.5, 10, 7.5625, 10.1875], "rotation": 270, "texture": "#3"},
				"up": {"uv": [10, 7.25, 10.0625, 7.4375], "texture": "#3"},
				"down": {"uv": [10, 7.5, 10.0625, 7.6875], "rotation": 180, "texture": "#3"}
			}
		},
		{
			"name": "ОснованиеПлечи",
			"from": [7.92843, -0.52756, 1.89543],
			"to": [10.88313, 0.31463, 4.75718],
			"rotation": {"angle": 22.5, "axis": "y", "origin": [10.31402, 0.03743, 3.41321]},
			"faces": {
				"north": {"uv": [8.1875, 5.75, 8, 5], "rotation": 270, "texture": "#3"},
				"east": {"uv": [8.25, 4.1875, 8.4375, 3.5], "rotation": 90, "texture": "#3"},
				"south": {"uv": [8.1875, 3.5, 8, 4.25], "rotation": 270, "texture": "#3"},
				"west": {"uv": [8.25, 4.9375, 8.4375, 4.25], "rotation": 270, "texture": "#3"},
				"up": {"uv": [3, 6, 2.25, 6.6875], "rotation": 180, "texture": "#3"},
				"down": {"uv": [3.75, 6, 3, 6.6875], "texture": "#3"}
			}
		},
		{
			"name": "ПервыйСегм",
			"from": [6.66981, -0.39753, 1.86133],
			"to": [9.48178, 0.21163, 7.09658],
			"rotation": {"angle": -45, "axis": "y", "origin": [9.50315, -0.76079, 3.14338]},
			"faces": {
				"north": {"uv": [6.375, 9.6875, 6.25, 9], "rotation": 270, "texture": "#3"},
				"east": {"uv": [6.75, 8.8125, 6.875, 7.5], "rotation": 90, "texture": "#3"},
				"south": {"uv": [6.125, 9, 6, 9.6875], "rotation": 270, "texture": "#3"},
				"west": {"uv": [7.5, 8.0625, 7.625, 6.75], "rotation": 270, "texture": "#3"},
				"up": {"uv": [5.4375, 4.5, 4.75, 5.8125], "rotation": 180, "texture": "#3"},
				"down": {"uv": [4.6875, 5, 4, 6.3125], "texture": "#3"}
			}
		},
		{
			"name": "ВторойСегм",
			"from": [6.60226, -0.38991, -1.88391],
			"to": [9.29203, 0.13263, 5.83446],
			"rotation": {"angle": -22.5, "axis": "y", "origin": [8.04834, 0.20752, -0.97649]},
			"faces": {
				"north": {"uv": [6.625, 9.6875, 6.5, 9], "rotation": 270, "texture": "#3"},
				"east": {"uv": [4.25, 9.1875, 4.375, 7.25], "rotation": 90, "texture": "#3"},
				"south": {"uv": [9.125, 6.25, 9, 6.9375], "rotation": 270, "texture": "#3"},
				"west": {"uv": [5.75, 9.1875, 5.875, 7.25], "rotation": 270, "texture": "#3"},
				"up": {"uv": [1.6875, 3.75, 1, 5.6875], "rotation": 180, "texture": "#3"},
				"down": {"uv": [2.4375, 3.75, 1.75, 5.6875], "texture": "#3"}
			}
		},
		{
			"name": "КонецКрыла",
			"from": [6.00203, -0.30796, -1.12266],
			"to": [9.43406, 0.07983, 7.16447],
			"rotation": {"angle": -45, "axis": "y", "origin": [8.04834, 0.45752, -0.97649]},
			"faces": {
				"north": {"uv": [7.375, 9.375, 7.25, 8.5], "rotation": 270, "texture": "#3"},
				"east": {"uv": [1.75, 9.3125, 1.875, 7.25], "rotation": 90, "texture": "#3"},
				"south": {"uv": [7.125, 8.5, 7, 9.375], "rotation": 270, "texture": "#3"},
				"west": {"uv": [2, 9.3125, 2.125, 7.25], "rotation": 270, "texture": "#3"},
				"up": {"uv": [2.875, 0, 2, 2.0625], "rotation": 180, "texture": "#3"},
				"down": {"uv": [0.875, 2.25, 0, 4.3125], "texture": "#3"}
			}
		},
		{
			"name": "ОснованиеПлечи",
			"from": [7.00804, 1.98237, 2.70586],
			"to": [9.86979, 2.82456, 5.66056],
			"rotation": {"angle": 22.5, "axis": "z", "origin": [9.33902, 2.83457, 5.23821]},
			"faces": {
				"north": {"uv": [8.25, 1.6875, 8.4375, 1], "rotation": 90, "texture": "#3"},
				"east": {"uv": [3.4375, 8, 3.25, 8.75], "rotation": 270, "texture": "#3"},
				"south": {"uv": [8.25, 2.4375, 8.4375, 1.75], "rotation": 270, "texture": "#3"},
				"west": {"uv": [3.6875, 8.75, 3.5, 8], "rotation": 270, "texture": "#3"},
				"up": {"uv": [0.75, 6.4375, 1.5, 5.75], "rotation": 270, "texture": "#3"},
				"down": {"uv": [1.5, 6.4375, 2.25, 5.75], "rotation": 270, "texture": "#3"}
			}
		},
		{
			"name": "ПервыйСегм",
			"from": [4.49333, 1.36037, 2.1241],
			"to": [7.3053, 1.96953, 7.35935],
			"rotation": {"angle": -22.5, "axis": "y", "origin": [5.01402, 1.65957, 4.53821]},
			"faces": {
				"north": {"uv": [4.875, 9.6875, 4.75, 9], "rotation": 270, "texture": "#3"},
				"east": {"uv": [5.5, 8.8125, 5.625, 7.5], "rotation": 90, "texture": "#3"},
				"south": {"uv": [4.625, 9, 4.5, 9.6875], "rotation": 270, "texture": "#3"},
				"west": {"uv": [6.5, 8.8125, 6.625, 7.5], "rotation": 270, "texture": "#3"},
				"up": {"uv": [5.4375, 1.5, 4.75, 2.8125], "rotation": 180, "texture": "#3"},
				"down": {"uv": [5.4375, 3, 4.75, 4.3125], "texture": "#3"}
			}
		},
		{
			"name": "ВторойСегм",
			"from": [3.83264, 0.83937, 0.31511],
			"to": [6.52241, 1.36191, 8.03348],
			"rotation": {"angle": 45, "axis": "z", "origin": [5.46402, 0.83457, 4.36321]},
			"faces": {
				"north": {"uv": [5.375, 9.6875, 5.25, 9], "rotation": 270, "texture": "#3"},
				"east": {"uv": [3.75, 9.1875, 3.875, 7.25], "rotation": 90, "texture": "#3"},
				"south": {"uv": [5.125, 9, 5, 9.6875], "rotation": 270, "texture": "#3"},
				"west": {"uv": [4, 9.1875, 4.125, 7.25], "rotation": 270, "texture": "#3"},
				"up": {"uv": [3.9375, 1.5, 3.25, 3.4375], "rotation": 180, "texture": "#3"},
				"down": {"uv": [3.9375, 3.5, 3.25, 5.4375], "texture": "#3"}
			}
		},
		{
			"name": "КонецКрыла",
			"from": [0.19462, -0.00783, 0.13634],
			"to": [3.62665, 0.37996, 8.42347],
			"rotation": {"angle": -45, "axis": "y", "origin": [3.61402, -0.31543, 3.11321]},
			"faces": {
				"north": {"uv": [8.625, 3.875, 8.5, 3], "rotation": 270, "texture": "#3"},
				"east": {"uv": [1.25, 9.3125, 1.375, 7.25], "rotation": 90, "texture": "#3"},
				"south": {"uv": [7.625, 8.25, 7.5, 9.125], "rotation": 270, "texture": "#3"},
				"west": {"uv": [1.5, 9.3125, 1.625, 7.25], "rotation": 270, "texture": "#3"},
				"up": {"uv": [0.875, 0, 0, 2.0625], "rotation": 180, "texture": "#3"},
				"down": {"uv": [1.875, 0, 1, 2.0625], "texture": "#3"}
			}
		},
		{
			"name": "Стопа",
			"from": [5.3312, 0.02778, 9.14744],
			"to": [6.1859, 0.6688, 9.61752],
			"rotation": {"angle": 22.5, "axis": "y", "origin": [6.05342, 0.29594, 9.37607]},
			"faces": {
				"north": {"uv": [9.75, 0.4375, 9.9375, 0.25], "rotation": 90, "texture": "#3"},
				"east": {"uv": [5.6875, 9.75, 5.5, 9.875], "rotation": 270, "texture": "#3"},
				"south": {"uv": [9.75, 0.6875, 9.9375, 0.5], "rotation": 270, "texture": "#3"},
				"west": {"uv": [9.9375, 5.625, 9.75, 5.5], "rotation": 270, "texture": "#3"},
				"up": {"uv": [5.25, 9.9375, 5.375, 9.75], "rotation": 270, "texture": "#3"},
				"down": {"uv": [9.75, 5.4375, 9.875, 5.25], "rotation": 270, "texture": "#3"}
			}
		},
		{
			"name": "Целка",
			"from": [5.98932, 0.04914, 9.12936],
			"to": [7.76283, 0.64743, 9.77038],
			"rotation": {"angle": -22.5, "axis": "y", "origin": [6.05342, 0.29594, 9.37607]},
			"faces": {
				"north": {"uv": [9.5, 1.4375, 9.625, 1], "rotation": 90, "texture": "#3"},
				"east": {"uv": [6.375, 9.75, 6.25, 9.9375], "rotation": 270, "texture": "#3"},
				"south": {"uv": [1.25, 9.9375, 1.375, 9.5], "rotation": 270, "texture": "#3"},
				"west": {"uv": [9.875, 6.4375, 9.75, 6.25], "rotation": 270, "texture": "#3"},
				"up": {"uv": [9, 2.9375, 9.1875, 2.5], "rotation": 270, "texture": "#3"},
				"down": {"uv": [9, 8.1875, 9.1875, 7.75], "rotation": 270, "texture": "#3"}
			}
		},
		{
			"name": "ГоленьНиз",
			"from": [7.50447, 0.02778, 9.4513],
			"to": [8.25233, 0.6688, 10.1137],
			"rotation": {"angle": -22.5, "axis": "y", "origin": [7.83589, 0.42094, 8.9265]},
			"faces": {
				"north": {"uv": [2.1875, 9.75, 2, 9.9375], "rotation": 270, "texture": "#3"},
				"east": {"uv": [1.75, 9.9375, 1.9375, 9.75], "rotation": 270, "texture": "#3"},
				"south": {"uv": [9.9375, 2.1875, 9.75, 2], "rotation": 270, "texture": "#3"},
				"west": {"uv": [9.75, 1.4375, 9.9375, 1.25], "rotation": 90, "texture": "#3"},
				"up": {"uv": [9.9375, 1.5, 9.75, 1.6875], "texture": "#3"},
				"down": {"uv": [9.9375, 1.75, 9.75, 1.9375], "rotation": 180, "texture": "#3"}
			}
		},
		{
			"name": "ГоленьСеред",
			"from": [7.54126, 0.05983, 8.53167],
			"to": [8.22502, 0.63675, 9.45049],
			"rotation": {"angle": -22.5, "axis": "y", "origin": [7.83589, 0.42094, 8.9265]},
			"faces": {
				"north": {"uv": [6.875, 9.75, 6.75, 9.9375], "rotation": 270, "texture": "#3"},
				"east": {"uv": [9.75, 4, 9.875, 3.75], "rotation": 270, "texture": "#3"},
				"south": {"uv": [9.875, 6.9375, 9.75, 6.75], "rotation": 270, "texture": "#3"},
				"west": {"uv": [3.75, 10, 3.875, 9.75], "rotation": 90, "texture": "#3"},
				"up": {"uv": [6.9375, 5.75, 6.75, 6], "texture": "#3"},
				"down": {"uv": [7.4375, 5, 7.25, 5.25], "rotation": 180, "texture": "#3"}
			}
		},
		{
			"name": "ГоленьВерх",
			"from": [7.36537, -0.05769, 7.37288],
			"to": [8.33759, 0.75427, 8.54809],
			"rotation": {"angle": -22.5, "axis": "y", "origin": [7.83589, 0.42094, 8.9265]},
			"faces": {
				"north": {"uv": [7.9375, 3, 7.75, 3.25], "rotation": 270, "texture": "#3"},
				"east": {"uv": [7.75, 9.5625, 7.9375, 9.25], "rotation": 270, "texture": "#3"},
				"south": {"uv": [8.1875, 1, 8, 0.75], "rotation": 270, "texture": "#3"},
				"west": {"uv": [7.5, 9.5625, 7.6875, 9.25], "rotation": 90, "texture": "#3"},
				"up": {"uv": [9.5, 0.5, 9.25, 0.8125], "texture": "#3"},
				"down": {"uv": [9.5, 1, 9.25, 1.3125], "rotation": 180, "texture": "#3"}
			}
		},
		{
			"name": "ТазобедреннаяКось",
			"from": [8.26359, -0.04701, 6.94071],
			"to": [10.53923, 0.74359, 7.9343],
			"rotation": {"angle": 22.5, "axis": "y", "origin": [9.10898, 0.42094, 7.66026]},
			"faces": {
				"north": {"uv": [7.75, 9.0625, 7.9375, 8.5], "rotation": 90, "texture": "#3"},
				"east": {"uv": [8.1875, 4.25, 8, 4.5], "rotation": 270, "texture": "#3"},
				"south": {"uv": [8.5, 8.3125, 8.6875, 7.75], "rotation": 270, "texture": "#3"},
				"west": {"uv": [8.4375, 6.25, 8.25, 6], "rotation": 270, "texture": "#3"},
				"up": {"uv": [3, 2.0625, 3.25, 1.5], "rotation": 270, "texture": "#3"},
				"down": {"uv": [0.75, 5.0625, 1, 4.5], "rotation": 270, "texture": "#3"}
			}
		},
		{
			"name": "ТазобедрМышца",
			"from": [8.48151, 0.05983, 7.22707],
			"to": [10.39389, 0.7329, 8.3275],
			"rotation": {"angle": 0, "axis": "y", "origin": [9.10898, 0.42094, 7.66026]},
			"faces": {
				"north": {"uv": [0.25, 9.25, 0.4375, 8.75], "rotation": 90, "texture": "#3"},
				"east": {"uv": [1.9375, 9.5, 1.75, 9.75], "rotation": 270, "texture": "#3"},
				"south": {"uv": [8.75, 6, 8.9375, 5.5], "rotation": 270, "texture": "#3"},
				"west": {"uv": [2.1875, 9.75, 2, 9.5], "rotation": 270, "texture": "#3"},
				"up": {"uv": [0.75, 5.75, 1, 5.25], "rotation": 270, "texture": "#3"},
				"down": {"uv": [3.75, 6.5, 4, 6], "rotation": 270, "texture": "#3"}
			}
		},
		{
			"from": [5.32212, 0.30555, 9.12996],
			"to": [6.04862, 0.56196, 9.43979],
			"rotation": {"angle": 0, "axis": "y", "origin": [5.77842, 0.39594, 9.27607]},
			"faces": {
				"north": {"uv": [9.75, 9.4375, 9.8125, 9.25], "rotation": 90, "texture": "#3"},
				"east": {"uv": [10.3125, 9, 10.25, 9.0625], "rotation": 270, "texture": "#3"},
				"south": {"uv": [9.75, 9.9375, 9.8125, 9.75], "rotation": 270, "texture": "#3"},
				"west": {"uv": [9.3125, 10.3125, 9.25, 10.25], "rotation": 270, "texture": "#3"},
				"up": {"uv": [9.5, 9.9375, 9.5625, 9.75], "rotation": 270, "texture": "#3"},
				"down": {"uv": [0, 10.1875, 0.0625, 10], "rotation": 270, "texture": "#3"}
			}
		},
		{
			"from": [5.28458, 0.29487, 9.00503],
			"to": [5.50894, 0.57265, 9.45375],
			"rotation": {"angle": 22.5, "axis": "y", "origin": [5.37842, 0.44594, 9.37607]},
			"faces": {
				"north": {"uv": [10.25, 9.3125, 10.3125, 9.25], "rotation": 90, "texture": "#3"},
				"east": {"uv": [8.0625, 10, 8, 10.125], "rotation": 270, "texture": "#3"},
				"south": {"uv": [9.5, 10.3125, 9.5625, 10.25], "rotation": 270, "texture": "#3"},
				"west": {"uv": [10.0625, 8.125, 10, 8], "rotation": 270, "texture": "#3"},
				"up": {"uv": [7.75, 10.0625, 7.875, 10], "rotation": 270, "texture": "#3"},
				"down": {"uv": [10, 7.8125, 10.125, 7.75], "rotation": 270, "texture": "#3"}
			}
		},
		{
			"from": [4.88532, 0.33761, 9.00432],
			"to": [5.33404, 0.52992, 9.20731],
			"rotation": {"angle": 0, "axis": "y", "origin": [5.15342, 0.42094, 9.10107]},
			"faces": {
				"north": {"uv": [8.5625, 10, 8.5, 10.125], "rotation": 270, "texture": "#3"},
				"east": {"uv": [9.75, 10.3125, 9.8125, 10.25], "rotation": 270, "texture": "#3"},
				"south": {"uv": [10.0625, 8.625, 10, 8.5], "rotation": 270, "texture": "#3"},
				"west": {"uv": [10.25, 9.5625, 10.3125, 9.5], "rotation": 90, "texture": "#3"},
				"up": {"uv": [8.375, 10, 8.25, 10.0625], "texture": "#3"},
				"down": {"uv": [10.125, 8.25, 10, 8.3125], "rotation": 180, "texture": "#3"}
			}
		},
		{
			"from": [5.29199, 0.0812, 9.08472],
			"to": [5.49499, 0.27351, 9.44796],
			"rotation": {"angle": 0, "axis": "y", "origin": [6.05342, 0.29594, 9.37607]},
			"faces": {
				"north": {"uv": [10.25, 9.8125, 10.3125, 9.75], "rotation": 90, "texture": "#3"},
				"east": {"uv": [0.0625, 10.5, 0, 10.5625], "rotation": 270, "texture": "#3"},
				"south": {"uv": [10.25, 10.0625, 10.3125, 10], "rotation": 270, "texture": "#3"},
				"west": {"uv": [10.5625, 0.0625, 10.5, 0], "rotation": 270, "texture": "#3"},
				"up": {"uv": [10, 10.3125, 10.0625, 10.25], "rotation": 270, "texture": "#3"},
				"down": {"uv": [10.25, 10.3125, 10.3125, 10.25], "rotation": 270, "texture": "#3"}
			}
		},
		{
			"from": [5.10281, 0.12393, 9.02672],
			"to": [5.46606, 0.23077, 9.20834],
			"rotation": {"angle": -22.5, "axis": "y", "origin": [5.30342, 0.19594, 9.12607]},
			"faces": {
				"north": {"uv": [0.8125, 10.5, 0.75, 10.5625], "rotation": 270, "texture": "#3"},
				"east": {"uv": [0.5, 10.5625, 0.5625, 10.5], "rotation": 270, "texture": "#3"},
				"south": {"uv": [10.5625, 0.8125, 10.5, 0.75], "rotation": 270, "texture": "#3"},
				"west": {"uv": [0.25, 10.5625, 0.3125, 10.5], "rotation": 90, "texture": "#3"},
				"up": {"uv": [10.5625, 0.25, 10.5, 0.3125], "texture": "#3"},
				"down": {"uv": [10.5625, 0.5, 10.5, 0.5625], "rotation": 180, "texture": "#3"}
			}
		},
		{
			"from": [5.32954, 0.09188, 9.20965],
			"to": [5.92783, 0.26282, 9.43401],
			"rotation": {"angle": 0, "axis": "y", "origin": [5.67842, 0.17094, 9.37607]},
			"faces": {
				"north": {"uv": [8.75, 10.125, 8.8125, 10], "rotation": 90, "texture": "#3"},
				"east": {"uv": [1.0625, 10.5, 1, 10.5625], "rotation": 270, "texture": "#3"},
				"south": {"uv": [9, 10.125, 9.0625, 10], "rotation": 270, "texture": "#3"},
				"west": {"uv": [10.5625, 1.0625, 10.5, 1], "rotation": 270, "texture": "#3"},
				"up": {"uv": [10, 8.875, 10.0625, 8.75], "rotation": 270, "texture": "#3"},
				"down": {"uv": [10, 9.125, 10.0625, 9], "rotation": 270, "texture": "#3"}
			}
		},
		{
			"from": [5.02085, -0.08974, 9.34328],
			"to": [5.38409, 0.0171, 9.47149],
			"rotation": {"angle": -22.5, "axis": "y", "origin": [5.20342, -0.05406, 9.37607]},
			"faces": {
				"north": {"uv": [1.8125, 10.5, 1.75, 10.5625], "rotation": 270, "texture": "#3"},
				"east": {"uv": [1.5, 10.5625, 1.5625, 10.5], "rotation": 270, "texture": "#3"},
				"south": {"uv": [10.5625, 1.8125, 10.5, 1.75], "rotation": 270, "texture": "#3"},
				"west": {"uv": [1.25, 10.5625, 1.3125, 10.5], "rotation": 90, "texture": "#3"},
				"up": {"uv": [10.5625, 1.25, 10.5, 1.3125], "texture": "#3"},
				"down": {"uv": [10.5625, 1.5, 10.5, 1.5625], "rotation": 180, "texture": "#3"}
			}
		},
		{
			"from": [5.33234, -0.1218, 9.3493],
			"to": [5.69558, 0.05983, 9.55228],
			"rotation": {"angle": 0, "axis": "y", "origin": [6.05342, 0.29594, 9.37607]},
			"faces": {
				"north": {"uv": [2, 10.5625, 2.0625, 10.5], "rotation": 90, "texture": "#3"},
				"east": {"uv": [2.5625, 10.5, 2.5, 10.5625], "rotation": 270, "texture": "#3"},
				"south": {"uv": [2.25, 10.5625, 2.3125, 10.5], "rotation": 270, "texture": "#3"},
				"west": {"uv": [10.5625, 2.5625, 10.5, 2.5], "rotation": 270, "texture": "#3"},
				"up": {"uv": [10.5, 2.0625, 10.5625, 2], "rotation": 270, "texture": "#3"},
				"down": {"uv": [10.5, 2.3125, 10.5625, 2.25], "rotation": 270, "texture": "#3"}
			}
		},
		{
			"from": [5.6239, -0.10043, 9.27627],
			"to": [5.98715, 0.04914, 9.47927],
			"rotation": {"angle": 22.5, "axis": "y", "origin": [5.82842, -0.00406, 9.37607]},
			"faces": {
				"north": {"uv": [2.75, 10.5625, 2.8125, 10.5], "rotation": 90, "texture": "#3"},
				"east": {"uv": [3.3125, 10.5, 3.25, 10.5625], "rotation": 270, "texture": "#3"},
				"south": {"uv": [3, 10.5625, 3.0625, 10.5], "rotation": 270, "texture": "#3"},
				"west": {"uv": [10.5625, 3.3125, 10.5, 3.25], "rotation": 270, "texture": "#3"},
				"up": {"uv": [10.5, 2.8125, 10.5625, 2.75], "rotation": 270, "texture": "#3"},
				"down": {"uv": [10.5, 3.0625, 10.5625, 3], "rotation": 270, "texture": "#3"}
			}
		},
		{
			"from": [4.87215, 0.6047, 9.19039],
			"to": [5.39565, 0.76495, 9.3827],
			"rotation": {"angle": -22.5, "axis": "y", "origin": [5.15342, 0.64594, 9.27607]},
			"faces": {
				"north": {"uv": [10.3125, 0.25, 10.25, 0.375], "rotation": 270, "texture": "#3"},
				"east": {"uv": [10.5, 4.8125, 10.5625, 4.75], "rotation": 270, "texture": "#3"},
				"south": {"uv": [0.5625, 10.375, 0.5, 10.25], "rotation": 270, "texture": "#3"},
				"west": {"uv": [4.75, 10.5625, 4.8125, 10.5], "rotation": 90, "texture": "#3"},
				"up": {"uv": [10.375, 0, 10.25, 0.0625], "texture": "#3"},
				"down": {"uv": [0.375, 10.25, 0.25, 10.3125], "rotation": 180, "texture": "#3"}
			}
		},
		{
			"from": [5.53992, 0.6047, 9.26831],
			"to": [5.93522, 0.7329, 9.4713],
			"rotation": {"angle": -22.5, "axis": "y", "origin": [5.72842, 0.64594, 9.37607]},
			"faces": {
				"north": {"uv": [10.25, 0.625, 10.3125, 0.5], "rotation": 90, "texture": "#3"},
				"east": {"uv": [5.0625, 10.5, 5, 10.5625], "rotation": 270, "texture": "#3"},
				"south": {"uv": [10.25, 0.875, 10.3125, 0.75], "rotation": 270, "texture": "#3"},
				"west": {"uv": [10.5625, 5.0625, 10.5, 5], "rotation": 270, "texture": "#3"},
				"up": {"uv": [0.75, 10.375, 0.8125, 10.25], "rotation": 270, "texture": "#3"},
				"down": {"uv": [1, 10.375, 1.0625, 10.25], "rotation": 270, "texture": "#3"}
			}
		},
		{
			"from": [5.28986, 0.59401, 9.23242],
			"to": [5.66379, 0.75427, 9.42472],
			"rotation": {"angle": 22.5, "axis": "y", "origin": [5.55342, 0.67094, 9.37607]},
			"faces": {
				"north": {"uv": [5.25, 10.5625, 5.3125, 10.5], "rotation": 90, "texture": "#3"},
				"east": {"uv": [5.8125, 10.5, 5.75, 10.5625], "rotation": 270, "texture": "#3"},
				"south": {"uv": [5.5, 10.5625, 5.5625, 10.5], "rotation": 270, "texture": "#3"},
				"west": {"uv": [10.5625, 5.8125, 10.5, 5.75], "rotation": 270, "texture": "#3"},
				"up": {"uv": [10.5, 5.3125, 10.5625, 5.25], "rotation": 270, "texture": "#3"},
				"down": {"uv": [10.5, 5.5625, 10.5625, 5.5], "rotation": 270, "texture": "#3"}
			}
		},
		{
			"from": [5.87028, 0.16645, 9.71981],
			"to": [6.09464, 0.36945, 10.11511],
			"rotation": {"angle": -22.5, "axis": "y", "origin": [6.05342, 0.22094, 9.37607]},
			"faces": {
				"north": {"uv": [10.8125, 0.75, 10.75, 0.8125], "rotation": 270, "texture": "#3"},
				"east": {"uv": [10.25, 2.875, 10.3125, 2.75], "rotation": 270, "texture": "#3"},
				"south": {"uv": [1.0625, 10.8125, 1, 10.75], "rotation": 270, "texture": "#3"},
				"west": {"uv": [10.25, 2.625, 10.3125, 2.5], "rotation": 90, "texture": "#3"},
				"up": {"uv": [2.8125, 10.25, 2.75, 10.375], "texture": "#3"},
				"down": {"uv": [3.0625, 10.25, 3, 10.375], "rotation": 180, "texture": "#3"}
			}
		},
		{
			"from": [5.53496, 0.15576, 9.92837],
			"to": [5.78068, 0.38013, 10.13135],
			"rotation": {"angle": 22.5, "axis": "y", "origin": [5.72842, 0.22094, 10.00107]},
			"faces": {
				"north": {"uv": [10.75, 1.0625, 10.8125, 1], "rotation": 90, "texture": "#3"},
				"east": {"uv": [10.8125, 1.5, 10.75, 1.5625], "rotation": 270, "texture": "#3"},
				"south": {"uv": [10.75, 1.3125, 10.8125, 1.25], "rotation": 270, "texture": "#3"},
				"west": {"uv": [1.8125, 10.8125, 1.75, 10.75], "rotation": 270, "texture": "#3"},
				"up": {"uv": [1.25, 10.8125, 1.3125, 10.75], "rotation": 270, "texture": "#3"},
				"down": {"uv": [1.5, 10.8125, 1.5625, 10.75], "rotation": 270, "texture": "#3"}
			}
		},
		{
			"name": "ЛевоПерепонка",
			"from": [6.8912, 0.55619, 7.27813],
			"to": [9.48995, 0.55619, 10.31],
			"rotation": {"angle": 45, "axis": "y", "origin": [9.10898, 0.42094, 7.66026]},
			"faces": {
				"north": {"uv": [0, 0.625, 0, 0], "rotation": 90, "texture": "#3"},
				"east": {"uv": [0, 0, 0, 0.75], "rotation": 270, "texture": "#3"},
				"south": {"uv": [0, 0.625, 0, 0], "rotation": 270, "texture": "#3"},
				"west": {"uv": [0, 0.75, 0, 0], "rotation": 270, "texture": "#3"},
				"up": {"uv": [4.75, 6.625, 5.5, 6], "rotation": 270, "texture": "#3"},
				"down": {"uv": [5.5, 6.625, 6.25, 6], "rotation": 270, "texture": "#3"}
			}
		},
		{
			"name": "Стопа",
			"from": [4.6562, -0.3468, 6.79744],
			"to": [5.5109, 0.29423, 7.26752],
			"rotation": {"angle": -45, "axis": "y", "origin": [4.94488, -0.02629, 6.87095]},
			"faces": {
				"north": {"uv": [9.75, 0.9375, 9.9375, 0.75], "rotation": 90, "texture": "#3"},
				"east": {"uv": [6.1875, 9.75, 6, 9.875], "rotation": 270, "texture": "#3"},
				"south": {"uv": [9.75, 1.1875, 9.9375, 1], "rotation": 270, "texture": "#3"},
				"west": {"uv": [9.9375, 6.125, 9.75, 6], "rotation": 270, "texture": "#3"},
				"up": {"uv": [5.75, 9.9375, 5.875, 9.75], "rotation": 270, "texture": "#3"},
				"down": {"uv": [9.75, 5.9375, 9.875, 5.75], "rotation": 270, "texture": "#3"}
			}
		},
		{
			"name": "Целка",
			"from": [4.88932, 0.19957, 6.98291],
			"to": [6.66283, 0.79786, 7.62393],
			"rotation": {"angle": 22.5, "axis": "z", "origin": [6.40342, 0.52606, 7.37607]},
			"faces": {
				"north": {"uv": [1.5, 9.9375, 1.625, 9.5], "rotation": 90, "texture": "#3"},
				"east": {"uv": [6.625, 9.75, 6.5, 9.9375], "rotation": 270, "texture": "#3"},
				"south": {"uv": [9.5, 1.9375, 9.625, 1.5], "rotation": 270, "texture": "#3"},
				"west": {"uv": [9.875, 6.6875, 9.75, 6.5], "rotation": 270, "texture": "#3"},
				"up": {"uv": [8, 9.4375, 8.1875, 9], "rotation": 270, "texture": "#3"},
				"down": {"uv": [8.25, 9.4375, 8.4375, 9], "rotation": 270, "texture": "#3"}
			}
		},
		{
			"name": "ГоленьНиз",
			"from": [7.17991, 0.25864, 7.06178],
			"to": [7.82094, 0.92104, 7.80964],
			"rotation": {"angle": -45, "axis": "z", "origin": [7.42308, 1.52606, 7.42736]},
			"faces": {
				"north": {"uv": [2.4375, 9.75, 2.25, 9.9375], "texture": "#3"},
				"east": {"uv": [9.9375, 2.5, 9.75, 2.6875], "texture": "#3"},
				"south": {"uv": [2.6875, 9.75, 2.5, 9.9375], "texture": "#3"},
				"west": {"uv": [9.9375, 2.25, 9.75, 2.4375], "texture": "#3"},
				"up": {"uv": [2.75, 9.9375, 2.9375, 9.75], "texture": "#3"},
				"down": {"uv": [9.75, 2.75, 9.9375, 2.9375], "texture": "#3"}
			}
		},
		{
			"name": "ТащобедрМышца",
			"from": [8.37802, 2.0641, 7.07168],
			"to": [10.2904, 2.73717, 8.17211],
			"rotation": {"angle": -22.5, "axis": "y", "origin": [8.86966, 2.37606, 7.70748]},
			"faces": {
				"north": {"uv": [8.75, 6.5, 8.9375, 6], "rotation": 90, "texture": "#3"},
				"east": {"uv": [9.6875, 3.75, 9.5, 4], "rotation": 270, "texture": "#3"},
				"south": {"uv": [8.75, 7.25, 8.9375, 6.75], "rotation": 270, "texture": "#3"},
				"west": {"uv": [9.6875, 4.25, 9.5, 4], "rotation": 270, "texture": "#3"},
				"up": {"uv": [8.25, 3, 8.5, 2.5], "rotation": 270, "texture": "#3"},
				"down": {"uv": [8.25, 5.5, 8.5, 5], "rotation": 270, "texture": "#3"}
			}
		},
		{
			"name": "ТазобедреннаяКость",
			"from": [8.22731, 2.05341, 6.85272],
			"to": [10.50295, 2.84401, 7.84631],
			"rotation": {"angle": 0, "axis": "y", "origin": [8.86966, 2.37606, 7.70748]},
			"faces": {
				"north": {"uv": [8.5, 9.0625, 8.6875, 8.5], "rotation": 90, "texture": "#3"},
				"east": {"uv": [9.6875, 4.75, 9.5, 5], "rotation": 270, "texture": "#3"},
				"south": {"uv": [0, 9.3125, 0.1875, 8.75], "rotation": 270, "texture": "#3"},
				"west": {"uv": [9.6875, 5.25, 9.5, 5], "rotation": 270, "texture": "#3"},
				"up": {"uv": [7.75, 8.3125, 8, 7.75], "rotation": 270, "texture": "#3"},
				"down": {"uv": [8, 0.5625, 8.25, 0], "rotation": 270, "texture": "#3"}
			}
		},
		{
			"name": "ГоленьВерх",
			"from": [7.09445, 1.82424, 6.92268],
			"to": [7.90641, 2.99945, 7.8949],
			"rotation": {"angle": -45, "axis": "z", "origin": [7.42308, 1.52606, 7.42736]},
			"faces": {
				"north": {"uv": [9.4375, 8.5, 9.25, 8.8125], "texture": "#3"},
				"east": {"uv": [9.5, 2, 9.25, 2.3125], "texture": "#3"},
				"south": {"uv": [9.1875, 9.25, 9, 9.5625], "texture": "#3"},
				"west": {"uv": [9.5, 1.5, 9.25, 1.8125], "texture": "#3"},
				"up": {"uv": [9.5, 5.5, 9.6875, 5.25], "texture": "#3"},
				"down": {"uv": [9.5, 5.5, 9.6875, 5.75], "texture": "#3"}
			}
		},
		{
			"name": "ГоленьСеред",
			"from": [7.21197, 0.92185, 7.09857],
			"to": [7.78889, 1.84067, 7.78233],
			"rotation": {"angle": -45, "axis": "z", "origin": [7.42308, 1.52606, 7.42736]},
			"faces": {
				"north": {"uv": [5.125, 9.75, 5, 10], "texture": "#3"},
				"east": {"uv": [9.6875, 6.5, 9.5, 6.75], "texture": "#3"},
				"south": {"uv": [9.875, 5, 9.75, 5.25], "texture": "#3"},
				"west": {"uv": [9.6875, 6.25, 9.5, 6.5], "texture": "#3"},
				"up": {"uv": [7.25, 9.9375, 7.375, 9.75], "texture": "#3"},
				"down": {"uv": [9.75, 7.25, 9.875, 7.4375], "texture": "#3"}
			}
		},
		{
			"from": [4.64585, -0.44295, 6.29611],
			"to": [4.83816, -0.2827, 6.81961],
			"rotation": {"angle": -45, "axis": "y", "origin": [4.94488, -0.02629, 6.87095]},
			"faces": {
				"north": {"uv": [3.5, 10.5625, 3.5625, 10.5], "rotation": 90, "texture": "#3"},
				"east": {"uv": [9.5625, 10, 9.5, 10.125], "rotation": 270, "texture": "#3"},
				"south": {"uv": [10.5, 3.5625, 10.5625, 3.5], "rotation": 270, "texture": "#3"},
				"west": {"uv": [10.0625, 9.625, 10, 9.5], "rotation": 270, "texture": "#3"},
				"up": {"uv": [9.25, 10.0625, 9.375, 10], "rotation": 270, "texture": "#3"},
				"down": {"uv": [10, 9.3125, 10.125, 9.25], "rotation": 270, "texture": "#3"}
			}
		},
		{
			"from": [4.65292, -0.43227, 6.69108],
			"to": [5.02685, -0.27201, 6.88338],
			"rotation": {"angle": -45, "axis": "y", "origin": [4.94488, -0.02629, 6.87095]},
			"faces": {
				"north": {"uv": [3.75, 10.5625, 3.8125, 10.5], "rotation": 90, "texture": "#3"},
				"east": {"uv": [4.3125, 10.5, 4.25, 10.5625], "rotation": 270, "texture": "#3"},
				"south": {"uv": [4, 10.5625, 4.0625, 10.5], "rotation": 270, "texture": "#3"},
				"west": {"uv": [10.5625, 4.3125, 10.5, 4.25], "rotation": 270, "texture": "#3"},
				"up": {"uv": [10.5, 3.8125, 10.5625, 3.75], "rotation": 270, "texture": "#3"},
				"down": {"uv": [10.5, 4.0625, 10.5625, 4], "rotation": 270, "texture": "#3"}
			}
		},
		{
			"from": [4.92215, -0.4109, 6.79843],
			"to": [5.12514, -0.2827, 7.19373],
			"rotation": {"angle": 0, "axis": "y", "origin": [4.94488, -0.02629, 6.87095]},
			"faces": {
				"north": {"uv": [10.5625, 4.5625, 10.5, 4.5], "rotation": 270, "texture": "#3"},
				"east": {"uv": [9.75, 10.125, 9.8125, 10], "rotation": 90, "texture": "#3"},
				"south": {"uv": [4.5625, 10.5, 4.5, 10.5625], "rotation": 270, "texture": "#3"},
				"west": {"uv": [10, 10.125, 10.0625, 10], "rotation": 270, "texture": "#3"},
				"up": {"uv": [10.0625, 9.75, 10, 9.875], "rotation": 180, "texture": "#3"},
				"down": {"uv": [0.0625, 10.25, 0, 10.375], "texture": "#3"}
			}
		},
		{
			"from": [4.90376, -0.23996, 6.59955],
			"to": [5.21359, 0.01645, 7.32605],
			"rotation": {"angle": 22.5, "axis": "y", "origin": [4.94488, -0.02629, 6.87095]},
			"faces": {
				"north": {"uv": [10.5625, 6.0625, 10.5, 6], "rotation": 270, "texture": "#3"},
				"east": {"uv": [0.25, 10.1875, 0.3125, 10], "rotation": 90, "texture": "#3"},
				"south": {"uv": [6.0625, 10.5, 6, 10.5625], "rotation": 270, "texture": "#3"},
				"west": {"uv": [0.5, 10.1875, 0.5625, 10], "rotation": 270, "texture": "#3"},
				"up": {"uv": [10.0625, 0.25, 10, 0.4375], "rotation": 180, "texture": "#3"},
				"down": {"uv": [10.0625, 0.5, 10, 0.6875], "texture": "#3"}
			}
		},
		{
			"from": [5.05001, -0.20792, 6.18122],
			"to": [5.253, -0.01561, 6.62994],
			"rotation": {"angle": 0, "axis": "y", "origin": [5.04488, -0.02629, 6.97095]},
			"faces": {
				"north": {"uv": [6.25, 10.5625, 6.3125, 10.5], "rotation": 90, "texture": "#3"},
				"east": {"uv": [10.3125, 1.25, 10.25, 1.375], "rotation": 270, "texture": "#3"},
				"south": {"uv": [10.5, 6.3125, 10.5625, 6.25], "rotation": 270, "texture": "#3"},
				"west": {"uv": [1.5625, 10.375, 1.5, 10.25], "rotation": 270, "texture": "#3"},
				"up": {"uv": [10.25, 1.0625, 10.375, 1], "rotation": 270, "texture": "#3"},
				"down": {"uv": [1.25, 10.3125, 1.375, 10.25], "rotation": 270, "texture": "#3"}
			}
		},
		{
			"from": [4.88979, -0.25065, 6.56202],
			"to": [5.33851, 0.02713, 6.78638],
			"rotation": {"angle": 22.5, "axis": "y", "origin": [4.94488, -0.02629, 6.87095]},
			"faces": {
				"north": {"uv": [2.0625, 10.375, 2, 10.25], "rotation": 270, "texture": "#3"},
				"east": {"uv": [6.5, 10.5625, 6.5625, 10.5], "rotation": 90, "texture": "#3"},
				"south": {"uv": [10.3125, 1.75, 10.25, 1.875], "rotation": 270, "texture": "#3"},
				"west": {"uv": [10.5, 6.5625, 10.5625, 6.5], "rotation": 270, "texture": "#3"},
				"up": {"uv": [10.375, 1.5, 10.25, 1.5625], "rotation": 180, "texture": "#3"},
				"down": {"uv": [1.875, 10.25, 1.75, 10.3125], "texture": "#3"}
			}
		},
		{
			"from": [4.90954, 0.05918, 6.60697],
			"to": [5.1339, 0.23012, 7.20526],
			"rotation": {"angle": 22.5, "axis": "y", "origin": [4.94488, -0.02629, 6.87095]},
			"faces": {
				"north": {"uv": [10.5625, 6.8125, 10.5, 6.75], "rotation": 270, "texture": "#3"},
				"east": {"uv": [10.25, 2.125, 10.3125, 2], "rotation": 90, "texture": "#3"},
				"south": {"uv": [6.8125, 10.5, 6.75, 10.5625], "rotation": 270, "texture": "#3"},
				"west": {"uv": [10.25, 2.375, 10.3125, 2.25], "rotation": 270, "texture": "#3"},
				"up": {"uv": [2.3125, 10.25, 2.25, 10.375], "rotation": 180, "texture": "#3"},
				"down": {"uv": [2.5625, 10.25, 2.5, 10.375], "texture": "#3"}
			}
		},
		{
			"from": [4.89558, 0.04849, 6.56942],
			"to": [5.25882, 0.2408, 6.77242],
			"rotation": {"angle": 22.5, "axis": "y", "origin": [4.94488, -0.02629, 6.87095]},
			"faces": {
				"north": {"uv": [10.5625, 7.5625, 10.5, 7.5], "rotation": 270, "texture": "#3"},
				"east": {"uv": [7, 10.5625, 7.0625, 10.5], "rotation": 90, "texture": "#3"},
				"south": {"uv": [7.5625, 10.5, 7.5, 10.5625], "rotation": 270, "texture": "#3"},
				"west": {"uv": [7.25, 10.5625, 7.3125, 10.5], "rotation": 270, "texture": "#3"},
				"up": {"uv": [10.5625, 7, 10.5, 7.0625], "rotation": 180, "texture": "#3"},
				"down": {"uv": [10.5625, 7.25, 10.5, 7.3125], "texture": "#3"}
			}
		},
		{
			"from": [5.00327, 0.09123, 6.26942],
			"to": [5.18489, 0.19807, 6.63267],
			"rotation": {"angle": 0, "axis": "y", "origin": [5.04488, -0.02629, 6.92095]},
			"faces": {
				"north": {"uv": [7.75, 10.5625, 7.8125, 10.5], "rotation": 90, "texture": "#3"},
				"east": {"uv": [8.3125, 10.5, 8.25, 10.5625], "rotation": 270, "texture": "#3"},
				"south": {"uv": [8, 10.5625, 8.0625, 10.5], "rotation": 270, "texture": "#3"},
				"west": {"uv": [10.5625, 8.3125, 10.5, 8.25], "rotation": 270, "texture": "#3"},
				"up": {"uv": [10.5, 7.8125, 10.5625, 7.75], "rotation": 270, "texture": "#3"},
				"down": {"uv": [10.5, 8.0625, 10.5625, 8], "rotation": 270, "texture": "#3"}
			}
		},
		{
			"from": [4.96603, 0.27286, 6.84017],
			"to": [5.32928, 0.42243, 7.04317],
			"rotation": {"angle": -45, "axis": "y", "origin": [4.94488, -0.02629, 6.87095]},
			"faces": {
				"north": {"uv": [8.5, 10.5625, 8.5625, 10.5], "rotation": 90, "texture": "#3"},
				"east": {"uv": [9.0625, 10.5, 9, 10.5625], "rotation": 270, "texture": "#3"},
				"south": {"uv": [8.75, 10.5625, 8.8125, 10.5], "rotation": 270, "texture": "#3"},
				"west": {"uv": [10.5625, 9.0625, 10.5, 9], "rotation": 270, "texture": "#3"},
				"up": {"uv": [10.5, 8.5625, 10.5625, 8.5], "rotation": 270, "texture": "#3"},
				"down": {"uv": [10.5, 8.8125, 10.5625, 8.75], "rotation": 270, "texture": "#3"}
			}
		},
		{
			"from": [4.79127, 0.26217, 6.60977],
			"to": [4.99425, 0.4438, 6.97301],
			"rotation": {"angle": 22.5, "axis": "y", "origin": [4.94488, -0.02629, 6.87095]},
			"faces": {
				"north": {"uv": [10.5625, 9.8125, 10.5, 9.75], "rotation": 270, "texture": "#3"},
				"east": {"uv": [9.25, 10.5625, 9.3125, 10.5], "rotation": 90, "texture": "#3"},
				"south": {"uv": [9.8125, 10.5, 9.75, 10.5625], "rotation": 270, "texture": "#3"},
				"west": {"uv": [9.5, 10.5625, 9.5625, 10.5], "rotation": 270, "texture": "#3"},
				"up": {"uv": [10.5625, 9.25, 10.5, 9.3125], "rotation": 180, "texture": "#3"},
				"down": {"uv": [10.5625, 9.5, 10.5, 9.5625], "texture": "#3"}
			}
		},
		{
			"from": [4.74585, 0.3049, 6.42752],
			"to": [4.87406, 0.41174, 6.79076],
			"rotation": {"angle": -22.5, "axis": "y", "origin": [5.04488, -0.02629, 6.74595]},
			"faces": {
				"north": {"uv": [10, 10.5625, 10.0625, 10.5], "rotation": 90, "texture": "#3"},
				"east": {"uv": [10.5625, 10.5, 10.5, 10.5625], "rotation": 270, "texture": "#3"},
				"south": {"uv": [10.25, 10.5625, 10.3125, 10.5], "rotation": 270, "texture": "#3"},
				"west": {"uv": [0.0625, 10.8125, 0, 10.75], "rotation": 270, "texture": "#3"},
				"up": {"uv": [10.5, 10.0625, 10.5625, 10], "rotation": 270, "texture": "#3"},
				"down": {"uv": [10.5, 10.3125, 10.5625, 10.25], "rotation": 270, "texture": "#3"}
			}
		},
		{
			"from": [4.64552, -0.13312, 7.40642],
			"to": [4.89124, 0.09124, 7.6094],
			"rotation": {"angle": -45, "axis": "y", "origin": [4.94488, -0.02629, 6.87095]},
			"faces": {
				"north": {"uv": [10.75, 0.0625, 10.8125, 0], "rotation": 90, "texture": "#3"},
				"east": {"uv": [10.8125, 0.5, 10.75, 0.5625], "rotation": 270, "texture": "#3"},
				"south": {"uv": [10.75, 0.3125, 10.8125, 0.25], "rotation": 270, "texture": "#3"},
				"west": {"uv": [0.8125, 10.8125, 0.75, 10.75], "rotation": 270, "texture": "#3"},
				"up": {"uv": [0.25, 10.8125, 0.3125, 10.75], "rotation": 270, "texture": "#3"},
				"down": {"uv": [0.5, 10.8125, 0.5625, 10.75], "rotation": 270, "texture": "#3"}
			}
		},
		{
			"from": [4.40271, -0.12245, 7.10406],
			"to": [4.79801, 0.08055, 7.32842],
			"rotation": {"angle": 0, "axis": "y", "origin": [4.94488, -0.02629, 6.87095]},
			"faces": {
				"north": {"uv": [10.25, 3.125, 10.3125, 3], "rotation": 90, "texture": "#3"},
				"east": {"uv": [10.8125, 1.75, 10.75, 1.8125], "rotation": 270, "texture": "#3"},
				"south": {"uv": [10.25, 3.375, 10.3125, 3.25], "rotation": 270, "texture": "#3"},
				"west": {"uv": [2.0625, 10.8125, 2, 10.75], "rotation": 270, "texture": "#3"},
				"up": {"uv": [3.25, 10.375, 3.3125, 10.25], "rotation": 270, "texture": "#3"},
				"down": {"uv": [3.5, 10.375, 3.5625, 10.25], "rotation": 270, "texture": "#3"}
			}
		},
		{
			"name": "ПравоПерепонка",
			"from": [7.8912, 2.31581, 6.62813],
			"to": [10.48995, 2.31581, 9.66],
			"rotation": {"angle": 0, "axis": "y", "origin": [9.86966, 2.45106, 7.05748]},
			"faces": {
				"north": {"uv": [0, 0.625, 0, 0], "rotation": 90, "texture": "#3"},
				"east": {"uv": [0, 0, 0, 0.75], "rotation": 270, "texture": "#3"},
				"south": {"uv": [0, 0.625, 0, 0], "rotation": 270, "texture": "#3"},
				"west": {"uv": [0, 0.75, 0, 0], "rotation": 270, "texture": "#3"},
				"up": {"uv": [0, 6.875, 0.75, 6.25], "rotation": 270, "texture": "#3"},
				"down": {"uv": [6.25, 6.625, 7, 6], "rotation": 270, "texture": "#3"}
			}
		}
	],
	"groups": [
		{
			"name": "Эувия",
			"origin": [7.57265, 5.77991, 3.64103],
			"color": 0,
			"children": [
				{
					"name": "Хвост",
					"origin": [6.39744, 0, 6.2906],
					"color": 0,
					"children": [
						{
							"name": "ХвостовыеПлавники",
							"origin": [6.39744, 0, 6.2906],
							"color": 0,
							"children": [0, 1, 2]
						},
						3,
						4,
						5,
						6,
						7,
						8,
						9
					]
				},
				{
					"name": "Туловище",
					"origin": [6.39744, 0, 6.2906],
					"color": 0,
					"children": [10, 11, 12]
				},
				{
					"name": "Голова",
					"origin": [6.39744, 0, 6.2906],
					"color": 0,
					"children": [
						{
							"name": "Рожки",
							"origin": [6.39744, 0, 6.2906],
							"color": 0,
							"children": [13, 14, 15, 16, 17, 18, 19, 20, 21, 22, 23, 24, 25, 26, 27, 28, 29, 30, 31, 32, 33, 34, 35, 36, 37, 38]
						},
						{
							"name": "Череп",
							"origin": [6.39744, 0, 6.2906],
							"color": 0,
							"children": [39, 40, 41, 42, 43, 44, 45, 46]
						}
					]
				},
				{
					"name": "Шея",
					"origin": [9.60256, 0, 6.2906],
					"color": 0,
					"children": [47, 48, 49, 50, 51, 52, 53]
				},
				{
					"name": "ЗадниеКрылья",
					"origin": [9.60256, 0.97222, 6.37607],
					"color": 0,
					"children": [
						{
							"name": "ЛевыеКрылья",
							"origin": [9.60256, 0.97222, 6.37607],
							"color": 0,
							"children": [54, 55, 56, 57, 58, 59, 60, 61]
						},
						{
							"name": "ПравыеКрылья",
							"origin": [6.39744, 0.97222, 6.37607],
							"color": 0,
							"children": [62, 63, 64, 65, 66, 67, 68, 69]
						}
					]
				},
				{
					"name": "ПередниеКрылья",
					"origin": [9.60256, 0.97222, 6.37607],
					"color": 0,
					"children": [
						{
							"name": "ЛевыеКрылья",
							"origin": [9.60256, 0.97222, 6.37607],
							"color": 0,
							"children": [70, 71, 72, 73]
						},
						{
							"name": "ПравыеКрылья",
							"origin": [6.39744, 0.97222, 6.37607],
							"color": 0,
							"children": [74, 75, 76, 77]
						}
					]
				},
				{
					"name": "ЗадниеКонечности",
					"origin": [9.60256, 0.97222, 6.37607],
					"color": 0,
					"children": [
						{
							"name": "ЛевыеЛапы",
							"origin": [9.60256, 0.97222, 6.37607],
							"color": 0,
							"children": [
								78,
								79,
								80,
								81,
								82,
								83,
								84,
								{
									"name": "Когти",
									"origin": [9.60256, 0.97222, 6.37607],
									"color": 0,
									"children": [85, 86, 87, 88, 89, 90, 91, 92, 93, 94, 95, 96, 97, 98]
								},
								99
							]
						},
						{
							"name": "ПравыеЛапы",
							"origin": [9.60256, 0.97222, 6.37607],
							"color": 0,
							"children": [
								100,
								101,
								102,
								103,
								104,
								105,
								106,
								{
									"name": "Когти",
									"origin": [9.60256, 0.97222, 6.37607],
									"color": 0,
									"children": [107, 108, 109, 110, 111, 112, 113, 114, 115, 116, 117, 118, 119, 120]
								},
								121
							]
						}
					]
				}
			]
		}
	]
}