{
	"format_version": "1.9.0",
	"credit": "Made with Blockbench",
	"texture_size": [64, 64],
	"textures": {
		"0": "euvia_pattern_b",
		"particle": "euvia_pattern_b"
	},
	"elements": [
		{
			"from": [8, 5.69615, 13.68547],
			"to": [8, 8.20741, 18.29017],
			"rotation": {"angle": 0, "axis": "y", "origin": [7.57265, 5.69615, 16.2923]},
			"faces": {
				"north": {"uv": [0, 0, 0, 0.625], "texture": "#0"},
				"east": {"uv": [5.5, 4.5, 6.625, 5.125], "texture": "#0"},
				"south": {"uv": [0, 0, 0, 0.625], "texture": "#0"},
				"west": {"uv": [5.5, 5.25, 6.625, 5.875], "texture": "#0"},
				"up": {"uv": [0, 1.125, 0, 0], "texture": "#0"},
				"down": {"uv": [0, 0, 0, 1.125], "texture": "#0"}
			}
		},
		{
			"from": [5.07222, 5.46731, 13.57863],
			"to": [7.74316, 5.46731, 18.38631],
			"rotation": {"angle": 0, "axis": "y", "origin": [6.88846, 5.89466, 17.31794]},
			"faces": {
				"north": {"uv": [0, 0, 0, 0.6875], "rotation": 270, "texture": "#0"},
				"east": {"uv": [0, 1.1875, 0, 0], "rotation": 90, "texture": "#0"},
				"south": {"uv": [0, 0, 0, 0.6875], "rotation": 90, "texture": "#0"},
				"west": {"uv": [0, 0, 0, 1.1875], "rotation": 90, "texture": "#0"},
				"up": {"uv": [5.25, 0.75, 6.4375, 1.4375], "rotation": 90, "texture": "#0"},
				"down": {"uv": [5.25, 0, 6.4375, 0.6875], "rotation": 90, "texture": "#0"}
			}
		},
		{
			"from": [8.25684, 5.46731, 13.57863],
			"to": [10.92778, 5.46731, 18.38631],
			"rotation": {"angle": 0, "axis": "y", "origin": [9.11154, 5.89466, 17.31794]},
			"faces": {
				"north": {"uv": [0, 0, 0, 0.6875], "rotation": 90, "texture": "#0"},
				"east": {"uv": [0, 0, 0, 1.1875], "rotation": 270, "texture": "#0"},
				"south": {"uv": [0, 0, 0, 0.6875], "rotation": 270, "texture": "#0"},
				"west": {"uv": [0, 1.1875, 0, 0], "rotation": 270, "texture": "#0"},
				"up": {"uv": [5.5, 1.5, 6.6875, 2.1875], "rotation": 270, "texture": "#0"},
				"down": {"uv": [5.5, 2.25, 6.6875, 2.9375], "rotation": 270, "texture": "#0"}
			}
		},
		{
			"name": "Основание1",
			"from": [7.03846, 4.11064, 8.89186],
			"to": [8.96154, 6.24739, 10.17391],
			"rotation": {"angle": 0, "axis": "y", "origin": [7.97265, 5.40363, 11.46218]},
			"faces": {
				"north": {"uv": [6.5, 6.75, 7, 7.3125], "texture": "#0"},
				"east": {"uv": [7.5, 3.25, 7.8125, 3.8125], "texture": "#0"},
				"south": {"uv": [0, 7, 0.5, 7.5625], "texture": "#0"},
				"west": {"uv": [7.5, 5, 7.8125, 5.5625], "texture": "#0"},
				"up": {"uv": [8.25, 1.8125, 7.75, 1.5], "texture": "#0"},
				"down": {"uv": [8.25, 2, 7.75, 2.3125], "texture": "#0"}
			}
		},
		{
			"name": "ПослеОснов2",
			"from": [7.27351, 4.34632, 10.15822],
			"to": [8.7265, 6.17324, 11.44027],
			"rotation": {"angle": 0, "axis": "y", "origin": [7.97265, 5.40363, 11.46218]},
			"faces": {
				"north": {"uv": [7.5, 4, 7.875, 4.4375], "texture": "#0"},
				"east": {"uv": [8.25, 0, 8.5625, 0.4375], "texture": "#0"},
				"south": {"uv": [7.5, 6.25, 7.875, 6.6875], "texture": "#0"},
				"west": {"uv": [8.25, 0.5, 8.5625, 0.9375], "texture": "#0"},
				"up": {"uv": [8.625, 5.8125, 8.25, 5.5], "texture": "#0"},
				"down": {"uv": [6.375, 8.25, 6, 8.5625], "texture": "#0"}
			}
		},
		{
			"name": "ПочтиСеред3",
			"from": [7.4124, 4.59811, 11.02222],
			"to": [8.58761, 6.10453, 12.46453],
			"rotation": {"angle": 0, "axis": "y", "origin": [7.97265, 5.40363, 11.46218]},
			"faces": {
				"north": {"uv": [8.25, 6.75, 8.5625, 7.125], "texture": "#0"},
				"east": {"uv": [2.75, 8, 3.125, 8.375], "texture": "#0"},
				"south": {"uv": [8.25, 7.25, 8.5625, 7.625], "texture": "#0"},
				"west": {"uv": [8, 3, 8.375, 3.375], "texture": "#0"},
				"up": {"uv": [8.3125, 8.625, 8, 8.25], "texture": "#0"},
				"down": {"uv": [8.8125, 1, 8.5, 1.375], "texture": "#0"}
			}
		},
		{
			"name": "СЧитайСеред4",
			"from": [7.5406, 4.80881, 12.44311],
			"to": [8.45941, 6.08018, 13.88542],
			"rotation": {"angle": 0, "axis": "y", "origin": [7.97265, 5.40363, 11.46218]},
			"faces": {
				"north": {"uv": [2.25, 9.25, 2.5, 9.5625], "texture": "#0"},
				"east": {"uv": [8.5, 1.5, 8.875, 1.8125], "texture": "#0"},
				"south": {"uv": [2.5, 9.25, 2.75, 9.5625], "texture": "#0"},
				"west": {"uv": [8.5, 2, 8.875, 2.3125], "texture": "#0"},
				"up": {"uv": [9, 7.625, 8.75, 7.25], "texture": "#0"},
				"down": {"uv": [9, 7.75, 8.75, 8.125], "texture": "#0"}
			}
		},
		{
			"name": "КонецНачало5",
			"from": [7.61539, 4.92692, 13.81367],
			"to": [8.38462, 6.03803, 15.27735],
			"rotation": {"angle": 0, "axis": "y", "origin": [7.57265, 5.40769, 13.9953]},
			"faces": {
				"north": {"uv": [9.5, 6.75, 9.6875, 7], "texture": "#0"},
				"east": {"uv": [8, 8.75, 8.375, 9], "texture": "#0"},
				"south": {"uv": [7, 9.5, 7.1875, 9.75], "texture": "#0"},
				"west": {"uv": [8.75, 8.25, 9.125, 8.5], "texture": "#0"},
				"up": {"uv": [3.9375, 9.625, 3.75, 9.25], "texture": "#0"},
				"down": {"uv": [9.4375, 3.75, 9.25, 4.125], "texture": "#0"}
			}
		},
		{
			"name": "ПредКонец6",
			"from": [7.67949, 5.02308, 15.28803],
			"to": [8.32051, 5.98462, 16.75171],
			"rotation": {"angle": 0, "axis": "y", "origin": [7.57265, 5.36496, 15.46965]},
			"faces": {
				"north": {"uv": [9.5, 7, 9.6875, 7.25], "texture": "#0"},
				"east": {"uv": [8.75, 8.5, 9.125, 8.75], "texture": "#0"},
				"south": {"uv": [7.25, 9.5, 7.4375, 9.75], "texture": "#0"},
				"west": {"uv": [8.75, 8.75, 9.125, 9], "texture": "#0"},
				"up": {"uv": [4.1875, 9.625, 4, 9.25], "texture": "#0"},
				"down": {"uv": [4.4375, 9.25, 4.25, 9.625], "texture": "#0"}
			}
		},
		{
			"name": "Кончик7",
			"from": [7.7329, 5.2688, 16.74102],
			"to": [8.2671, 5.95256, 18.20469],
			"rotation": {"angle": 0, "axis": "y", "origin": [7.57265, 5.35427, 16.92265]},
			"faces": {
				"north": {"uv": [7.5, 9.75, 7.625, 9.9375], "texture": "#0"},
				"east": {"uv": [9.25, 4.25, 9.625, 4.4375], "texture": "#0"},
				"south": {"uv": [9.75, 7.5, 9.875, 7.6875], "texture": "#0"},
				"west": {"uv": [9.25, 4.5, 9.625, 4.6875], "texture": "#0"},
				"up": {"uv": [9.625, 7.625, 9.5, 7.25], "texture": "#0"},
				"down": {"uv": [8.125, 9.5, 8, 9.875], "texture": "#0"}
			}
		},
		{
			"name": "Таз",
			"from": [6.93163, 4.08119, 6.61111],
			"to": [9.06838, 6.32478, 9.17521],
			"rotation": {"angle": 0, "axis": "y", "origin": [7.57265, 5.89743, 8]},
			"faces": {
				"north": {"uv": [3, 6.75, 3.5625, 7.3125], "texture": "#0"},
				"east": {"uv": [6.5, 0.75, 7.125, 1.3125], "texture": "#0"},
				"south": {"uv": [4.5, 6.75, 5.0625, 7.3125], "texture": "#0"},
				"west": {"uv": [1.5, 6.5, 2.125, 7.0625], "texture": "#0"},
				"up": {"uv": [4.3125, 7.125, 3.75, 6.5], "texture": "#0"},
				"down": {"uv": [7.3125, 1.5, 6.75, 2.125], "texture": "#0"}
			}
		},
		{
			"name": "Среднее",
			"from": [6.82479, 3.83546, 4.7842],
			"to": [9.17521, 6.30341, 6.6218],
			"rotation": {"angle": 0, "axis": "y", "origin": [7.57265, 5.76923, 5.44659]},
			"faces": {
				"north": {"uv": [2.25, 6.75, 2.8125, 7.375], "texture": "#0"},
				"east": {"uv": [7, 3, 7.4375, 3.625], "texture": "#0"},
				"south": {"uv": [6.75, 2.25, 7.3125, 2.875], "texture": "#0"},
				"west": {"uv": [7, 3.75, 7.4375, 4.375], "texture": "#0"},
				"up": {"uv": [7.8125, 0.4375, 7.25, 0], "texture": "#0"},
				"down": {"uv": [7.8125, 0.5, 7.25, 0.9375], "texture": "#0"}
			}
		},
		{
			"name": "ПередГрудь",
			"from": [6.73932, 3.67521, 2.70086],
			"to": [9.26068, 6.28205, 4.81624],
			"rotation": {"angle": 0, "axis": "y", "origin": [7.57265, 5.77991, 3.64103]},
			"faces": {
				"north": {"uv": [6.5, 0, 7.125, 0.625], "texture": "#0"},
				"east": {"uv": [6.75, 4.5, 7.25, 5.125], "texture": "#0"},
				"south": {"uv": [0.75, 6.5, 1.375, 7.125], "texture": "#0"},
				"west": {"uv": [5.25, 6.75, 5.75, 7.375], "texture": "#0"},
				"up": {"uv": [7.375, 5.75, 6.75, 5.25], "texture": "#0"},
				"down": {"uv": [6.375, 6.75, 5.75, 7.25], "texture": "#0"}
			}
		},
		{
			"name": "РогОснованиеЛ",
			"from": [7.46581, 9.09349, -2.29174],
			"to": [7.67949, 9.83067, -1.97122],
			"rotation": {"angle": 45, "axis": "x", "origin": [8.03184, 7.65235, -2.83525]},
			"faces": {
				"north": {"uv": [1.25, 10, 1.3125, 10.1875], "texture": "#0"},
				"east": {"uv": [10, 1.25, 10.0625, 1.4375], "texture": "#0"},
				"south": {"uv": [1.5, 10, 1.5625, 10.1875], "texture": "#0"},
				"west": {"uv": [10, 1.5, 10.0625, 1.6875], "texture": "#0"},
				"up": {"uv": [10.8125, 2.0625, 10.75, 2], "texture": "#0"},
				"down": {"uv": [2.3125, 10.75, 2.25, 10.8125], "texture": "#0"}
			}
		},
		{
			"name": "ЛевоВыростБ",
			"from": [7.31624, 7.97648, -1.04347],
			"to": [7.4124, 8.23288, -0.35972],
			"rotation": {"angle": 0, "axis": "y", "origin": [8.03184, 7.65235, -2.83525]},
			"faces": {
				"north": {"uv": [10.75, 2.25, 10.8125, 2.3125], "texture": "#0"},
				"east": {"uv": [1.75, 10, 1.9375, 10.0625], "texture": "#0"},
				"south": {"uv": [2.5, 10.75, 2.5625, 10.8125], "texture": "#0"},
				"west": {"uv": [10, 1.75, 10.1875, 1.8125], "texture": "#0"},
				"up": {"uv": [2.0625, 10.1875, 2, 10], "texture": "#0"},
				"down": {"uv": [10.0625, 2, 10, 2.1875], "texture": "#0"}
			}
		},
		{
			"name": "ЛевоВыростМ",
			"from": [7.32693, 8.1401, -0.55795],
			"to": [7.40171, 8.27898, -0.32292],
			"rotation": {"angle": 0, "axis": "y", "origin": [8.03184, 7.65235, -2.83525]},
			"faces": {
				"north": {"uv": [10.75, 2.5, 10.8125, 2.5625], "texture": "#0"},
				"east": {"uv": [2.75, 10.75, 2.8125, 10.8125], "texture": "#0"},
				"south": {"uv": [10.75, 2.75, 10.8125, 2.8125], "texture": "#0"},
				"west": {"uv": [3, 10.75, 3.0625, 10.8125], "texture": "#0"},
				"up": {"uv": [10.8125, 3.0625, 10.75, 3], "texture": "#0"},
				"down": {"uv": [3.3125, 10.75, 3.25, 10.8125], "texture": "#0"}
			}
		},
		{
			"name": "Стебель1Лево",
			"from": [7.69658, 7.42171, -0.96647],
			"to": [7.70727, 7.54992, -0.1545],
			"rotation": {"angle": -22.5, "axis": "x", "origin": [8.03184, 7.65235, -2.83525]},
			"faces": {
				"north": {"uv": [3.5625, 10.75, 3.5, 10.8125], "rotation": 180, "texture": "#0"},
				"east": {"uv": [10, 2.25, 10.0625, 2.4375], "rotation": 270, "texture": "#0"},
				"south": {"uv": [10.8125, 3.3125, 10.75, 3.25], "texture": "#0"},
				"west": {"uv": [10, 2.5, 10.0625, 2.6875], "rotation": 90, "texture": "#0"},
				"up": {"uv": [2.25, 10, 2.3125, 10.1875], "rotation": 180, "texture": "#0"},
				"down": {"uv": [2.5, 10, 2.5625, 10.1875], "texture": "#0"}
			}
		},
		{
			"name": "Стебель2Лево",
			"from": [7.70086, 10.04314, -1.72235],
			"to": [7.70086, 10.58801, -1.60483],
			"rotation": {"angle": 45, "axis": "x", "origin": [8.03184, 7.65235, -2.83525]},
			"faces": {
				"north": {"uv": [0, 0, 0, 0.125], "texture": "#0"},
				"east": {"uv": [10.25, 3.75, 10.3125, 3.875], "texture": "#0"},
				"south": {"uv": [0, 0, 0, 0.125], "texture": "#0"},
				"west": {"uv": [4, 10.25, 4.0625, 10.375], "texture": "#0"},
				"up": {"uv": [0, 0.0625, 0, 0], "texture": "#0"},
				"down": {"uv": [0, 0, 0, 0.0625], "texture": "#0"}
			}
		},
		{
			"name": "ШарикЛево",
			"from": [7.64744, 9.88284, -0.69551],
			"to": [7.76496, 10.01105, -0.5673],
			"rotation": {"angle": 22.5, "axis": "x", "origin": [8.03184, 7.65235, -2.83525]},
			"faces": {
				"north": {"uv": [10.75, 3.5, 10.8125, 3.5625], "texture": "#0"},
				"east": {"uv": [3.75, 10.75, 3.8125, 10.8125], "texture": "#0"},
				"south": {"uv": [10.75, 3.75, 10.8125, 3.8125], "texture": "#0"},
				"west": {"uv": [4, 10.75, 4.0625, 10.8125], "texture": "#0"},
				"up": {"uv": [10.8125, 4.0625, 10.75, 4], "texture": "#0"},
				"down": {"uv": [4.3125, 10.75, 4.25, 10.8125], "texture": "#0"}
			}
		},
		{
			"name": "РогВерхЛ",
			"from": [7.4765, 7.76137, -0.60969],
			"to": [7.66881, 7.96437, -0.09687],
			"rotation": {"angle": -22.5, "axis": "x", "origin": [8.03184, 7.65235, -2.83525]},
			"faces": {
				"north": {"uv": [10.75, 4.25, 10.8125, 4.3125], "texture": "#0"},
				"east": {"uv": [10.25, 4, 10.375, 4.0625], "texture": "#0"},
				"south": {"uv": [4.5, 10.75, 4.5625, 10.8125], "texture": "#0"},
				"west": {"uv": [4.25, 10.25, 4.375, 10.3125], "texture": "#0"},
				"up": {"uv": [10.3125, 4.375, 10.25, 4.25], "texture": "#0"},
				"down": {"uv": [4.5625, 10.25, 4.5, 10.375], "texture": "#0"}
			}
		},
		{
			"name": "ШарикПраво",
			"from": [8.23504, 9.88284, -0.69551],
			"to": [8.35256, 10.01105, -0.5673],
			"rotation": {"angle": 22.5, "axis": "x", "origin": [8.03184, 7.65235, -2.83525]},
			"faces": {
				"north": {"uv": [10.75, 5, 10.8125, 5.0625], "texture": "#0"},
				"east": {"uv": [5.25, 10.75, 5.3125, 10.8125], "texture": "#0"},
				"south": {"uv": [10.75, 5.25, 10.8125, 5.3125], "texture": "#0"},
				"west": {"uv": [5.5, 10.75, 5.5625, 10.8125], "texture": "#0"},
				"up": {"uv": [10.8125, 5.5625, 10.75, 5.5], "texture": "#0"},
				"down": {"uv": [5.8125, 10.75, 5.75, 10.8125], "texture": "#0"}
			}
		},
		{
			"name": "ПравоВыростМ",
			"from": [8.59829, 8.1401, -0.55795],
			"to": [8.67307, 8.27898, -0.32292],
			"rotation": {"angle": 0, "axis": "y", "origin": [8.03184, 7.65235, -2.83525]},
			"faces": {
				"north": {"uv": [10.75, 5.75, 10.8125, 5.8125], "texture": "#0"},
				"east": {"uv": [6, 10.75, 6.0625, 10.8125], "texture": "#0"},
				"south": {"uv": [10.75, 6, 10.8125, 6.0625], "texture": "#0"},
				"west": {"uv": [6.25, 10.75, 6.3125, 10.8125], "texture": "#0"},
				"up": {"uv": [10.8125, 6.3125, 10.75, 6.25], "texture": "#0"},
				"down": {"uv": [6.5625, 10.75, 6.5, 10.8125], "texture": "#0"}
			}
		},
		{
			"name": "Стебель1Прав",
			"from": [8.29273, 7.42171, -0.96647],
			"to": [8.30342, 7.54992, -0.1545],
			"rotation": {"angle": -22.5, "axis": "x", "origin": [8.03184, 7.65235, -2.83525]},
			"faces": {
				"north": {"uv": [6.8125, 10.75, 6.75, 10.8125], "rotation": 180, "texture": "#0"},
				"east": {"uv": [10, 3.25, 10.0625, 3.4375], "rotation": 270, "texture": "#0"},
				"south": {"uv": [10.8125, 6.5625, 10.75, 6.5], "texture": "#0"},
				"west": {"uv": [10, 3.5, 10.0625, 3.6875], "rotation": 90, "texture": "#0"},
				"up": {"uv": [3.25, 10, 3.3125, 10.1875], "rotation": 180, "texture": "#0"},
				"down": {"uv": [3.5, 10, 3.5625, 10.1875], "texture": "#0"}
			}
		},
		{
			"name": "Стебель2Право",
			"from": [8.29914, 10.04314, -1.72235],
			"to": [8.29914, 10.58801, -1.60483],
			"rotation": {"angle": 45, "axis": "x", "origin": [8.03184, 7.65235, -2.83525]},
			"faces": {
				"north": {"uv": [0, 0, 0, 0.125], "texture": "#0"},
				"east": {"uv": [10.25, 5, 10.3125, 5.125], "texture": "#0"},
				"south": {"uv": [0, 0, 0, 0.125], "texture": "#0"},
				"west": {"uv": [5.25, 10.25, 5.3125, 10.375], "texture": "#0"},
				"up": {"uv": [0, 0.0625, 0, 0], "texture": "#0"},
				"down": {"uv": [0, 0, 0, 0.0625], "texture": "#0"}
			}
		},
		{
			"name": "РогОснованиеП",
			"from": [8.32051, 9.09349, -2.29174],
			"to": [8.53419, 9.83067, -1.97122],
			"rotation": {"angle": 45, "axis": "x", "origin": [8.03184, 7.65235, -2.83525]},
			"faces": {
				"north": {"uv": [3.75, 10, 3.8125, 10.1875], "texture": "#0"},
				"east": {"uv": [10, 3.75, 10.0625, 3.9375], "texture": "#0"},
				"south": {"uv": [4, 10, 4.0625, 10.1875], "texture": "#0"},
				"west": {"uv": [10, 4, 10.0625, 4.1875], "texture": "#0"},
				"up": {"uv": [10.8125, 6.8125, 10.75, 6.75], "texture": "#0"},
				"down": {"uv": [7.0625, 10.75, 7, 10.8125], "texture": "#0"}
			}
		},
		{
			"name": "ПравоВыростБ",
			"from": [8.5876, 7.97648, -1.04347],
			"to": [8.68376, 8.23288, -0.35972],
			"rotation": {"angle": 0, "axis": "y", "origin": [8.03184, 7.65235, -2.83525]},
			"faces": {
				"north": {"uv": [10.75, 7, 10.8125, 7.0625], "texture": "#0"},
				"east": {"uv": [4.25, 10, 4.4375, 10.0625], "texture": "#0"},
				"south": {"uv": [7.25, 10.75, 7.3125, 10.8125], "texture": "#0"},
				"west": {"uv": [10, 4.25, 10.1875, 4.3125], "texture": "#0"},
				"up": {"uv": [4.5625, 10.1875, 4.5, 10], "texture": "#0"},
				"down": {"uv": [10.0625, 4.5, 10, 4.6875], "texture": "#0"}
			}
		},
		{
			"name": "РогВерхП",
			"from": [8.33119, 7.76137, -0.60969],
			"to": [8.5235, 7.96437, -0.09687],
			"rotation": {"angle": -22.5, "axis": "x", "origin": [8.03184, 7.65235, -2.83525]},
			"faces": {
				"north": {"uv": [10.75, 7.25, 10.8125, 7.3125], "texture": "#0"},
				"east": {"uv": [10.25, 5.25, 10.375, 5.3125], "texture": "#0"},
				"south": {"uv": [7.5, 10.75, 7.5625, 10.8125], "texture": "#0"},
				"west": {"uv": [5.5, 10.25, 5.625, 10.3125], "texture": "#0"},
				"up": {"uv": [10.3125, 5.625, 10.25, 5.5], "texture": "#0"},
				"down": {"uv": [5.8125, 10.25, 5.75, 10.375], "texture": "#0"}
			}
		},
		{
			"name": "Стебель1Верх",
			"from": [8, 7.1695, -4.32944],
			"to": [8, 7.89138, -4.15619],
			"rotation": {"angle": 22.5, "axis": "x", "origin": [8.03184, 7.65235, -2.83525]},
			"faces": {
				"north": {"uv": [0, 0, 0, 0.1875], "texture": "#0"},
				"east": {"uv": [6.25, 10, 6.3125, 10.1875], "texture": "#0"},
				"south": {"uv": [0, 0, 0, 0.1875], "texture": "#0"},
				"west": {"uv": [10, 6.25, 10.0625, 6.4375], "texture": "#0"},
				"up": {"uv": [0, 0.0625, 0, 0], "texture": "#0"},
				"down": {"uv": [0, 0, 0, 0.0625], "texture": "#0"}
			}
		},
		{
			"name": "Стебель1Низ",
			"from": [8, 7.49674, -4.71187],
			"to": [8, 7.95874, -4.56749],
			"rotation": {"angle": -22.5, "axis": "x", "origin": [8.03184, 7.65235, -2.83525]},
			"faces": {
				"north": {"uv": [0, 0, 0, 0.125], "texture": "#0"},
				"east": {"uv": [10.25, 7.25, 10.3125, 7.375], "texture": "#0"},
				"south": {"uv": [0, 0, 0, 0.125], "texture": "#0"},
				"west": {"uv": [7.5, 10.25, 7.5625, 10.375], "texture": "#0"},
				"up": {"uv": [0, 0.0625, 0, 0], "texture": "#0"},
				"down": {"uv": [0, 0, 0, 0.0625], "texture": "#0"}
			}
		},
		{
			"name": "Стебель2Низ",
			"from": [8, 7.30627, -4.37497],
			"to": [8, 7.82602, -4.2306],
			"rotation": {"angle": -22.5, "axis": "x", "origin": [8.03184, 7.65235, -2.83525]},
			"faces": {
				"north": {"uv": [0, 0, 0, 0.125], "texture": "#0"},
				"east": {"uv": [10.25, 7.5, 10.3125, 7.625], "texture": "#0"},
				"south": {"uv": [0, 0, 0, 0.125], "texture": "#0"},
				"west": {"uv": [7.75, 10.25, 7.8125, 10.375], "texture": "#0"},
				"up": {"uv": [0, 0.0625, 0, 0], "texture": "#0"},
				"down": {"uv": [0, 0, 0, 0.0625], "texture": "#0"}
			}
		},
		{
			"name": "Стебель3Низ",
			"from": [8, 6.62303, -3.82047],
			"to": [8, 7.17165, -3.6761],
			"rotation": {"angle": 0, "axis": "y", "origin": [8.03184, 7.65235, -2.83525]},
			"faces": {
				"north": {"uv": [0, 0, 0, 0.125], "texture": "#0"},
				"east": {"uv": [10.25, 7.75, 10.3125, 7.875], "texture": "#0"},
				"south": {"uv": [0, 0, 0, 0.125], "texture": "#0"},
				"west": {"uv": [8, 10.25, 8.0625, 10.375], "texture": "#0"},
				"up": {"uv": [0, 0.0625, 0, 0], "texture": "#0"},
				"down": {"uv": [0, 0, 0, 0.0625], "texture": "#0"}
			}
		},
		{
			"name": "Стебель2Верх",
			"from": [8, 7.47269, -3.7375],
			"to": [8, 8.36781, -3.53538],
			"rotation": {"angle": 22.5, "axis": "x", "origin": [8.03184, 7.65235, -2.83525]},
			"faces": {
				"north": {"uv": [0, 0, 0, 0.25], "texture": "#0"},
				"east": {"uv": [9.75, 9, 9.8125, 9.25], "texture": "#0"},
				"south": {"uv": [0, 0, 0, 0.25], "texture": "#0"},
				"west": {"uv": [9.25, 9.75, 9.3125, 10], "texture": "#0"},
				"up": {"uv": [0, 0.0625, 0, 0], "texture": "#0"},
				"down": {"uv": [0, 0, 0, 0.0625], "texture": "#0"}
			}
		},
		{
			"name": "Стебель3Верх",
			"from": [8, 8.12238, -3.13112],
			"to": [8, 8.902, -2.91456],
			"rotation": {"angle": 22.5, "axis": "x", "origin": [8.03184, 7.65235, -2.83525]},
			"faces": {
				"north": {"uv": [0, 0, 0, 0.1875], "texture": "#0"},
				"east": {"uv": [6.5, 10, 6.5625, 10.1875], "texture": "#0"},
				"south": {"uv": [0, 0, 0, 0.1875], "texture": "#0"},
				"west": {"uv": [10, 6.5, 10.0625, 6.6875], "texture": "#0"},
				"up": {"uv": [0, 0.0625, 0, 0], "texture": "#0"},
				"down": {"uv": [0, 0, 0, 0.0625], "texture": "#0"}
			}
		},
		{
			"name": "Шарик1Верх",
			"from": [7.90375, 8.28455, -4.15789],
			"to": [8.09625, 8.47705, -3.96539],
			"rotation": {"angle": 0, "axis": "y", "origin": [8.03184, 7.65235, -2.83525]},
			"faces": {
				"north": {"uv": [10.75, 9, 10.8125, 9.0625], "texture": "#0"},
				"east": {"uv": [9.25, 10.75, 9.3125, 10.8125], "texture": "#0"},
				"south": {"uv": [10.75, 9.25, 10.8125, 9.3125], "texture": "#0"},
				"west": {"uv": [9.5, 10.75, 9.5625, 10.8125], "texture": "#0"},
				"up": {"uv": [10.8125, 9.5625, 10.75, 9.5], "texture": "#0"},
				"down": {"uv": [9.8125, 10.75, 9.75, 10.8125], "texture": "#0"}
			}
		},
		{
			"name": "Шарик1Низ",
			"from": [7.923, 6.78074, -4.55159],
			"to": [8.077, 6.95399, -4.37834],
			"rotation": {"angle": 0, "axis": "y", "origin": [8.03184, 7.65235, -2.83525]},
			"faces": {
				"north": {"uv": [10.75, 9.75, 10.8125, 9.8125], "texture": "#0"},
				"east": {"uv": [10, 10.75, 10.0625, 10.8125], "texture": "#0"},
				"south": {"uv": [10.75, 10, 10.8125, 10.0625], "texture": "#0"},
				"west": {"uv": [10.25, 10.75, 10.3125, 10.8125], "texture": "#0"},
				"up": {"uv": [10.8125, 10.3125, 10.75, 10.25], "texture": "#0"},
				"down": {"uv": [10.5625, 10.75, 10.5, 10.8125], "texture": "#0"}
			}
		},
		{
			"name": "Шарик2Низ",
			"from": [7.923, 6.66161, -4.16338],
			"to": [8.077, 6.83486, -3.99013],
			"rotation": {"angle": 0, "axis": "y", "origin": [8.03184, 7.65235, -2.83525]},
			"faces": {
				"north": {"uv": [10.75, 10.5, 10.8125, 10.5625], "texture": "#0"},
				"east": {"uv": [10.75, 10.75, 10.8125, 10.8125], "texture": "#0"},
				"south": {"uv": [0, 11, 0.0625, 11.0625], "texture": "#0"},
				"west": {"uv": [11, 0, 11.0625, 0.0625], "texture": "#0"},
				"up": {"uv": [0.3125, 11.0625, 0.25, 11], "texture": "#0"},
				"down": {"uv": [11.0625, 0.25, 11, 0.3125], "texture": "#0"}
			}
		},
		{
			"name": "Шарик3Низ",
			"from": [7.90375, 6.24006, -3.3871],
			"to": [8.09625, 6.43256, -3.1946],
			"rotation": {"angle": 22.5, "axis": "x", "origin": [8.03184, 7.65235, -2.83525]},
			"faces": {
				"north": {"uv": [0.5, 11, 0.5625, 11.0625], "texture": "#0"},
				"east": {"uv": [11, 0.5, 11.0625, 0.5625], "texture": "#0"},
				"south": {"uv": [0.75, 11, 0.8125, 11.0625], "texture": "#0"},
				"west": {"uv": [11, 0.75, 11.0625, 0.8125], "texture": "#0"},
				"up": {"uv": [1.0625, 11.0625, 1, 11], "texture": "#0"},
				"down": {"uv": [11.0625, 1, 11, 1.0625], "texture": "#0"}
			}
		},
		{
			"name": "Шарик2Верх",
			"from": [7.8922, 8.49344, -3.42386],
			"to": [8.10395, 8.70519, -3.21211],
			"rotation": {"angle": 0, "axis": "y", "origin": [8.03184, 7.65235, -2.83525]},
			"faces": {
				"north": {"uv": [1.25, 11, 1.3125, 11.0625], "texture": "#0"},
				"east": {"uv": [11, 1.25, 11.0625, 1.3125], "texture": "#0"},
				"south": {"uv": [1.5, 11, 1.5625, 11.0625], "texture": "#0"},
				"west": {"uv": [11, 1.5, 11.0625, 1.5625], "texture": "#0"},
				"up": {"uv": [1.8125, 11.0625, 1.75, 11], "texture": "#0"},
				"down": {"uv": [11.0625, 1.75, 11, 1.8125], "texture": "#0"}
			}
		},
		{
			"name": "Шарие3Верх",
			"from": [7.8845, 8.79124, -2.653],
			"to": [8.1155, 9.02224, -2.422],
			"rotation": {"angle": 0, "axis": "y", "origin": [8.03184, 7.65235, -2.83525]},
			"faces": {
				"north": {"uv": [2, 11, 2.0625, 11.0625], "texture": "#0"},
				"east": {"uv": [11, 2, 11.0625, 2.0625], "texture": "#0"},
				"south": {"uv": [2.25, 11, 2.3125, 11.0625], "texture": "#0"},
				"west": {"uv": [11, 2.25, 11.0625, 2.3125], "texture": "#0"},
				"up": {"uv": [2.5625, 11.0625, 2.5, 11], "texture": "#0"},
				"down": {"uv": [11.0625, 2.5, 11, 2.5625], "texture": "#0"}
			}
		},
		{
			"name": "Клюв3Низ",
			"from": [7.35898, 7.05767, -2.9345],
			"to": [8.64102, 7.52776, -1.02211],
			"rotation": {"angle": 0, "axis": "y", "origin": [8.03184, 7.65235, -2.83525]},
			"faces": {
				"north": {"uv": [9.5, 9.5, 9.8125, 9.625], "texture": "#0"},
				"east": {"uv": [9.25, 5.75, 9.75, 5.875], "texture": "#0"},
				"south": {"uv": [9.75, 0, 10.0625, 0.125], "texture": "#0"},
				"west": {"uv": [9.25, 6, 9.75, 6.125], "texture": "#0"},
				"up": {"uv": [0.3125, 8.25, 0, 7.75], "texture": "#0"},
				"down": {"uv": [8.0625, 1, 7.75, 1.5], "texture": "#0"}
			}
		},
		{
			"name": "Клюв4Верх",
			"from": [7.33761, 7.52776, -2.9345],
			"to": [8.66239, 8.21152, -2.09049],
			"rotation": {"angle": 0, "axis": "y", "origin": [8.03184, 7.65235, -2.83525]},
			"faces": {
				"north": {"uv": [9.25, 7.75, 9.5625, 7.9375], "texture": "#0"},
				"east": {"uv": [3, 9.75, 3.1875, 9.9375], "texture": "#0"},
				"south": {"uv": [9.25, 8, 9.5625, 8.1875], "texture": "#0"},
				"west": {"uv": [9.75, 3, 9.9375, 3.1875], "texture": "#0"},
				"up": {"uv": [9.5625, 8.4375, 9.25, 8.25], "texture": "#0"},
				"down": {"uv": [8.8125, 9.25, 8.5, 9.4375], "texture": "#0"}
			}
		},
		{
			"name": "Клюв5Верх",
			"from": [7.22009, 7.52776, -2.09049],
			"to": [8.77992, 8.29699, -0.96869],
			"rotation": {"angle": 0, "axis": "y", "origin": [8.03184, 7.65235, -2.83525]},
			"faces": {
				"north": {"uv": [3.25, 9.25, 3.625, 9.4375], "texture": "#0"},
				"east": {"uv": [9.5, 2, 9.75, 2.1875], "texture": "#0"},
				"south": {"uv": [9.25, 3.5, 9.625, 3.6875], "texture": "#0"},
				"west": {"uv": [9.5, 2.25, 9.75, 2.4375], "texture": "#0"},
				"up": {"uv": [8.875, 6.75, 8.5, 6.5], "texture": "#0"},
				"down": {"uv": [6.375, 8.75, 6, 9], "texture": "#0"}
			}
		},
		{
			"name": "Клюв2Низ",
			"from": [7.46581, 7.12178, -3.9922],
			"to": [8.53419, 7.52776, -2.9345],
			"rotation": {"angle": 0, "axis": "y", "origin": [8.03184, 7.65235, -2.83525]},
			"faces": {
				"north": {"uv": [4, 9.75, 4.25, 9.875], "texture": "#0"},
				"east": {"uv": [9.75, 4, 10, 4.125], "texture": "#0"},
				"south": {"uv": [4.25, 9.75, 4.5, 9.875], "texture": "#0"},
				"west": {"uv": [9.75, 4.25, 10, 4.375], "texture": "#0"},
				"up": {"uv": [2.5, 6, 2.25, 5.75], "texture": "#0"},
				"down": {"uv": [4.75, 6.5, 4.5, 6.75], "texture": "#0"}
			}
		},
		{
			"name": "Клюв3Верх",
			"from": [7.44445, 7.52776, -3.56484],
			"to": [8.55556, 7.96579, -2.9345],
			"rotation": {"angle": 0, "axis": "y", "origin": [8.03184, 7.65235, -2.83525]},
			"faces": {
				"north": {"uv": [4.5, 9.75, 4.75, 9.875], "texture": "#0"},
				"east": {"uv": [7, 9.75, 7.1875, 9.875], "texture": "#0"},
				"south": {"uv": [9.75, 4.5, 10, 4.625], "texture": "#0"},
				"west": {"uv": [9.75, 7, 9.9375, 7.125], "texture": "#0"},
				"up": {"uv": [9.75, 2.6875, 9.5, 2.5], "texture": "#0"},
				"down": {"uv": [9.75, 2.75, 9.5, 2.9375], "texture": "#0"}
			}
		},
		{
			"name": "Клюв2Верх",
			"from": [7.46581, 7.52776, -3.9922],
			"to": [8.53419, 7.85895, -3.56484],
			"rotation": {"angle": 0, "axis": "y", "origin": [8.03184, 7.65235, -2.83525]},
			"faces": {
				"north": {"uv": [9.75, 8.25, 10, 8.3125], "texture": "#0"},
				"east": {"uv": [10.25, 3.5, 10.375, 3.5625], "texture": "#0"},
				"south": {"uv": [8.5, 9.75, 8.75, 9.8125], "texture": "#0"},
				"west": {"uv": [3.75, 10.25, 3.875, 10.3125], "texture": "#0"},
				"up": {"uv": [5, 9.875, 4.75, 9.75], "texture": "#0"},
				"down": {"uv": [10, 4.75, 9.75, 4.875], "texture": "#0"}
			}
		},
		{
			"name": "Клюв1Низ",
			"from": [7.57265, 7.19656, -5.03919],
			"to": [8.42735, 7.52776, -3.9922],
			"rotation": {"angle": 0, "axis": "y", "origin": [8.03184, 7.65235, -2.83525]},
			"faces": {
				"north": {"uv": [0.75, 10, 0.9375, 10.0625], "texture": "#0"},
				"east": {"uv": [9.75, 8.5, 10, 8.5625], "texture": "#0"},
				"south": {"uv": [10, 0.75, 10.1875, 0.8125], "texture": "#0"},
				"west": {"uv": [8.75, 9.75, 9, 9.8125], "texture": "#0"},
				"up": {"uv": [9.6875, 3.25, 9.5, 3], "texture": "#0"},
				"down": {"uv": [3.4375, 9.5, 3.25, 9.75], "texture": "#0"}
			}
		},
		{
			"name": "Клюв1Верх",
			"from": [7.57265, 7.51707, -5.03919],
			"to": [8.42735, 7.78417, -3.9922],
			"rotation": {"angle": 0, "axis": "y", "origin": [8.03184, 7.65235, -2.83525]},
			"faces": {
				"north": {"uv": [1, 10, 1.1875, 10.0625], "texture": "#0"},
				"east": {"uv": [9.75, 8.75, 10, 8.8125], "texture": "#0"},
				"south": {"uv": [10, 1, 10.1875, 1.0625], "texture": "#0"},
				"west": {"uv": [9, 9.75, 9.25, 9.8125], "texture": "#0"},
				"up": {"uv": [9.6875, 3.5, 9.5, 3.25], "texture": "#0"},
				"down": {"uv": [3.6875, 9.5, 3.5, 9.75], "texture": "#0"}
			}
		},
		{
			"name": "Начало1",
			"from": [7.03846, 4.39252, 1.4671],
			"to": [8.96154, 6.24081, 3.14445],
			"rotation": {"angle": 0, "axis": "y", "origin": [7.57265, 5.06559, 1.4671]},
			"faces": {
				"north": {"uv": [7.25, 1, 7.75, 1.4375], "texture": "#0"},
				"east": {"uv": [2.75, 7.5, 3.1875, 7.9375], "texture": "#0"},
				"south": {"uv": [7.25, 4.5, 7.75, 4.9375], "texture": "#0"},
				"west": {"uv": [3.25, 7.5, 3.6875, 7.9375], "texture": "#0"},
				"up": {"uv": [7.75, 6.1875, 7.25, 5.75], "texture": "#0"},
				"down": {"uv": [6.5, 7.25, 6, 7.6875], "texture": "#0"}
			}
		},
		{
			"name": "Продл2",
			"from": [7.27351, 5.07884, 0.01688],
			"to": [8.7265, 6.5532, 1.61945],
			"rotation": {"angle": 22.5, "axis": "x", "origin": [7.57265, 5.24978, 0.65791]},
			"faces": {
				"north": {"uv": [8.125, 7.125, 7.75, 6.75], "rotation": 180, "texture": "#0"},
				"east": {"uv": [7.75, 4.5, 8.125, 4.875], "rotation": 90, "texture": "#0"},
				"south": {"uv": [8.125, 7.25, 7.75, 7.625], "texture": "#0"},
				"west": {"uv": [6, 7.75, 6.375, 8.125], "rotation": 270, "texture": "#0"},
				"up": {"uv": [7.75, 5.75, 8.125, 6.125], "texture": "#0"},
				"down": {"uv": [7.75, 2.5, 8.125, 2.875], "rotation": 180, "texture": "#0"}
			}
		},
		{
			"name": "ПРодл3",
			"from": [7.35898, 5.14466, -0.66601],
			"to": [8.64102, 6.40534, 0.68014],
			"rotation": {"angle": -45, "axis": "x", "origin": [7.57265, 6.10619, -0.56987]},
			"faces": {
				"north": {"uv": [8.75, 0, 9.0625, 0.3125], "texture": "#0"},
				"east": {"uv": [8.75, 0.5, 9.0625, 0.8125], "texture": "#0"},
				"south": {"uv": [8.75, 3, 9.0625, 3.3125], "texture": "#0"},
				"west": {"uv": [3.25, 8.75, 3.5625, 9.0625], "texture": "#0"},
				"up": {"uv": [9.0625, 3.8125, 8.75, 3.5], "texture": "#0"},
				"down": {"uv": [9.0625, 4, 8.75, 4.3125], "texture": "#0"}
			}
		},
		{
			"name": "Конец4",
			"from": [7.38034, 6.16645, -1.29957],
			"to": [8.61966, 7.86517, -0.07093],
			"rotation": {"angle": -22.5, "axis": "x", "origin": [7.57265, 7.42713, -1.31025]},
			"faces": {
				"north": {"uv": [8, 6.25, 8.3125, 6.6875], "texture": "#0"},
				"east": {"uv": [7, 8, 7.3125, 8.4375], "texture": "#0"},
				"south": {"uv": [8, 7.75, 8.3125, 8.1875], "texture": "#0"},
				"west": {"uv": [0, 8.25, 0.3125, 8.6875], "texture": "#0"},
				"up": {"uv": [9.0625, 4.8125, 8.75, 4.5], "texture": "#0"},
				"down": {"uv": [9.0625, 5, 8.75, 5.3125], "texture": "#0"}
			}
		},
		{
			"name": "ГорлвойМешокБ",
			"from": [7.62463, 6.1486, -2.39014],
			"to": [8.37538, 7.4191, -0.77314],
			"rotation": {"angle": -22.5, "axis": "x", "origin": [8, 6.70081, -1.62263]},
			"faces": {
				"north": {"uv": [0, 9.5, 0.1875, 9.8125], "texture": "#0"},
				"east": {"uv": [8.5, 2.5, 8.875, 2.8125], "texture": "#0"},
				"south": {"uv": [0.25, 9.5, 0.4375, 9.8125], "texture": "#0"},
				"west": {"uv": [2.75, 8.5, 3.125, 8.8125], "texture": "#0"},
				"up": {"uv": [9.4375, 5.125, 9.25, 4.75], "texture": "#0"},
				"down": {"uv": [9.4375, 5.25, 9.25, 5.625], "texture": "#0"}
			}
		},
		{
			"name": "ГорловойМешокСр",
			"from": [7.66794, 5.68575, -1.91591],
			"to": [8.33206, 6.40762, -0.64541],
			"rotation": {"angle": 45, "axis": "x", "origin": [8, 5.55813, -1.19763]},
			"faces": {
				"north": {"uv": [3.4375, 9.9375, 3.25, 9.75], "rotation": 180, "texture": "#0"},
				"east": {"uv": [9.5, 0.5, 9.6875, 0.8125], "rotation": 90, "texture": "#0"},
				"south": {"uv": [9.9375, 3.25, 9.75, 3.4375], "texture": "#0"},
				"west": {"uv": [1, 9.5, 1.1875, 9.8125], "rotation": 270, "texture": "#0"},
				"up": {"uv": [0.75, 9.5, 0.9375, 9.8125], "texture": "#0"},
				"down": {"uv": [0.5, 9.5, 0.6875, 9.8125], "rotation": 180, "texture": "#0"}
			}
		},
		{
			"name": "ГорловойМешкМ",
			"from": [7.68238, 5.31423, -0.7796],
			"to": [8.31763, 5.7618, -0.07216],
			"rotation": {"angle": 22.5, "axis": "x", "origin": [8, 4.91231, -0.53775]},
			"faces": {
				"north": {"uv": [9.9375, 8.125, 9.75, 8], "rotation": 180, "texture": "#0"},
				"east": {"uv": [7.75, 9.75, 7.875, 9.9375], "rotation": 90, "texture": "#0"},
				"south": {"uv": [8.4375, 9.75, 8.25, 9.875], "texture": "#0"},
				"west": {"uv": [9.75, 7.75, 9.875, 7.9375], "rotation": 270, "texture": "#0"},
				"up": {"uv": [9.75, 3.5, 9.9375, 3.6875], "texture": "#0"},
				"down": {"uv": [3.5, 9.75, 3.6875, 9.9375], "rotation": 180, "texture": "#0"}
			}
		},
		{
			"name": "ОснованиеМышца",
			"from": [6.08756, 5.089, 5.21638],
			"to": [7.19644, 5.7915, 7.04388],
			"rotation": {"angle": 22.5, "axis": "z", "origin": [6.31081, 5.88587, 5.21638]},
			"faces": {
				"north": {"uv": [9.5, 8.75, 9.75, 8.9375], "texture": "#0"},
				"east": {"uv": [0.25, 9.25, 0.6875, 9.4375], "texture": "#0"},
				"south": {"uv": [9.25, 9.5, 9.5, 9.6875], "texture": "#0"},
				"west": {"uv": [9.25, 0.25, 9.6875, 0.4375], "texture": "#0"},
				"up": {"uv": [8.75, 5.4375, 8.5, 5], "texture": "#0"},
				"down": {"uv": [8.75, 6, 8.5, 6.4375], "texture": "#0"}
			}
		},
		{
			"name": "ПервыйСегмент",
			"from": [0.76437, 5.1855, 5.66394],
			"to": [6.57137, 5.79082, 7.6865],
			"rotation": {"angle": 22.5, "axis": "y", "origin": [5.57312, 5.6975, 5.9185]},
			"faces": {
				"north": {"uv": [5.125, 8.9375, 5, 7.5], "rotation": 270, "texture": "#0"},
				"east": {"uv": [9.25, 6.75, 9.375, 7.25], "rotation": 90, "texture": "#0"},
				"south": {"uv": [5.375, 7.5, 5.25, 8.9375], "rotation": 270, "texture": "#0"},
				"west": {"uv": [9.25, 7.25, 9.375, 7.75], "rotation": 270, "texture": "#0"},
				"up": {"uv": [5.5, 3.5, 6.9375, 4], "texture": "#0"},
				"down": {"uv": [5.5, 4, 6.9375, 4.5], "rotation": 180, "texture": "#0"}
			}
		},
		{
			"name": "ВторойСегмент",
			"from": [-4.56715, 5.29913, 7.44063],
			"to": [1.81423, 5.82169, 10.22094],
			"rotation": {"angle": 0, "axis": "y", "origin": [-4.47338, 5.54213, 7.96856]},
			"faces": {
				"north": {"uv": [2.25, 7.5, 2.375, 9.125], "rotation": 270, "texture": "#0"},
				"east": {"uv": [6.875, 9.6875, 6.75, 9], "rotation": 90, "texture": "#0"},
				"south": {"uv": [2.5, 7.5, 2.625, 9.125], "rotation": 90, "texture": "#0"},
				"west": {"uv": [9.125, 7, 9, 7.6875], "rotation": 90, "texture": "#0"},
				"up": {"uv": [0, 4.5, 0.6875, 6.125], "rotation": 90, "texture": "#0"},
				"down": {"uv": [4, 3.25, 4.6875, 4.875], "rotation": 90, "texture": "#0"}
			}
		},
		{
			"name": "КонецКрыла",
			"from": [-11.34272, 5.40201, 7.36274],
			"to": [-2.82459, 5.8457, 10.33918],
			"rotation": {"angle": 22.5, "axis": "y", "origin": [-2.87338, 5.64213, 9.99356]},
			"faces": {
				"north": {"uv": [0.875, 9.375, 0.75, 7.25], "rotation": 270, "texture": "#0"},
				"east": {"uv": [2.75, 9, 2.875, 9.75], "rotation": 90, "texture": "#0"},
				"south": {"uv": [1.125, 7.25, 1, 9.375], "rotation": 270, "texture": "#0"},
				"west": {"uv": [3, 9, 3.125, 9.75], "rotation": 270, "texture": "#0"},
				"up": {"uv": [3, 0.75, 5.125, 1.5], "texture": "#0"},
				"down": {"uv": [1, 3, 3.125, 3.75], "rotation": 180, "texture": "#0"}
			}
		},
		{
			"name": "ПалецБольш",
			"from": [-5.09426, 5.378, 7.43962],
			"to": [-4.45901, 5.63788, 7.71394],
			"rotation": {"angle": 0, "axis": "y", "origin": [-4.47338, 5.54213, 7.59356]},
			"faces": {
				"north": {"uv": [5.25, 10, 5.3125, 10.1875], "rotation": 270, "texture": "#0"},
				"east": {"uv": [10.8125, 8.0625, 10.75, 8], "rotation": 90, "texture": "#0"},
				"south": {"uv": [5.5, 10, 5.5625, 10.1875], "rotation": 90, "texture": "#0"},
				"west": {"uv": [8.3125, 10.75, 8.25, 10.8125], "rotation": 90, "texture": "#0"},
				"up": {"uv": [10, 5.5, 10.0625, 5.6875], "rotation": 90, "texture": "#0"},
				"down": {"uv": [10, 5.25, 10.0625, 5.4375], "rotation": 90, "texture": "#0"}
			}
		},
		{
			"name": "ПалецМеньш",
			"from": [-5.00763, 5.66675, 7.54069],
			"to": [-4.54563, 5.78225, 7.74281],
			"rotation": {"angle": 0, "axis": "y", "origin": [-4.47338, 5.54213, 7.59356]},
			"faces": {
				"north": {"uv": [10.25, 6.25, 10.3125, 6.375], "rotation": 270, "texture": "#0"},
				"east": {"uv": [10.8125, 8.3125, 10.75, 8.25], "rotation": 90, "texture": "#0"},
				"south": {"uv": [10.25, 6.5, 10.3125, 6.625], "rotation": 90, "texture": "#0"},
				"west": {"uv": [8.5625, 10.75, 8.5, 10.8125], "rotation": 90, "texture": "#0"},
				"up": {"uv": [6.75, 10.25, 6.8125, 10.375], "rotation": 90, "texture": "#0"},
				"down": {"uv": [6.5, 10.25, 6.5625, 10.375], "rotation": 90, "texture": "#0"}
			}
		},
		{
			"name": "КоготьМеньш",
			"from": [-5.35271, 5.68119, 7.75542],
			"to": [-4.89071, 5.76781, 7.91423],
			"rotation": {"angle": -22.5, "axis": "y", "origin": [-4.47338, 5.54213, 7.59356]},
			"faces": {
				"north": {"uv": [10.25, 6.75, 10.3125, 6.875], "rotation": 270, "texture": "#0"},
				"east": {"uv": [10.8125, 8.5625, 10.75, 8.5], "rotation": 90, "texture": "#0"},
				"south": {"uv": [10.25, 7, 10.3125, 7.125], "rotation": 90, "texture": "#0"},
				"west": {"uv": [8.8125, 10.75, 8.75, 10.8125], "rotation": 90, "texture": "#0"},
				"up": {"uv": [7.25, 10.25, 7.3125, 10.375], "rotation": 90, "texture": "#0"},
				"down": {"uv": [7, 10.25, 7.0625, 10.375], "rotation": 90, "texture": "#0"}
			}
		},
		{
			"name": "КоготьБольш",
			"from": [-5.58139, 5.40688, 7.6941],
			"to": [-4.94614, 5.609, 7.91067],
			"rotation": {"angle": -22.5, "axis": "y", "origin": [-4.47338, 5.54213, 7.59356]},
			"faces": {
				"north": {"uv": [5.75, 10, 5.8125, 10.1875], "rotation": 270, "texture": "#0"},
				"east": {"uv": [10.8125, 8.8125, 10.75, 8.75], "rotation": 90, "texture": "#0"},
				"south": {"uv": [6, 10, 6.0625, 10.1875], "rotation": 90, "texture": "#0"},
				"west": {"uv": [9.0625, 10.75, 9, 10.8125], "rotation": 90, "texture": "#0"},
				"up": {"uv": [10, 6, 10.0625, 6.1875], "rotation": 90, "texture": "#0"},
				"down": {"uv": [10, 5.75, 10.0625, 5.9375], "rotation": 90, "texture": "#0"}
			}
		},
		{
			"name": "КонецКрыла",
			"from": [18.82459, 5.40201, 7.36274],
			"to": [27.34272, 5.8457, 10.33918],
			"rotation": {"angle": -22.5, "axis": "y", "origin": [18.87338, 5.64213, 9.99356]},
			"faces": {
				"north": {"uv": [0.625, 9.125, 0.5, 7], "rotation": 90, "texture": "#0"},
				"east": {"uv": [9, 1.75, 9.125, 2.5], "rotation": 90, "texture": "#0"},
				"south": {"uv": [7.125, 5.75, 7, 7.875], "rotation": 90, "texture": "#0"},
				"west": {"uv": [9, 1, 9.125, 1.75], "rotation": 270, "texture": "#0"},
				"up": {"uv": [3, 0, 5.125, 0.75], "texture": "#0"},
				"down": {"uv": [1, 2.25, 3.125, 3], "rotation": 180, "texture": "#0"}
			}
		},
		{
			"name": "ОснованиеМышца",
			"from": [8.80356, 5.089, 5.21638],
			"to": [9.91244, 5.7915, 7.04388],
			"rotation": {"angle": -22.5, "axis": "z", "origin": [9.68919, 5.88587, 5.21638]},
			"faces": {
				"north": {"uv": [9.5, 8.5, 9.75, 8.6875], "texture": "#0"},
				"east": {"uv": [8.75, 9, 9.1875, 9.1875], "texture": "#0"},
				"south": {"uv": [8.75, 9.5, 9, 9.6875], "texture": "#0"},
				"west": {"uv": [9.25, 0, 9.6875, 0.1875], "texture": "#0"},
				"up": {"uv": [8.75, 4.4375, 8.5, 4], "texture": "#0"},
				"down": {"uv": [8.75, 4.5, 8.5, 4.9375], "texture": "#0"}
			}
		},
		{
			"name": "ПервыйСегмент",
			"from": [9.42863, 5.1855, 5.68894],
			"to": [15.23563, 5.79082, 7.7115],
			"rotation": {"angle": -22.5, "axis": "y", "origin": [10.42688, 5.6975, 5.9435]},
			"faces": {
				"north": {"uv": [4.625, 8.9375, 4.5, 7.5], "rotation": 90, "texture": "#0"},
				"east": {"uv": [9.25, 6.25, 9.375, 6.75], "rotation": 90, "texture": "#0"},
				"south": {"uv": [4.875, 7.5, 4.75, 8.9375], "rotation": 90, "texture": "#0"},
				"west": {"uv": [5.75, 9.25, 5.875, 9.75], "rotation": 270, "texture": "#0"},
				"up": {"uv": [5.5, 3, 6.9375, 3.5], "texture": "#0"},
				"down": {"uv": [2.5, 5.5, 3.9375, 6], "rotation": 180, "texture": "#0"}
			}
		},
		{
			"name": "ВторойСегмент",
			"from": [14.21077, 5.29913, 7.46563],
			"to": [20.59215, 5.82169, 10.24594],
			"rotation": {"angle": 0, "axis": "y", "origin": [20.49838, 5.59213, 7.99356]},
			"faces": {
				"north": {"uv": [7.25, 6.25, 7.375, 7.875], "rotation": 90, "texture": "#0"},
				"east": {"uv": [9.125, 5.5, 9, 6.1875], "rotation": 270, "texture": "#0"},
				"south": {"uv": [7.5, 1.5, 7.625, 3.125], "rotation": 270, "texture": "#0"},
				"west": {"uv": [5.625, 9.6875, 5.5, 9], "rotation": 270, "texture": "#0"},
				"up": {"uv": [2.5, 3.75, 3.1875, 5.375], "rotation": 270, "texture": "#0"},
				"down": {"uv": [4, 1.5, 4.6875, 3.125], "rotation": 270, "texture": "#0"}
			}
		},
		{
			"name": "КоготьБольш",
			"from": [20.97114, 5.40688, 7.7191],
			"to": [21.60639, 5.609, 7.93567],
			"rotation": {"angle": 22.5, "axis": "y", "origin": [20.49838, 5.59213, 7.61856]},
			"faces": {
				"north": {"uv": [6.75, 10, 6.8125, 10.1875], "rotation": 90, "texture": "#0"},
				"east": {"uv": [11.0625, 2.75, 11, 2.8125], "rotation": 270, "texture": "#0"},
				"south": {"uv": [7, 10, 7.0625, 10.1875], "rotation": 270, "texture": "#0"},
				"west": {"uv": [2.8125, 11.0625, 2.75, 11], "rotation": 270, "texture": "#0"},
				"up": {"uv": [10, 6.75, 10.0625, 6.9375], "rotation": 270, "texture": "#0"},
				"down": {"uv": [10, 7, 10.0625, 7.1875], "rotation": 270, "texture": "#0"}
			}
		},
		{
			"name": "ПалецМеньш",
			"from": [20.57063, 5.66675, 7.56569],
			"to": [21.03263, 5.78225, 7.76781],
			"rotation": {"angle": 0, "axis": "y", "origin": [20.49838, 5.59213, 7.61856]},
			"faces": {
				"north": {"uv": [10.25, 8, 10.3125, 8.125], "rotation": 90, "texture": "#0"},
				"east": {"uv": [11.0625, 3, 11, 3.0625], "rotation": 270, "texture": "#0"},
				"south": {"uv": [10.25, 8.25, 10.3125, 8.375], "rotation": 270, "texture": "#0"},
				"west": {"uv": [3.0625, 11.0625, 3, 11], "rotation": 270, "texture": "#0"},
				"up": {"uv": [8.25, 10.25, 8.3125, 10.375], "rotation": 270, "texture": "#0"},
				"down": {"uv": [8.5, 10.25, 8.5625, 10.375], "rotation": 270, "texture": "#0"}
			}
		},
		{
			"name": "КоготьМеньш",
			"from": [20.91571, 5.68119, 7.78042],
			"to": [21.37771, 5.76781, 7.93923],
			"rotation": {"angle": 22.5, "axis": "y", "origin": [20.49838, 5.59213, 7.61856]},
			"faces": {
				"north": {"uv": [10.25, 8.5, 10.3125, 8.625], "rotation": 90, "texture": "#0"},
				"east": {"uv": [11.0625, 3.25, 11, 3.3125], "rotation": 270, "texture": "#0"},
				"south": {"uv": [10.25, 8.75, 10.3125, 8.875], "rotation": 270, "texture": "#0"},
				"west": {"uv": [3.3125, 11.0625, 3.25, 11], "rotation": 270, "texture": "#0"},
				"up": {"uv": [8.75, 10.25, 8.8125, 10.375], "rotation": 270, "texture": "#0"},
				"down": {"uv": [9, 10.25, 9.0625, 10.375], "rotation": 270, "texture": "#0"}
			}
		},
		{
			"name": "ПАлецБольш",
			"from": [20.48401, 5.378, 7.46462],
			"to": [21.11926, 5.63788, 7.73894],
			"rotation": {"angle": 0, "axis": "y", "origin": [20.49838, 5.59213, 7.61856]},
			"faces": {
				"north": {"uv": [7.25, 10, 7.3125, 10.1875], "rotation": 90, "texture": "#0"},
				"east": {"uv": [11.0625, 3.5, 11, 3.5625], "rotation": 270, "texture": "#0"},
				"south": {"uv": [7.5, 10, 7.5625, 10.1875], "rotation": 270, "texture": "#0"},
				"west": {"uv": [3.5625, 11.0625, 3.5, 11], "rotation": 270, "texture": "#0"},
				"up": {"uv": [10, 7.25, 10.0625, 7.4375], "rotation": 270, "texture": "#0"},
				"down": {"uv": [10, 7.5, 10.0625, 7.6875], "rotation": 270, "texture": "#0"}
			}
		},
		{
			"name": "ОснованиеПлечи",
			"from": [4.37115, 4.45562, 2.5941],
			"to": [7.2329, 5.29781, 5.5488],
			"rotation": {"angle": 22.5, "axis": "z", "origin": [6.88893, 4.48282, 3.41321]},
			"faces": {
				"north": {"uv": [8.25, 3.5, 8.4375, 4.1875], "rotation": 270, "texture": "#0"},
				"east": {"uv": [8.1875, 4.25, 8, 3.5], "rotation": 90, "texture": "#0"},
				"south": {"uv": [8.25, 4.25, 8.4375, 4.9375], "rotation": 90, "texture": "#0"},
				"west": {"uv": [8.1875, 5, 8, 5.75], "rotation": 90, "texture": "#0"},
				"up": {"uv": [3, 6, 3.75, 6.6875], "rotation": 90, "texture": "#0"},
				"down": {"uv": [2.25, 6, 3, 6.6875], "rotation": 90, "texture": "#0"}
			}
		},
		{
			"name": "ПервыйСегм",
			"from": [0.28751, 3.48521, 1.98975],
			"to": [5.52276, 4.09437, 4.80172],
			"rotation": {"angle": -22.5, "axis": "y", "origin": [3.36571, 3.42195, 2.71838]},
			"faces": {
				"north": {"uv": [6.75, 7.5, 6.875, 8.8125], "rotation": 90, "texture": "#0"},
				"east": {"uv": [6.375, 9, 6.25, 9.6875], "rotation": 270, "texture": "#0"},
				"south": {"uv": [7.5, 6.75, 7.625, 8.0625], "rotation": 270, "texture": "#0"},
				"west": {"uv": [6.125, 9.6875, 6, 9], "rotation": 270, "texture": "#0"},
				"up": {"uv": [4.75, 4.5, 5.4375, 5.8125], "rotation": 270, "texture": "#0"},
				"down": {"uv": [4, 5, 4.6875, 6.3125], "rotation": 270, "texture": "#0"}
			}
		},
		{
			"name": "ВторойСегм",
			"from": [-6.9024, 3.50353, 0.92982],
			"to": [0.81597, 4.02607, 3.61959],
			"rotation": {"angle": 0, "axis": "y", "origin": [-0.01223, 7.17489, 3.04682]},
			"faces": {
				"north": {"uv": [4.25, 7.25, 4.375, 9.1875], "rotation": 270, "texture": "#0"},
				"east": {"uv": [9.125, 6.9375, 9, 6.25], "rotation": 90, "texture": "#0"},
				"south": {"uv": [5.75, 7.25, 5.875, 9.1875], "rotation": 90, "texture": "#0"},
				"west": {"uv": [6.625, 9, 6.5, 9.6875], "rotation": 90, "texture": "#0"},
				"up": {"uv": [1.75, 3.75, 2.4375, 5.6875], "rotation": 90, "texture": "#0"},
				"down": {"uv": [1, 3.75, 1.6875, 5.6875], "rotation": 90, "texture": "#0"}
			}
		},
		{
			"name": "КонецКрыла",
			"from": [-14.53718, 3.5146, 0.83349],
			"to": [-6.25005, 3.90239, 4.26552],
			"rotation": {"angle": 0, "axis": "y", "origin": [-3.74098, 7.31714, 3.19851]},
			"faces": {
				"north": {"uv": [1.75, 7.25, 1.875, 9.3125], "rotation": 90, "texture": "#0"},
				"east": {"uv": [7.375, 8.5, 7.25, 9.375], "rotation": 270, "texture": "#0"},
				"south": {"uv": [2, 7.25, 2.125, 9.3125], "rotation": 270, "texture": "#0"},
				"west": {"uv": [7.125, 9.375, 7, 8.5], "rotation": 270, "texture": "#0"},
				"up": {"uv": [2, 0, 2.875, 2.0625], "rotation": 270, "texture": "#0"},
				"down": {"uv": [0, 2.25, 0.875, 4.3125], "rotation": 270, "texture": "#0"}
			}
		},
		{
			"name": "ОснованиеПлечи",
			"from": [8.7671, 4.45562, 2.5941],
			"to": [11.62885, 5.29781, 5.5488],
			"rotation": {"angle": -22.5, "axis": "z", "origin": [9.11107, 4.48282, 3.41321]},
			"faces": {
				"north": {"uv": [8.25, 1, 8.4375, 1.6875], "rotation": 90, "texture": "#0"},
				"east": {"uv": [3.6875, 8, 3.5, 8.75], "rotation": 270, "texture": "#0"},
				"south": {"uv": [8.25, 1.75, 8.4375, 2.4375], "rotation": 270, "texture": "#0"},
				"west": {"uv": [3.4375, 8.75, 3.25, 8], "rotation": 270, "texture": "#0"},
				"up": {"uv": [0.75, 5.75, 1.5, 6.4375], "rotation": 270, "texture": "#0"},
				"down": {"uv": [1.5, 5.75, 2.25, 6.4375], "rotation": 270, "texture": "#0"}
			}
		},
		{
			"name": "ПервыйСегм",
			"from": [10.47724, 3.48521, 1.98975],
			"to": [15.71249, 4.09437, 4.80172],
			"rotation": {"angle": 22.5, "axis": "y", "origin": [12.63429, 3.42195, 2.71838]},
			"faces": {
				"north": {"uv": [5.5, 7.5, 5.625, 8.8125], "rotation": 270, "texture": "#0"},
				"east": {"uv": [4.625, 9.6875, 4.5, 9], "rotation": 90, "texture": "#0"},
				"south": {"uv": [6.5, 7.5, 6.625, 8.8125], "rotation": 90, "texture": "#0"},
				"west": {"uv": [4.875, 9, 4.75, 9.6875], "rotation": 90, "texture": "#0"},
				"up": {"uv": [4.75, 3, 5.4375, 4.3125], "rotation": 90, "texture": "#0"},
				"down": {"uv": [4.75, 1.5, 5.4375, 2.8125], "rotation": 90, "texture": "#0"}
			}
		},
		{
			"name": "ВторойСегм",
			"from": [15.20903, 3.50353, 0.90482],
			"to": [22.9274, 4.02607, 3.59459],
			"rotation": {"angle": 0, "axis": "y", "origin": [16.23723, 6.87489, 3.14682]},
			"faces": {
				"north": {"uv": [3.75, 7.25, 3.875, 9.1875], "rotation": 90, "texture": "#0"},
				"east": {"uv": [5.375, 9, 5.25, 9.6875], "rotation": 270, "texture": "#0"},
				"south": {"uv": [4, 7.25, 4.125, 9.1875], "rotation": 270, "texture": "#0"},
				"west": {"uv": [5.125, 9.6875, 5, 9], "rotation": 270, "texture": "#0"},
				"up": {"uv": [3.25, 1.5, 3.9375, 3.4375], "rotation": 270, "texture": "#0"},
				"down": {"uv": [3.25, 3.5, 3.9375, 5.4375], "rotation": 270, "texture": "#0"}
			}
		},
		{
			"name": "КонецКрыла",
			"from": [22.58393, 3.52666, 0.78349],
			"to": [30.87106, 3.91445, 4.21552],
			"rotation": {"angle": 0, "axis": "y", "origin": [23.11598, 3.71714, 1.09851]},
			"faces": {
				"north": {"uv": [1.25, 7.25, 1.375, 9.3125], "rotation": 270, "texture": "#0"},
				"east": {"uv": [7.625, 9.125, 7.5, 8.25], "rotation": 90, "texture": "#0"},
				"south": {"uv": [1.5, 7.25, 1.625, 9.3125], "rotation": 90, "texture": "#0"},
				"west": {"uv": [8.625, 3, 8.5, 3.875], "rotation": 90, "texture": "#0"},
				"up": {"uv": [1, 0, 1.875, 2.0625], "rotation": 90, "texture": "#0"},
				"down": {"uv": [0, 0, 0.875, 2.0625], "rotation": 90, "texture": "#0"}
			}
		},
		{
			"name": "ЛевоПерепонка",
			"from": [7.03269, 2.985, 7.97938],
			"to": [7.03269, 6.01687, 10.57813],
			"rotation": {"angle": 22.5, "axis": "x", "origin": [6.95519, 2.985, 10.57813]},
			"faces": {
				"north": {"uv": [0, 0.75, 0, 0], "rotation": 180, "texture": "#0"},
				"east": {"uv": [4.75, 6, 5.5, 6.625], "rotation": 90, "texture": "#0"},
				"south": {"uv": [0, 0, 0, 0.75], "texture": "#0"},
				"west": {"uv": [5.5, 6, 6.25, 6.625], "rotation": 270, "texture": "#0"},
				"up": {"uv": [0, 0, 0, 0.625], "texture": "#0"},
				"down": {"uv": [0, 0, 0, 0.625], "rotation": 180, "texture": "#0"}
			}
		},
		{
			"name": "Стопа",
			"from": [6.50428, 2.51859, 12.66859],
			"to": [7.1453, 2.98867, 13.52329],
			"rotation": {"angle": 0, "axis": "y", "origin": [6.39744, 2.41175, 13.52329]},
			"faces": {
				"north": {"uv": [5.6875, 9.875, 5.5, 9.75], "rotation": 180, "texture": "#0"},
				"east": {"uv": [5.25, 9.75, 5.375, 9.9375], "rotation": 90, "texture": "#0"},
				"south": {"uv": [9.9375, 5.5, 9.75, 5.625], "texture": "#0"},
				"west": {"uv": [9.75, 5.25, 9.875, 5.4375], "rotation": 270, "texture": "#0"},
				"up": {"uv": [9.75, 0.5, 9.9375, 0.6875], "texture": "#0"},
				"down": {"uv": [9.75, 0.25, 9.9375, 0.4375], "rotation": 180, "texture": "#0"}
			}
		},
		{
			"name": "Целка",
			"from": [6.52564, 2.60406, 11.14166],
			"to": [7.12393, 3.24508, 12.91517],
			"rotation": {"angle": 0, "axis": "y", "origin": [6.39744, 2.49722, 12.85107]},
			"faces": {
				"north": {"uv": [6.375, 9.9375, 6.25, 9.75], "rotation": 180, "texture": "#0"},
				"east": {"uv": [9, 2.5, 9.1875, 2.9375], "rotation": 90, "texture": "#0"},
				"south": {"uv": [9.875, 6.25, 9.75, 6.4375], "texture": "#0"},
				"west": {"uv": [9, 7.75, 9.1875, 8.1875], "rotation": 270, "texture": "#0"},
				"up": {"uv": [1.25, 9.5, 1.375, 9.9375], "texture": "#0"},
				"down": {"uv": [9.5, 1, 9.625, 1.4375], "rotation": 180, "texture": "#0"}
			}
		},
		{
			"name": "ГоленьНиз",
			"from": [6.50428, 3.03011, 10.73825],
			"to": [7.1453, 3.77797, 11.40065],
			"rotation": {"angle": 22.5, "axis": "x", "origin": [6.84744, 3.44188, 10.15236]},
			"faces": {
				"north": {"uv": [2.1875, 9.9375, 2, 9.75], "rotation": 180, "texture": "#0"},
				"east": {"uv": [9.75, 1.5, 9.9375, 1.6875], "rotation": 90, "texture": "#0"},
				"south": {"uv": [9.9375, 2, 9.75, 2.1875], "texture": "#0"},
				"west": {"uv": [9.75, 1.75, 9.9375, 1.9375], "rotation": 270, "texture": "#0"},
				"up": {"uv": [1.75, 9.75, 1.9375, 9.9375], "texture": "#0"},
				"down": {"uv": [9.75, 1.25, 9.9375, 1.4375], "rotation": 180, "texture": "#0"}
			}
		},
		{
			"name": "ГоленьСеред",
			"from": [6.53633, 3.0669, 9.81861],
			"to": [7.11325, 3.75066, 10.73743],
			"rotation": {"angle": 22.5, "axis": "x", "origin": [6.84744, 3.44188, 10.15236]},
			"faces": {
				"north": {"uv": [6.875, 9.9375, 6.75, 9.75], "rotation": 180, "texture": "#0"},
				"east": {"uv": [6.75, 5.75, 6.9375, 6], "rotation": 90, "texture": "#0"},
				"south": {"uv": [9.875, 6.75, 9.75, 6.9375], "texture": "#0"},
				"west": {"uv": [7.25, 5, 7.4375, 5.25], "rotation": 270, "texture": "#0"},
				"up": {"uv": [9.75, 3.75, 9.875, 4], "texture": "#0"},
				"down": {"uv": [3.75, 9.75, 3.875, 10], "rotation": 180, "texture": "#0"}
			}
		},
		{
			"name": "ГоленьВерх",
			"from": [6.41881, 2.89101, 8.65983],
			"to": [7.23077, 3.86323, 9.83504],
			"rotation": {"angle": 22.5, "axis": "x", "origin": [6.84744, 3.44188, 10.15236]},
			"faces": {
				"north": {"uv": [7.9375, 3.25, 7.75, 3], "rotation": 180, "texture": "#0"},
				"east": {"uv": [9.25, 0.5, 9.5, 0.8125], "rotation": 90, "texture": "#0"},
				"south": {"uv": [8.1875, 0.75, 8, 1], "texture": "#0"},
				"west": {"uv": [9.25, 1, 9.5, 1.3125], "rotation": 270, "texture": "#0"},
				"up": {"uv": [7.75, 9.25, 7.9375, 9.5625], "texture": "#0"},
				"down": {"uv": [7.5, 9.25, 7.6875, 9.5625], "rotation": 180, "texture": "#0"}
			}
		},
		{
			"name": "ТазобедреннаяКось",
			"from": [6.42949, 3.78846, 7.42522],
			"to": [7.22009, 6.0641, 8.41881],
			"rotation": {"angle": -45, "axis": "x", "origin": [6.39744, 5.03846, 8.38248]},
			"faces": {
				"north": {"uv": [7.75, 8.5, 7.9375, 9.0625], "texture": "#0"},
				"east": {"uv": [3, 1.5, 3.25, 2.0625], "texture": "#0"},
				"south": {"uv": [8.5, 7.75, 8.6875, 8.3125], "texture": "#0"},
				"west": {"uv": [0.75, 4.5, 1, 5.0625], "texture": "#0"},
				"up": {"uv": [8.1875, 4.5, 8, 4.25], "texture": "#0"},
				"down": {"uv": [8.4375, 6, 8.25, 6.25], "texture": "#0"}
			}
		},
		{
			"name": "ТазобедрМышца",
			"from": [6.53633, 3.85377, 7.94127],
			"to": [7.2094, 5.76615, 9.0417],
			"rotation": {"angle": -22.5, "axis": "x", "origin": [6.39744, 5.03846, 8.38248]},
			"faces": {
				"north": {"uv": [0.25, 8.75, 0.4375, 9.25], "texture": "#0"},
				"east": {"uv": [0.75, 5.25, 1, 5.75], "texture": "#0"},
				"south": {"uv": [8.75, 5.5, 8.9375, 6], "texture": "#0"},
				"west": {"uv": [3.75, 6, 4, 6.5], "texture": "#0"},
				"up": {"uv": [1.9375, 9.75, 1.75, 9.5], "texture": "#0"},
				"down": {"uv": [2.1875, 9.5, 2, 9.75], "texture": "#0"}
			}
		},
		{
			"from": [6.78205, 2.41175, 12.73269],
			"to": [7.03846, 2.72158, 13.45919],
			"rotation": {"angle": 22.5, "axis": "x", "origin": [6.93163, 2.51859, 12.9891]},
			"faces": {
				"north": {"uv": [10.3125, 9.0625, 10.25, 9], "rotation": 180, "texture": "#0"},
				"east": {"uv": [9.5, 9.75, 9.5625, 9.9375], "rotation": 90, "texture": "#0"},
				"south": {"uv": [9.3125, 10.25, 9.25, 10.3125], "texture": "#0"},
				"west": {"uv": [0, 10, 0.0625, 10.1875], "rotation": 270, "texture": "#0"},
				"up": {"uv": [9.75, 9.75, 9.8125, 9.9375], "texture": "#0"},
				"down": {"uv": [9.75, 9.25, 9.8125, 9.4375], "rotation": 180, "texture": "#0"}
			}
		},
		{
			"from": [6.77137, 2.29423, 13.22414],
			"to": [7.04915, 2.74295, 13.4485],
			"rotation": {"angle": 22.5, "axis": "x", "origin": [6.93163, 2.40107, 12.94637]},
			"faces": {
				"north": {"uv": [8.0625, 10.125, 8, 10], "rotation": 180, "texture": "#0"},
				"east": {"uv": [7.75, 10, 7.875, 10.0625], "rotation": 90, "texture": "#0"},
				"south": {"uv": [10.0625, 8, 10, 8.125], "texture": "#0"},
				"west": {"uv": [10, 7.75, 10.125, 7.8125], "rotation": 270, "texture": "#0"},
				"up": {"uv": [9.5, 10.25, 9.5625, 10.3125], "texture": "#0"},
				"down": {"uv": [10.25, 9.25, 10.3125, 9.3125], "rotation": 180, "texture": "#0"}
			}
		},
		{
			"from": [6.81411, 1.80358, 13.23449],
			"to": [7.00642, 2.2523, 13.43748],
			"rotation": {"angle": -22.5, "axis": "x", "origin": [6.93163, 2.06987, 13.34166]},
			"faces": {
				"north": {"uv": [8.5625, 10.125, 8.5, 10], "rotation": 180, "texture": "#0"},
				"east": {"uv": [8.25, 10, 8.375, 10.0625], "rotation": 90, "texture": "#0"},
				"south": {"uv": [10.0625, 8.5, 10, 8.625], "texture": "#0"},
				"west": {"uv": [10, 8.25, 10.125, 8.3125], "rotation": 270, "texture": "#0"},
				"up": {"uv": [9.75, 10.25, 9.8125, 10.3125], "texture": "#0"},
				"down": {"uv": [10.25, 9.5, 10.3125, 9.5625], "rotation": 180, "texture": "#0"}
			}
		},
		{
			"from": [6.5577, 2.36902, 13.23482],
			"to": [6.75001, 2.73226, 13.43782],
			"rotation": {"angle": 22.5, "axis": "x", "origin": [6.67522, 2.39038, 12.95705]},
			"faces": {
				"north": {"uv": [0.0625, 10.5625, 0, 10.5], "rotation": 180, "texture": "#0"},
				"east": {"uv": [10, 10.25, 10.0625, 10.3125], "rotation": 90, "texture": "#0"},
				"south": {"uv": [10.5625, 0, 10.5, 0.0625], "texture": "#0"},
				"west": {"uv": [10.25, 10.25, 10.3125, 10.3125], "rotation": 270, "texture": "#0"},
				"up": {"uv": [10.25, 10, 10.3125, 10.0625], "texture": "#0"},
				"down": {"uv": [10.25, 9.75, 10.3125, 9.8125], "rotation": 180, "texture": "#0"}
			}
		},
		{
			"from": [6.60043, 1.96383, 13.27723],
			"to": [6.70727, 2.32708, 13.45885],
			"rotation": {"angle": -22.5, "axis": "x", "origin": [6.67522, 2.14466, 13.3844]},
			"faces": {
				"north": {"uv": [0.8125, 10.5625, 0.75, 10.5], "rotation": 180, "texture": "#0"},
				"east": {"uv": [10.5, 0.25, 10.5625, 0.3125], "rotation": 90, "texture": "#0"},
				"south": {"uv": [10.5625, 0.75, 10.5, 0.8125], "texture": "#0"},
				"west": {"uv": [10.5, 0.5, 10.5625, 0.5625], "rotation": 270, "texture": "#0"},
				"up": {"uv": [0.5, 10.5, 0.5625, 10.5625], "texture": "#0"},
				"down": {"uv": [0.25, 10.5, 0.3125, 10.5625], "rotation": 180, "texture": "#0"}
			}
		},
		{
			"from": [6.56838, 2.48654, 12.85021],
			"to": [6.73932, 2.7109, 13.4485],
			"rotation": {"angle": 22.5, "axis": "x", "origin": [6.67522, 2.50791, 12.99978]},
			"faces": {
				"north": {"uv": [1.0625, 10.5625, 1, 10.5], "rotation": 180, "texture": "#0"},
				"east": {"uv": [10, 8.75, 10.0625, 8.875], "rotation": 90, "texture": "#0"},
				"south": {"uv": [10.5625, 1, 10.5, 1.0625], "texture": "#0"},
				"west": {"uv": [10, 9, 10.0625, 9.125], "rotation": 270, "texture": "#0"},
				"up": {"uv": [9, 10, 9.0625, 10.125], "texture": "#0"},
				"down": {"uv": [8.75, 10, 8.8125, 10.125], "rotation": 180, "texture": "#0"}
			}
		},
		{
			"from": [6.38676, 2.27367, 13.40543],
			"to": [6.4936, 2.63691, 13.53364],
			"rotation": {"angle": 0, "axis": "y", "origin": [6.46154, 2.45449, 13.46988]},
			"faces": {
				"north": {"uv": [1.8125, 10.5625, 1.75, 10.5], "rotation": 180, "texture": "#0"},
				"east": {"uv": [10.5, 1.25, 10.5625, 1.3125], "rotation": 90, "texture": "#0"},
				"south": {"uv": [10.5625, 1.75, 10.5, 1.8125], "texture": "#0"},
				"west": {"uv": [10.5, 1.5, 10.5625, 1.5625], "rotation": 270, "texture": "#0"},
				"up": {"uv": [1.5, 10.5, 1.5625, 10.5625], "texture": "#0"},
				"down": {"uv": [1.25, 10.5, 1.3125, 10.5625], "rotation": 180, "texture": "#0"}
			}
		},
		{
			"from": [6.3547, 2.50839, 13.15264],
			"to": [6.53633, 2.71137, 13.51588],
			"rotation": {"angle": 22.5, "axis": "x", "origin": [6.46154, 2.62543, 13.33098]},
			"faces": {
				"north": {"uv": [2.5625, 10.5625, 2.5, 10.5], "rotation": 180, "texture": "#0"},
				"east": {"uv": [10.5, 2, 10.5625, 2.0625], "rotation": 90, "texture": "#0"},
				"south": {"uv": [10.5625, 2.5, 10.5, 2.5625], "texture": "#0"},
				"west": {"uv": [10.5, 2.25, 10.5625, 2.3125], "rotation": 270, "texture": "#0"},
				"up": {"uv": [2.25, 10.5, 2.3125, 10.5625], "texture": "#0"},
				"down": {"uv": [2, 10.5, 2.0625, 10.5625], "rotation": 180, "texture": "#0"}
			}
		},
		{
			"from": [6.37607, 2.56132, 12.85021],
			"to": [6.52564, 2.76432, 13.21346],
			"rotation": {"angle": 0, "axis": "y", "origin": [6.46154, 2.57201, 12.99978]},
			"faces": {
				"north": {"uv": [3.3125, 10.5625, 3.25, 10.5], "rotation": 180, "texture": "#0"},
				"east": {"uv": [10.5, 2.75, 10.5625, 2.8125], "rotation": 90, "texture": "#0"},
				"south": {"uv": [10.5625, 3.25, 10.5, 3.3125], "texture": "#0"},
				"west": {"uv": [10.5, 3, 10.5625, 3.0625], "rotation": 270, "texture": "#0"},
				"up": {"uv": [3, 10.5, 3.0625, 10.5625], "texture": "#0"},
				"down": {"uv": [2.75, 10.5, 2.8125, 10.5625], "rotation": 180, "texture": "#0"}
			}
		},
		{
			"from": [7.0812, 2.01726, 13.34133],
			"to": [7.24145, 2.54076, 13.53364],
			"rotation": {"angle": 0, "axis": "y", "origin": [7.1453, 2.35834, 13.46988]},
			"faces": {
				"north": {"uv": [10.3125, 0.375, 10.25, 0.25], "rotation": 180, "texture": "#0"},
				"east": {"uv": [10.25, 0, 10.375, 0.0625], "rotation": 90, "texture": "#0"},
				"south": {"uv": [0.5625, 10.25, 0.5, 10.375], "texture": "#0"},
				"west": {"uv": [0.25, 10.25, 0.375, 10.3125], "rotation": 270, "texture": "#0"},
				"up": {"uv": [10.5, 4.75, 10.5625, 4.8125], "texture": "#0"},
				"down": {"uv": [4.75, 10.5, 4.8125, 10.5625], "rotation": 180, "texture": "#0"}
			}
		},
		{
			"from": [7.0812, 2.57201, 12.82884],
			"to": [7.2094, 2.775, 13.22414],
			"rotation": {"angle": 45, "axis": "x", "origin": [7.1453, 2.57201, 12.99978]},
			"faces": {
				"north": {"uv": [5.0625, 10.5625, 5, 10.5], "rotation": 180, "texture": "#0"},
				"east": {"uv": [0.75, 10.25, 0.8125, 10.375], "rotation": 90, "texture": "#0"},
				"south": {"uv": [10.5625, 5, 10.5, 5.0625], "texture": "#0"},
				"west": {"uv": [1, 10.25, 1.0625, 10.375], "rotation": 270, "texture": "#0"},
				"up": {"uv": [10.25, 0.75, 10.3125, 0.875], "texture": "#0"},
				"down": {"uv": [10.25, 0.5, 10.3125, 0.625], "rotation": 180, "texture": "#0"}
			}
		},
		{
			"from": [7.07051, 2.41223, 13.15264],
			"to": [7.23077, 2.60453, 13.52657],
			"rotation": {"angle": 0, "axis": "y", "origin": [7.1453, 2.52928, 13.33098]},
			"faces": {
				"north": {"uv": [5.8125, 10.5625, 5.75, 10.5], "rotation": 180, "texture": "#0"},
				"east": {"uv": [10.5, 5.25, 10.5625, 5.3125], "rotation": 90, "texture": "#0"},
				"south": {"uv": [10.5625, 5.75, 10.5, 5.8125], "texture": "#0"},
				"west": {"uv": [10.5, 5.5, 10.5625, 5.5625], "rotation": 270, "texture": "#0"},
				"up": {"uv": [5.5, 10.5, 5.5625, 10.5625], "texture": "#0"},
				"down": {"uv": [5.25, 10.5, 5.3125, 10.5625], "rotation": 180, "texture": "#0"}
			}
		},
		{
			"from": [6.71795, 3.01004, 13.08525],
			"to": [6.92095, 3.2344, 13.48055],
			"rotation": {"angle": -45, "axis": "x", "origin": [6.82479, 3.0421, 13.30961]},
			"faces": {
				"north": {"uv": [10.8125, 0.8125, 10.75, 0.75], "rotation": 180, "texture": "#0"},
				"east": {"uv": [2.75, 10.25, 2.8125, 10.375], "rotation": 90, "texture": "#0"},
				"south": {"uv": [1.0625, 10.75, 1, 10.8125], "texture": "#0"},
				"west": {"uv": [3, 10.25, 3.0625, 10.375], "rotation": 270, "texture": "#0"},
				"up": {"uv": [10.25, 2.75, 10.3125, 2.875], "texture": "#0"},
				"down": {"uv": [10.25, 2.5, 10.3125, 2.625], "rotation": 180, "texture": "#0"}
			}
		},
		{
			"from": [6.70726, 3.12757, 13.28825],
			"to": [6.93163, 3.33055, 13.53397],
			"rotation": {"angle": 0, "axis": "y", "origin": [6.82479, 3.15961, 13.3844]},
			"faces": {
				"north": {"uv": [10.8125, 1.5625, 10.75, 1.5], "rotation": 180, "texture": "#0"},
				"east": {"uv": [1.25, 10.75, 1.3125, 10.8125], "rotation": 90, "texture": "#0"},
				"south": {"uv": [1.8125, 10.75, 1.75, 10.8125], "texture": "#0"},
				"west": {"uv": [1.5, 10.75, 1.5625, 10.8125], "rotation": 270, "texture": "#0"},
				"up": {"uv": [10.75, 1.25, 10.8125, 1.3125], "texture": "#0"},
				"down": {"uv": [10.75, 1, 10.8125, 1.0625], "rotation": 180, "texture": "#0"}
			}
		},
		{
			"name": "ПравоПерепонка",
			"from": [8.96731, 2.985, 8.00438],
			"to": [8.96731, 6.01687, 10.60313],
			"rotation": {"angle": 22.5, "axis": "x", "origin": [9.04481, 2.985, 10.60313]},
			"faces": {
				"north": {"uv": [0, 0.75, 0, 0], "rotation": 180, "texture": "#0"},
				"east": {"uv": [0, 6.25, 0.75, 6.875], "rotation": 90, "texture": "#0"},
				"south": {"uv": [0, 0, 0, 0.75], "texture": "#0"},
				"west": {"uv": [6.25, 6, 7, 6.625], "rotation": 270, "texture": "#0"},
				"up": {"uv": [0, 0, 0, 0.625], "texture": "#0"},
				"down": {"uv": [0, 0, 0, 0.625], "rotation": 180, "texture": "#0"}
			}
		},
		{
			"name": "Стопа",
			"from": [8.8547, 2.51859, 12.69359],
			"to": [9.49573, 2.98867, 13.54829],
			"rotation": {"angle": 0, "axis": "y", "origin": [9.60256, 2.41175, 13.54829]},
			"faces": {
				"north": {"uv": [6.1875, 9.875, 6, 9.75], "rotation": 180, "texture": "#0"},
				"east": {"uv": [5.75, 9.75, 5.875, 9.9375], "rotation": 90, "texture": "#0"},
				"south": {"uv": [9.9375, 6, 9.75, 6.125], "texture": "#0"},
				"west": {"uv": [9.75, 5.75, 9.875, 5.9375], "rotation": 270, "texture": "#0"},
				"up": {"uv": [9.75, 1, 9.9375, 1.1875], "texture": "#0"},
				"down": {"uv": [9.75, 0.75, 9.9375, 0.9375], "rotation": 180, "texture": "#0"}
			}
		},
		{
			"name": "Целка",
			"from": [8.87607, 2.60406, 11.16666],
			"to": [9.47436, 3.24508, 12.94017],
			"rotation": {"angle": 0, "axis": "y", "origin": [9.60256, 2.49722, 12.87607]},
			"faces": {
				"north": {"uv": [6.625, 9.9375, 6.5, 9.75], "rotation": 180, "texture": "#0"},
				"east": {"uv": [8, 9, 8.1875, 9.4375], "rotation": 90, "texture": "#0"},
				"south": {"uv": [9.875, 6.5, 9.75, 6.6875], "texture": "#0"},
				"west": {"uv": [8.25, 9, 8.4375, 9.4375], "rotation": 270, "texture": "#0"},
				"up": {"uv": [9.5, 1.5, 9.625, 1.9375], "texture": "#0"},
				"down": {"uv": [1.5, 9.5, 1.625, 9.9375], "rotation": 180, "texture": "#0"}
			}
		},
		{
			"name": "ГоленьНиз",
			"from": [8.8547, 3.03011, 10.73825],
			"to": [9.49573, 3.77797, 11.40065],
			"rotation": {"angle": 22.5, "axis": "x", "origin": [9.17756, 3.44188, 10.15236]},
			"faces": {
				"north": {"uv": [2.9375, 9.9375, 2.75, 9.75], "rotation": 180, "texture": "#0"},
				"east": {"uv": [9.75, 2.25, 9.9375, 2.4375], "rotation": 90, "texture": "#0"},
				"south": {"uv": [9.9375, 2.75, 9.75, 2.9375], "texture": "#0"},
				"west": {"uv": [9.75, 2.5, 9.9375, 2.6875], "rotation": 270, "texture": "#0"},
				"up": {"uv": [2.5, 9.75, 2.6875, 9.9375], "texture": "#0"},
				"down": {"uv": [2.25, 9.75, 2.4375, 9.9375], "rotation": 180, "texture": "#0"}
			}
		},
		{
			"name": "ТащобедрМышца",
			"from": [8.7906, 3.83636, 7.80997],
			"to": [9.46367, 5.74874, 8.9104],
			"rotation": {"angle": -22.5, "axis": "x", "origin": [9.60256, 5.25278, 8.18526]},
			"faces": {
				"north": {"uv": [8.75, 6, 8.9375, 6.5], "texture": "#0"},
				"east": {"uv": [8.25, 2.5, 8.5, 3], "texture": "#0"},
				"south": {"uv": [8.75, 6.75, 8.9375, 7.25], "texture": "#0"},
				"west": {"uv": [8.25, 5, 8.5, 5.5], "texture": "#0"},
				"up": {"uv": [9.6875, 4, 9.5, 3.75], "texture": "#0"},
				"down": {"uv": [9.6875, 4, 9.5, 4.25], "texture": "#0"}
			}
		},
		{
			"name": "ТазобедреннаяКость",
			"from": [8.77991, 3.76346, 7.20022],
			"to": [9.57051, 6.0391, 8.19381],
			"rotation": {"angle": -45, "axis": "x", "origin": [9.60256, 5.25278, 8.18526]},
			"faces": {
				"north": {"uv": [8.5, 8.5, 8.6875, 9.0625], "texture": "#0"},
				"east": {"uv": [7.75, 7.75, 8, 8.3125], "texture": "#0"},
				"south": {"uv": [0, 8.75, 0.1875, 9.3125], "texture": "#0"},
				"west": {"uv": [8, 0, 8.25, 0.5625], "texture": "#0"},
				"up": {"uv": [9.6875, 5, 9.5, 4.75], "texture": "#0"},
				"down": {"uv": [9.6875, 5, 9.5, 5.25], "texture": "#0"}
			}
		},
		{
			"name": "ГоленьВерх",
			"from": [8.76923, 2.89101, 8.65983],
			"to": [9.58119, 3.86323, 9.83504],
			"rotation": {"angle": 22.5, "axis": "x", "origin": [9.17756, 3.44188, 10.15236]},
			"faces": {
				"north": {"uv": [9.6875, 5.5, 9.5, 5.25], "rotation": 180, "texture": "#0"},
				"east": {"uv": [9.25, 1.5, 9.5, 1.8125], "rotation": 90, "texture": "#0"},
				"south": {"uv": [9.6875, 5.5, 9.5, 5.75], "texture": "#0"},
				"west": {"uv": [9.25, 2, 9.5, 2.3125], "rotation": 270, "texture": "#0"},
				"up": {"uv": [9, 9.25, 9.1875, 9.5625], "texture": "#0"},
				"down": {"uv": [9.25, 8.5, 9.4375, 8.8125], "rotation": 180, "texture": "#0"}
			}
		},
		{
			"name": "ГоленьСеред",
			"from": [8.88675, 3.0669, 9.81861],
			"to": [9.46367, 3.75066, 10.73743],
			"rotation": {"angle": 22.5, "axis": "x", "origin": [9.17756, 3.44188, 10.15236]},
			"faces": {
				"north": {"uv": [7.375, 9.9375, 7.25, 9.75], "rotation": 180, "texture": "#0"},
				"east": {"uv": [9.5, 6.25, 9.6875, 6.5], "rotation": 90, "texture": "#0"},
				"south": {"uv": [9.875, 7.25, 9.75, 7.4375], "texture": "#0"},
				"west": {"uv": [9.5, 6.5, 9.6875, 6.75], "rotation": 270, "texture": "#0"},
				"up": {"uv": [9.75, 5, 9.875, 5.25], "texture": "#0"},
				"down": {"uv": [5, 9.75, 5.125, 10], "rotation": 180, "texture": "#0"}
			}
		},
		{
			"from": [8.75855, 2.01726, 13.36633],
			"to": [8.9188, 2.54076, 13.55864],
			"rotation": {"angle": 0, "axis": "y", "origin": [8.8547, 2.35834, 13.49488]},
			"faces": {
				"north": {"uv": [9.5625, 10.125, 9.5, 10], "rotation": 180, "texture": "#0"},
				"east": {"uv": [9.25, 10, 9.375, 10.0625], "rotation": 90, "texture": "#0"},
				"south": {"uv": [10.0625, 9.5, 10, 9.625], "texture": "#0"},
				"west": {"uv": [10, 9.25, 10.125, 9.3125], "rotation": 270, "texture": "#0"},
				"up": {"uv": [10.5, 3.5, 10.5625, 3.5625], "texture": "#0"},
				"down": {"uv": [3.5, 10.5, 3.5625, 10.5625], "rotation": 180, "texture": "#0"}
			}
		},
		{
			"from": [8.76923, 2.41223, 13.17764],
			"to": [8.92949, 2.60453, 13.55157],
			"rotation": {"angle": 0, "axis": "y", "origin": [8.8547, 2.52928, 13.35598]},
			"faces": {
				"north": {"uv": [4.3125, 10.5625, 4.25, 10.5], "rotation": 180, "texture": "#0"},
				"east": {"uv": [10.5, 3.75, 10.5625, 3.8125], "rotation": 90, "texture": "#0"},
				"south": {"uv": [10.5625, 4.25, 10.5, 4.3125], "texture": "#0"},
				"west": {"uv": [10.5, 4, 10.5625, 4.0625], "rotation": 270, "texture": "#0"},
				"up": {"uv": [4, 10.5, 4.0625, 10.5625], "texture": "#0"},
				"down": {"uv": [3.75, 10.5, 3.8125, 10.5625], "rotation": 180, "texture": "#0"}
			}
		},
		{
			"from": [8.7906, 2.57201, 12.85384],
			"to": [8.9188, 2.775, 13.24914],
			"rotation": {"angle": 45, "axis": "x", "origin": [8.8547, 2.57201, 13.02478]},
			"faces": {
				"north": {"uv": [4.5625, 10.5625, 4.5, 10.5], "rotation": 180, "texture": "#0"},
				"east": {"uv": [10, 9.75, 10.0625, 9.875], "rotation": 90, "texture": "#0"},
				"south": {"uv": [10.5625, 4.5, 10.5, 4.5625], "texture": "#0"},
				"west": {"uv": [0, 10.25, 0.0625, 10.375], "rotation": 270, "texture": "#0"},
				"up": {"uv": [10, 10, 10.0625, 10.125], "texture": "#0"},
				"down": {"uv": [9.75, 10, 9.8125, 10.125], "rotation": 180, "texture": "#0"}
			}
		},
		{
			"from": [8.96154, 2.41175, 12.75769],
			"to": [9.21795, 2.72158, 13.48419],
			"rotation": {"angle": 22.5, "axis": "x", "origin": [9.06838, 2.51859, 13.0141]},
			"faces": {
				"north": {"uv": [6.0625, 10.5625, 6, 10.5], "rotation": 180, "texture": "#0"},
				"east": {"uv": [10, 0.25, 10.0625, 0.4375], "rotation": 90, "texture": "#0"},
				"south": {"uv": [10.5625, 6, 10.5, 6.0625], "texture": "#0"},
				"west": {"uv": [10, 0.5, 10.0625, 0.6875], "rotation": 270, "texture": "#0"},
				"up": {"uv": [0.5, 10, 0.5625, 10.1875], "texture": "#0"},
				"down": {"uv": [0.25, 10, 0.3125, 10.1875], "rotation": 180, "texture": "#0"}
			}
		},
		{
			"from": [8.99358, 1.80358, 13.25949],
			"to": [9.18589, 2.2523, 13.46248],
			"rotation": {"angle": -22.5, "axis": "x", "origin": [9.06838, 2.06987, 13.36666]},
			"faces": {
				"north": {"uv": [10.3125, 1.375, 10.25, 1.25], "rotation": 180, "texture": "#0"},
				"east": {"uv": [10.25, 1, 10.375, 1.0625], "rotation": 90, "texture": "#0"},
				"south": {"uv": [1.5625, 10.25, 1.5, 10.375], "texture": "#0"},
				"west": {"uv": [1.25, 10.25, 1.375, 10.3125], "rotation": 270, "texture": "#0"},
				"up": {"uv": [10.5, 6.25, 10.5625, 6.3125], "texture": "#0"},
				"down": {"uv": [6.25, 10.5, 6.3125, 10.5625], "rotation": 180, "texture": "#0"}
			}
		},
		{
			"from": [8.95085, 2.29423, 13.24914],
			"to": [9.22863, 2.74295, 13.4735],
			"rotation": {"angle": 22.5, "axis": "x", "origin": [9.06838, 2.40107, 12.97137]},
			"faces": {
				"north": {"uv": [10.3125, 1.875, 10.25, 1.75], "rotation": 180, "texture": "#0"},
				"east": {"uv": [10.25, 1.5, 10.375, 1.5625], "rotation": 90, "texture": "#0"},
				"south": {"uv": [2.0625, 10.25, 2, 10.375], "texture": "#0"},
				"west": {"uv": [1.75, 10.25, 1.875, 10.3125], "rotation": 270, "texture": "#0"},
				"up": {"uv": [10.5, 6.5, 10.5625, 6.5625], "texture": "#0"},
				"down": {"uv": [6.5, 10.5, 6.5625, 10.5625], "rotation": 180, "texture": "#0"}
			}
		},
		{
			"from": [9.26068, 2.48654, 12.87521],
			"to": [9.43162, 2.7109, 13.4735],
			"rotation": {"angle": 22.5, "axis": "x", "origin": [9.32479, 2.50791, 13.02478]},
			"faces": {
				"north": {"uv": [6.8125, 10.5625, 6.75, 10.5], "rotation": 180, "texture": "#0"},
				"east": {"uv": [2.25, 10.25, 2.3125, 10.375], "rotation": 90, "texture": "#0"},
				"south": {"uv": [10.5625, 6.75, 10.5, 6.8125], "texture": "#0"},
				"west": {"uv": [2.5, 10.25, 2.5625, 10.375], "rotation": 270, "texture": "#0"},
				"up": {"uv": [10.25, 2.25, 10.3125, 2.375], "texture": "#0"},
				"down": {"uv": [10.25, 2, 10.3125, 2.125], "rotation": 180, "texture": "#0"}
			}
		},
		{
			"from": [9.24999, 2.36902, 13.25982],
			"to": [9.4423, 2.73226, 13.46282],
			"rotation": {"angle": 22.5, "axis": "x", "origin": [9.32479, 2.39038, 12.98205]},
			"faces": {
				"north": {"uv": [7.5625, 10.5625, 7.5, 10.5], "rotation": 180, "texture": "#0"},
				"east": {"uv": [10.5, 7, 10.5625, 7.0625], "rotation": 90, "texture": "#0"},
				"south": {"uv": [10.5625, 7.5, 10.5, 7.5625], "texture": "#0"},
				"west": {"uv": [10.5, 7.25, 10.5625, 7.3125], "rotation": 270, "texture": "#0"},
				"up": {"uv": [7.25, 10.5, 7.3125, 10.5625], "texture": "#0"},
				"down": {"uv": [7, 10.5, 7.0625, 10.5625], "rotation": 180, "texture": "#0"}
			}
		},
		{
			"from": [9.29273, 1.96383, 13.30223],
			"to": [9.39957, 2.32708, 13.48385],
			"rotation": {"angle": -22.5, "axis": "x", "origin": [9.32479, 2.14466, 13.4094]},
			"faces": {
				"north": {"uv": [8.3125, 10.5625, 8.25, 10.5], "rotation": 180, "texture": "#0"},
				"east": {"uv": [10.5, 7.75, 10.5625, 7.8125], "rotation": 90, "texture": "#0"},
				"south": {"uv": [10.5625, 8.25, 10.5, 8.3125], "texture": "#0"},
				"west": {"uv": [10.5, 8, 10.5625, 8.0625], "rotation": 270, "texture": "#0"},
				"up": {"uv": [8, 10.5, 8.0625, 10.5625], "texture": "#0"},
				"down": {"uv": [7.75, 10.5, 7.8125, 10.5625], "rotation": 180, "texture": "#0"}
			}
		},
		{
			"from": [9.47436, 2.56132, 12.87521],
			"to": [9.62393, 2.76432, 13.23846],
			"rotation": {"angle": 0, "axis": "y", "origin": [9.53846, 2.57201, 13.02478]},
			"faces": {
				"north": {"uv": [9.0625, 10.5625, 9, 10.5], "rotation": 180, "texture": "#0"},
				"east": {"uv": [10.5, 8.5, 10.5625, 8.5625], "rotation": 90, "texture": "#0"},
				"south": {"uv": [10.5625, 9, 10.5, 9.0625], "texture": "#0"},
				"west": {"uv": [10.5, 8.75, 10.5625, 8.8125], "rotation": 270, "texture": "#0"},
				"up": {"uv": [8.75, 10.5, 8.8125, 10.5625], "texture": "#0"},
				"down": {"uv": [8.5, 10.5, 8.5625, 10.5625], "rotation": 180, "texture": "#0"}
			}
		},
		{
			"from": [9.46367, 2.50839, 13.17764],
			"to": [9.6453, 2.71137, 13.54088],
			"rotation": {"angle": 22.5, "axis": "x", "origin": [9.53846, 2.62543, 13.35598]},
			"faces": {
				"north": {"uv": [9.8125, 10.5625, 9.75, 10.5], "rotation": 180, "texture": "#0"},
				"east": {"uv": [10.5, 9.25, 10.5625, 9.3125], "rotation": 90, "texture": "#0"},
				"south": {"uv": [10.5625, 9.75, 10.5, 9.8125], "texture": "#0"},
				"west": {"uv": [10.5, 9.5, 10.5625, 9.5625], "rotation": 270, "texture": "#0"},
				"up": {"uv": [9.5, 10.5, 9.5625, 10.5625], "texture": "#0"},
				"down": {"uv": [9.25, 10.5, 9.3125, 10.5625], "rotation": 180, "texture": "#0"}
			}
		},
		{
			"from": [9.5064, 2.27367, 13.43043],
			"to": [9.61324, 2.63691, 13.55864],
			"rotation": {"angle": 0, "axis": "y", "origin": [9.53846, 2.45449, 13.49488]},
			"faces": {
				"north": {"uv": [10.5625, 10.5625, 10.5, 10.5], "rotation": 180, "texture": "#0"},
				"east": {"uv": [10.5, 10, 10.5625, 10.0625], "rotation": 90, "texture": "#0"},
				"south": {"uv": [0.0625, 10.75, 0, 10.8125], "texture": "#0"},
				"west": {"uv": [10.5, 10.25, 10.5625, 10.3125], "rotation": 270, "texture": "#0"},
				"up": {"uv": [10.25, 10.5, 10.3125, 10.5625], "texture": "#0"},
				"down": {"uv": [10, 10.5, 10.0625, 10.5625], "rotation": 180, "texture": "#0"}
			}
		},
		{
			"from": [9.06838, 3.12757, 13.31325],
			"to": [9.29274, 3.33055, 13.55897],
			"rotation": {"angle": 0, "axis": "y", "origin": [9.17521, 3.15961, 13.4094]},
			"faces": {
				"north": {"uv": [10.8125, 0.5625, 10.75, 0.5], "rotation": 180, "texture": "#0"},
				"east": {"uv": [0.25, 10.75, 0.3125, 10.8125], "rotation": 90, "texture": "#0"},
				"south": {"uv": [0.8125, 10.75, 0.75, 10.8125], "texture": "#0"},
				"west": {"uv": [0.5, 10.75, 0.5625, 10.8125], "rotation": 270, "texture": "#0"},
				"up": {"uv": [10.75, 0.25, 10.8125, 0.3125], "texture": "#0"},
				"down": {"uv": [10.75, 0, 10.8125, 0.0625], "rotation": 180, "texture": "#0"}
			}
		},
		{
			"from": [9.07905, 3.01004, 13.11025],
			"to": [9.28205, 3.2344, 13.50555],
			"rotation": {"angle": -45, "axis": "x", "origin": [9.17521, 3.0421, 13.33461]},
			"faces": {
				"north": {"uv": [10.8125, 1.8125, 10.75, 1.75], "rotation": 180, "texture": "#0"},
				"east": {"uv": [3.25, 10.25, 3.3125, 10.375], "rotation": 90, "texture": "#0"},
				"south": {"uv": [2.0625, 10.75, 2, 10.8125], "texture": "#0"},
				"west": {"uv": [3.5, 10.25, 3.5625, 10.375], "rotation": 270, "texture": "#0"},
				"up": {"uv": [10.25, 3.25, 10.3125, 3.375], "texture": "#0"},
				"down": {"uv": [10.25, 3, 10.3125, 3.125], "rotation": 180, "texture": "#0"}
			}
		}
	],
	"groups": [
		{
			"name": "Эувия",
			"origin": [7.57265, 5.77991, 3.64103],
			"color": 0,
			"children": [
				{
					"name": "Хвост",
					"origin": [6.39744, 0, 6.2906],
					"color": 0,
					"children": [
						{
							"name": "ХвостовыеПлавники",
							"origin": [6.39744, 0, 6.2906],
							"color": 0,
							"children": [0, 1, 2]
						},
						3,
						4,
						5,
						6,
						7,
						8,
						9
					]
				},
				{
					"name": "Туловище",
					"origin": [6.39744, 0, 6.2906],
					"color": 0,
					"children": [10, 11, 12]
				},
				{
					"name": "Голова",
					"origin": [6.39744, 0, 6.2906],
					"color": 0,
					"children": [
						{
							"name": "Рожки",
							"origin": [6.39744, 0, 6.2906],
							"color": 0,
							"children": [13, 14, 15, 16, 17, 18, 19, 20, 21, 22, 23, 24, 25, 26, 27, 28, 29, 30, 31, 32, 33, 34, 35, 36, 37, 38]
						},
						{
							"name": "Череп",
							"origin": [6.39744, 0, 6.2906],
							"color": 0,
							"children": [39, 40, 41, 42, 43, 44, 45, 46]
						}
					]
				},
				{
					"name": "Шея",
					"origin": [9.60256, 0, 6.2906],
					"color": 0,
					"children": [47, 48, 49, 50, 51, 52, 53]
				},
				{
					"name": "ЗадниеКрылья",
					"origin": [9.60256, 0.97222, 6.37607],
					"color": 0,
					"children": [
						{
							"name": "ЛевыеКрылья",
							"origin": [9.60256, 0.97222, 6.37607],
							"color": 0,
							"children": [54, 55, 56, 57, 58, 59, 60, 61]
						},
						{
							"name": "ПравыеКрылья",
							"origin": [6.39744, 0.97222, 6.37607],
							"color": 0,
							"children": [62, 63, 64, 65, 66, 67, 68, 69]
						}
					]
				},
				{
					"name": "ПередниеКрылья",
					"origin": [9.60256, 0.97222, 6.37607],
					"color": 0,
					"children": [
						{
							"name": "ЛевыеКрылья",
							"origin": [9.60256, 0.97222, 6.37607],
							"color": 0,
							"children": [70, 71, 72, 73]
						},
						{
							"name": "ПравыеКрылья",
							"origin": [6.39744, 0.97222, 6.37607],
							"color": 0,
							"children": [74, 75, 76, 77]
						}
					]
				},
				{
					"name": "ЗадниеКонечности",
					"origin": [9.60256, 0.97222, 6.37607],
					"color": 0,
					"children": [
						{
							"name": "ЛевыеЛапы",
							"origin": [9.60256, 0.97222, 6.37607],
							"color": 0,
							"children": [
								78,
								79,
								80,
								81,
								82,
								83,
								84,
								85,
								{
									"name": "Когти",
									"origin": [9.60256, 0.97222, 6.37607],
									"color": 0,
									"children": [86, 87, 88, 89, 90, 91, 92, 93, 94, 95, 96, 97, 98, 99]
								}
							]
						},
						{
							"name": "ПравыеЛапы",
							"origin": [9.60256, 0.97222, 6.37607],
							"color": 0,
							"children": [
								100,
								101,
								102,
								103,
								104,
								105,
								106,
								107,
								{
									"name": "Когти",
									"origin": [9.60256, 0.97222, 6.37607],
									"color": 0,
									"children": [108, 109, 110, 111, 112, 113, 114, 115, 116, 117, 118, 119, 120, 121]
								}
							]
						}
					]
				}
			]
		}
	]
}