{
	"schemaVersion": 2,
	"type": "overworld",
	"blend": {"type" : "replace"},
	"properties": {
		"priority": 0,
		"fade": {
			"startFadeIn": 15333,
			"endFadeIn": 16221,
			"startFadeOut": 23333,
			"endFadeOut": 221,
			"alwaysOn": true
			},
		"rotation": {
			"rotationSpeedZ": 0,
			"static": [0.0, 0.0, 0.0],
			"axis": [0.0, 0.0, 0.0],
			"skyboxRotation":true
		},
		"transitionInDuration": 10,
		"transitionOutDuration": 15,
		"changeFog": false,
		"fogColors": {"red": 0.75, "green": 0.85, "blue": 1.0, "alpha": 1.0},
		"sunSkyTint": true,
		"inThickFog": true,
		"minAlpha": 0.0,
		"maxAlpha": 1.0
	},
	"conditions": {
		"worlds": ["minecraft:overworld"],
		"dimensions": [],
		"weather": ["clear", "rain", "thunder", "snow"],
		"biomes": [],
		"xRanges": [],
		"yRanges": [],
		"zRanges": [],
		"loop": {},
		"effects": []
	},
	"decorations": {
		"blend": {"type" : "decorations"},
		"sun": "minecraft:textures/environment/sun.png",
		"moon": "minecraft:textures/environment/moon_phases.png",
		"showSun": true,
		"showMoon": false,
		"showStars": false,
		"rotation":{
			"rotationSpeedZ":1,
			"skyboxRotation":false
		}
	}
}