{
	"format_version": "1.21.6",
	"credit": "Made with Blockbench",
	"parent": "minecraft:lectern",
	"texture_size": [64, 64],
	"textures": {
		"0": "minecraft:block/lectern",
		"particle": "minecraft:block/lectern"
	},
	"elements": [
		{
			"from": [0.8, -0.1, 0.4],
			"to": [15.2, 1.1, 15.4],
			"rotation": {"angle": 0, "axis": "y", "origin": [5.6, -0.1, 15.4]},
			"faces": {
				"north": {"uv": [9.5, 5.5, 13, 5.75], "texture": "#0"},
				"east": {"uv": [9.5, 5, 13.25, 5.25], "texture": "#0"},
				"south": {"uv": [9.5, 5.25, 13, 5.5], "texture": "#0"},
				"west": {"uv": [9.5, 4.75, 13.25, 5], "texture": "#0"},
				"up": {"uv": [3.5, 3.75, 0, 0], "rotation": 180, "texture": "#0"},
				"down": {"uv": [7, 0, 3.5, 3.75], "rotation": 180, "texture": "#0"}
			}
		},
		{
			"from": [2, 2.15, 5.95],
			"to": [4.4, 6.05, 12.7],
			"rotation": {"angle": 0, "axis": "y", "origin": [3.8, 3.5, 11.95]},
			"faces": {
				"north": {"uv": [7.75, 10.75, 8.25, 11.75], "texture": "#0"},
				"east": {"uv": [8.75, 8, 10.5, 9], "texture": "#0"},
				"south": {"uv": [7, 2.75, 7.5, 3.75], "texture": "#0"},
				"west": {"uv": [7, 8, 8.75, 9], "texture": "#0"},
				"up": {"uv": [10, 10.75, 9.5, 9], "rotation": 180, "texture": "#0"},
				"down": {"uv": [9, 10, 8.5, 11.75], "rotation": 180, "texture": "#0"}
			}
		},
		{
			"from": [2, 6.95, 5.95],
			"to": [4.4, 10.85, 12.7],
			"rotation": {"angle": 0, "axis": "y", "origin": [3.8, 8.3, 11.95]},
			"faces": {
				"north": {"uv": [11, 11, 11.5, 12], "texture": "#0"},
				"east": {"uv": [9, 1, 10.75, 2], "texture": "#0"},
				"south": {"uv": [10.5, 11, 11, 12], "texture": "#0"},
				"west": {"uv": [9, 0, 10.75, 1], "texture": "#0"},
				"up": {"uv": [9.5, 11.75, 9, 10], "rotation": 180, "texture": "#0"},
				"down": {"uv": [10.5, 9, 10, 10.75], "rotation": 180, "texture": "#0"}
			}
		},
		{
			"from": [2, 11.75, 5.95],
			"to": [4.4, 15.65, 12.7],
			"rotation": {"angle": 0, "axis": "y", "origin": [3.8, 13.1, 11.95]},
			"faces": {
				"north": {"uv": [5.5, 11.25, 6, 12.25], "texture": "#0"},
				"east": {"uv": [9, 3, 10.75, 4], "texture": "#0"},
				"south": {"uv": [5, 11.25, 5.5, 12.25], "texture": "#0"},
				"west": {"uv": [9, 2, 10.75, 3], "texture": "#0"},
				"up": {"uv": [4.5, 12, 4, 10.25], "rotation": 180, "texture": "#0"},
				"down": {"uv": [5, 10.25, 4.5, 12], "rotation": 180, "texture": "#0"}
			}
		},
		{
			"from": [3.2, 2.9, 10],
			"to": [5.6, 5.3, 12.4],
			"rotation": {"angle": 0, "axis": "y", "origin": [5, 2.9, 12.4]},
			"faces": {
				"north": {"uv": [11.5, 2.5, 12, 3], "texture": "#0"},
				"east": {"uv": [11.5, 3, 12, 3.5], "texture": "#0"},
				"south": {"uv": [11.5, 1.5, 12, 2], "texture": "#0"},
				"west": {"uv": [11.5, 2, 12, 2.5], "texture": "#0"},
				"up": {"uv": [7.5, 12, 7, 11.5], "rotation": 180, "texture": "#0"},
				"down": {"uv": [12, 8, 11.5, 8.5], "rotation": 180, "texture": "#0"}
			}
		},
		{
			"from": [3.2, 7.7, 10],
			"to": [5.6, 10.1, 12.4],
			"rotation": {"angle": 0, "axis": "y", "origin": [5, 7.7, 12.4]},
			"faces": {
				"north": {"uv": [11.5, 11, 12, 11.5], "texture": "#0"},
				"east": {"uv": [11.5, 11.5, 12, 12], "texture": "#0"},
				"south": {"uv": [11.5, 8.5, 12, 9], "texture": "#0"},
				"west": {"uv": [11.5, 9, 12, 9.5], "texture": "#0"},
				"up": {"uv": [8, 12.25, 7.5, 11.75], "rotation": 180, "texture": "#0"},
				"down": {"uv": [9, 11.75, 8.5, 12.25], "rotation": 180, "texture": "#0"}
			}
		},
		{
			"from": [3.2, 12.5, 10],
			"to": [5.6, 14.9, 12.4],
			"rotation": {"angle": 0, "axis": "y", "origin": [5, 12.5, 12.4]},
			"faces": {
				"north": {"uv": [11.75, 10, 12.25, 10.5], "texture": "#0"},
				"east": {"uv": [11.75, 10.5, 12.25, 11], "texture": "#0"},
				"south": {"uv": [9, 11.75, 9.5, 12.25], "texture": "#0"},
				"west": {"uv": [11.75, 9.5, 12.25, 10], "texture": "#0"},
				"up": {"uv": [0.5, 12.5, 0, 12], "rotation": 180, "texture": "#0"},
				"down": {"uv": [12.5, 0, 12, 0.5], "rotation": 180, "texture": "#0"}
			}
		},
		{
			"from": [1.85, 2, 5.02],
			"to": [4.7, 6.2, 5.95],
			"rotation": {"angle": 0, "axis": "y", "origin": [3.8, 2, 5.95]},
			"faces": {
				"north": {"uv": [10.25, 5.75, 11, 6.75], "texture": "#0"},
				"east": {"uv": [0.5, 12, 0.75, 13], "texture": "#0"},
				"south": {"uv": [9.5, 5.75, 10.25, 6.75], "texture": "#0"},
				"west": {"uv": [8, 11.75, 8.25, 12.75], "texture": "#0"},
				"up": {"uv": [12.75, 2.25, 12, 2], "rotation": 180, "texture": "#0"},
				"down": {"uv": [12.75, 2.25, 12, 2.5], "rotation": 180, "texture": "#0"}
			}
		},
		{
			"from": [1.565, 6.8, 4.885],
			"to": [4.91, 11, 5.95],
			"rotation": {"angle": 0, "axis": "y", "origin": [3.8, 7.7, 5.95]},
			"faces": {
				"north": {"uv": [10.5, 9, 11.25, 10], "texture": "#0"},
				"east": {"uv": [1, 12, 1.25, 13], "texture": "#0"},
				"south": {"uv": [10.5, 8, 11.25, 9], "texture": "#0"},
				"west": {"uv": [0.75, 12, 1, 13], "texture": "#0"},
				"up": {"uv": [3.25, 12.25, 2.5, 12], "rotation": 180, "texture": "#0"},
				"down": {"uv": [12.75, 2.5, 12, 2.75], "rotation": 180, "texture": "#0"}
			}
		},
		{
			"from": [1.055, 11.45, 4.75],
			"to": [5.21, 15.935, 5.95],
			"rotation": {"angle": 0, "axis": "y", "origin": [3.8, 12.5, 5.95]},
			"faces": {
				"north": {"uv": [4, 9.25, 5, 10.25], "texture": "#0"},
				"east": {"uv": [1.5, 12, 1.75, 13], "texture": "#0"},
				"south": {"uv": [8.5, 9, 9.5, 10], "texture": "#0"},
				"west": {"uv": [1.25, 12, 1.5, 13], "texture": "#0"},
				"up": {"uv": [12.5, 3.75, 11.5, 3.5], "rotation": 180, "texture": "#0"},
				"down": {"uv": [13, 1.5, 12, 1.75], "rotation": 180, "texture": "#0"}
			}
		},
		{
			"from": [11, 4.475, 9.385],
			"to": [13.355, 15.515, 12.415],
			"rotation": {"angle": 0, "axis": "y", "origin": [12.2, 9.5, 11.8]},
			"faces": {
				"north": {"uv": [9, 4, 9.5, 6.75], "texture": "#0"},
				"east": {"uv": [3.25, 8, 4, 10.75], "texture": "#0"},
				"south": {"uv": [7, 0, 7.5, 2.75], "texture": "#0"},
				"west": {"uv": [2.5, 8, 3.25, 10.75], "texture": "#0"},
				"up": {"uv": [10, 12, 9.5, 11.25], "rotation": 180, "texture": "#0"},
				"down": {"uv": [11.75, 9.75, 11.25, 10.5], "rotation": 180, "texture": "#0"}
			}
		},
		{
			"from": [11.6, 15.5, 10.375],
			"to": [12.8, 16.7, 11.575],
			"rotation": {"angle": 0, "axis": "y", "origin": [12.8, 15.5, 11.575]},
			"faces": {
				"north": {"uv": [11.25, 12, 11.5, 12.25], "texture": "#0"},
				"east": {"uv": [12, 11.25, 12.25, 11.5], "texture": "#0"},
				"south": {"uv": [11, 12, 11.25, 12.25], "texture": "#0"},
				"west": {"uv": [12, 11, 12.25, 11.25], "texture": "#0"},
				"up": {"uv": [11.75, 12.25, 11.5, 12], "rotation": 180, "texture": "#0"},
				"down": {"uv": [12.25, 11.5, 12, 11.75], "rotation": 180, "texture": "#0"}
			}
		},
		{
			"from": [5, 1.1, 8.2],
			"to": [11, 16.7, 13.6],
			"rotation": {"angle": 0, "axis": "y", "origin": [6.2, 1.1, 10.6]},
			"faces": {
				"north": {"uv": [7.5, 4, 9, 8], "texture": "#0"},
				"east": {"uv": [1.25, 8, 2.5, 12], "texture": "#0"},
				"south": {"uv": [7.5, 0, 9, 4], "texture": "#0"},
				"west": {"uv": [0, 8, 1.25, 12], "texture": "#0"},
				"up": {"uv": [5.5, 9.25, 4, 8], "rotation": 180, "texture": "#0"},
				"down": {"uv": [7, 8, 5.5, 9.25], "rotation": 180, "texture": "#0"}
			}
		},
		{
			"from": [10.13, 1.19, 9.415],
			"to": [13.01, 5.21, 12.385],
			"rotation": {"angle": -22.5, "axis": "z", "origin": [11.33, 3.98, 11.8]},
			"faces": {
				"north": {"uv": [10.75, 1, 11.5, 2], "texture": "#0"},
				"east": {"uv": [10.75, 2, 11.5, 3], "texture": "#0"},
				"south": {"uv": [10.5, 10, 11.25, 11], "texture": "#0"},
				"west": {"uv": [10.75, 0, 11.5, 1], "texture": "#0"},
				"up": {"uv": [11.5, 3.75, 10.75, 3], "rotation": 180, "texture": "#0"},
				"down": {"uv": [7.75, 10.75, 7, 11.5], "rotation": 180, "texture": "#0"}
			}
		},
		{
			"from": [0.02, 16.7, 7.735],
			"to": [14.975, 17.3, 14.755],
			"rotation": {"angle": 0, "axis": "y", "origin": [5.6, 16.7, 8.8]},
			"faces": {
				"north": {"uv": [9.5, 4.5, 13.25, 4.75], "texture": "#0"},
				"east": {"uv": [11, 7.5, 12.75, 7.75], "texture": "#0"},
				"south": {"uv": [9.5, 4.25, 13.25, 4.5], "texture": "#0"},
				"west": {"uv": [11, 7.25, 12.75, 7.5], "texture": "#0"},
				"up": {"uv": [3.75, 8, 0, 6.25], "rotation": 180, "texture": "#0"},
				"down": {"uv": [7.5, 6.25, 3.75, 8], "rotation": 180, "texture": "#0"}
			}
		},
		{
			"from": [3.725, 16.7, 6.19],
			"to": [11.24, 17.305, 7.84],
			"rotation": {"angle": 0, "axis": "y", "origin": [8, 16.7, 7.84]},
			"faces": {
				"north": {"uv": [5, 11, 7, 11.25], "texture": "#0"},
				"east": {"uv": [12, 8.75, 12.5, 9], "texture": "#0"},
				"south": {"uv": [10.75, 3.75, 12.75, 4], "texture": "#0"},
				"west": {"uv": [12, 8.5, 12.5, 8.75], "texture": "#0"},
				"up": {"uv": [11, 7.25, 9, 6.75], "rotation": 180, "texture": "#0"},
				"down": {"uv": [11, 7.25, 9, 7.75], "rotation": 180, "texture": "#0"}
			}
		},
		{
			"from": [0.23, 16.715, 6.565],
			"to": [4.25, 17.285, 8.11],
			"rotation": {"angle": 22.5, "axis": "y", "origin": [3.05, 16.85, 7.675]},
			"faces": {
				"north": {"uv": [11.5, 0.75, 12.5, 1], "texture": "#0"},
				"east": {"uv": [12, 9.25, 12.5, 9.5], "texture": "#0"},
				"south": {"uv": [11.5, 0.5, 12.5, 0.75], "texture": "#0"},
				"west": {"uv": [12, 9, 12.5, 9.25], "texture": "#0"},
				"up": {"uv": [10.5, 11.25, 9.5, 10.75], "rotation": 180, "texture": "#0"},
				"down": {"uv": [12, 5.75, 11, 6.25], "rotation": 180, "texture": "#0"}
			}
		},
		{
			"from": [10.865, 16.715, 7.24],
			"to": [14.9, 17.285, 8.785],
			"rotation": {"angle": -22.5, "axis": "y", "origin": [13.7, 17.15, 7.675]},
			"faces": {
				"north": {"uv": [11.5, 1.25, 12.5, 1.5], "texture": "#0"},
				"east": {"uv": [10.5, 12, 11, 12.25], "texture": "#0"},
				"south": {"uv": [11.5, 1, 12.5, 1.25], "texture": "#0"},
				"west": {"uv": [9.5, 12, 10, 12.25], "texture": "#0"},
				"up": {"uv": [12, 6.75, 11, 6.25], "rotation": 180, "texture": "#0"},
				"down": {"uv": [12, 6.75, 11, 7.25], "rotation": 180, "texture": "#0"}
			}
		},
		{
			"from": [8, 17.3, 12.7],
			"to": [10.4, 24.5, 13.6],
			"rotation": {"angle": 0, "axis": "y", "origin": [9.8, 17.3, 13.6]},
			"faces": {
				"north": {"uv": [6.5, 9.25, 7, 11], "texture": "#0"},
				"east": {"uv": [11.25, 8, 11.5, 9.75], "texture": "#0"},
				"south": {"uv": [6, 9.25, 6.5, 11], "texture": "#0"},
				"west": {"uv": [6.75, 11.25, 7, 13], "texture": "#0"},
				"up": {"uv": [12.5, 8.25, 12, 8], "rotation": 180, "texture": "#0"},
				"down": {"uv": [12.5, 8.25, 12, 8.5], "rotation": 180, "texture": "#0"}
			}
		},
		{
			"from": [4.55, 17.3, 12.7],
			"to": [6.95, 24.5, 13.6],
			"rotation": {"angle": 0, "axis": "y", "origin": [6.35, 17.3, 13.6]},
			"faces": {
				"north": {"uv": [5.5, 9.25, 6, 11], "texture": "#0"},
				"east": {"uv": [6.5, 11.25, 6.75, 13], "texture": "#0"},
				"south": {"uv": [5, 9.25, 5.5, 11], "texture": "#0"},
				"west": {"uv": [6.25, 11.25, 6.5, 13], "texture": "#0"},
				"up": {"uv": [7.5, 12.25, 7, 12], "rotation": 180, "texture": "#0"},
				"down": {"uv": [12.5, 7, 12, 7.25], "rotation": 180, "texture": "#0"}
			}
		},
		{
			"from": [6.35, 17.3, 7.3],
			"to": [8.75, 19.25, 8.5],
			"rotation": {"angle": 0, "axis": "y", "origin": [8.15, 17.3, 8.5]},
			"faces": {
				"north": {"uv": [11.5, 0, 12, 0.5], "texture": "#0"},
				"east": {"uv": [12, 6, 12.25, 6.5], "texture": "#0"},
				"south": {"uv": [11.25, 10.5, 11.75, 11], "texture": "#0"},
				"west": {"uv": [3.25, 12, 3.5, 12.5], "texture": "#0"},
				"up": {"uv": [12.5, 6.75, 12, 6.5], "rotation": 180, "texture": "#0"},
				"down": {"uv": [12.5, 6.75, 12, 7], "rotation": 180, "texture": "#0"}
			}
		},
		{
			"from": [-0.1, 17.6, 6.1],
			"to": [15.2, 27.2, 7.3],
			"rotation": {"angle": 45, "axis": "x", "origin": [5.6, 17.6, 7.3]},
			"faces": {
				"north": {"uv": [3.75, 3.75, 7.5, 6.25], "texture": "#0"},
				"east": {"uv": [3.75, 10.75, 4, 13.25], "texture": "#0"},
				"south": {"uv": [0, 3.75, 3.75, 6.25], "texture": "#0"},
				"west": {"uv": [3.5, 10.75, 3.75, 13.25], "texture": "#0"},
				"up": {"uv": [12.75, 8, 9, 7.75], "rotation": 180, "texture": "#0"},
				"down": {"uv": [13.25, 4, 9.5, 4.25], "rotation": 180, "texture": "#0"}
			}
		},
		{
			"from": [1.4, 18.5, 6.55],
			"to": [3.8, 19.7, 7.75],
			"rotation": {"angle": 45, "axis": "x", "origin": [3.2, 19.7, 7.75]},
			"faces": {
				"north": {"uv": [4, 12, 4.5, 12.25], "texture": "#0"},
				"east": {"uv": [11.5, 9.5, 11.75, 9.75], "texture": "#0"},
				"south": {"uv": [12, 3.25, 12.5, 3.5], "texture": "#0"},
				"west": {"uv": [7.5, 11.5, 7.75, 11.75], "texture": "#0"},
				"up": {"uv": [5, 12.25, 4.5, 12], "rotation": 180, "texture": "#0"},
				"down": {"uv": [12.5, 5.75, 12, 6], "rotation": 180, "texture": "#0"}
			}
		},
		{
			"from": [9.8, 19.1, 6.1],
			"to": [12.5, 26.3, 7],
			"rotation": {"angle": 45, "axis": "x", "origin": [11.6, 19.1, 7]},
			"faces": {
				"north": {"uv": [7.75, 9, 8.5, 10.75], "texture": "#0"},
				"east": {"uv": [6, 11.25, 6.25, 13], "texture": "#0"},
				"south": {"uv": [7, 9, 7.75, 10.75], "texture": "#0"},
				"west": {"uv": [8.25, 10.75, 8.5, 12.5], "texture": "#0"},
				"up": {"uv": [2.5, 12.25, 1.75, 12], "rotation": 180, "texture": "#0"},
				"down": {"uv": [12.75, 1.75, 12, 2], "rotation": 180, "texture": "#0"}
			}
		},
		{
			"from": [1.7, 20.15, 7.45],
			"to": [3.5, 25.55, 8.2],
			"rotation": {"angle": 45, "axis": "x", "origin": [3.2, 20.15, 8.2]},
			"faces": {
				"north": {"uv": [3, 10.75, 3.5, 12], "texture": "#0"},
				"east": {"uv": [10.25, 11.25, 10.5, 12.5], "texture": "#0"},
				"south": {"uv": [2.5, 10.75, 3, 12], "texture": "#0"},
				"west": {"uv": [10, 11.25, 10.25, 12.5], "texture": "#0"},
				"up": {"uv": [12.5, 3, 12, 2.75], "rotation": 180, "texture": "#0"},
				"down": {"uv": [12.5, 3, 12, 3.25], "rotation": 180, "texture": "#0"}
			}
		}
	],
	"groups": [
		0,
		{
			"name": "group",
			"origin": [0, 0, 0],
			"color": 0,
			"children": [
				{
					"name": "group",
					"origin": [0, 0, 0],
					"color": 0,
					"children": [1, 2, 3, 4, 5, 6, 7, 8, 9]
				},
				{
					"name": "group",
					"origin": [-11, 9, 5],
					"color": 0,
					"children": [10, 11, 12, 13]
				}
			]
		},
		{
			"name": "group",
			"origin": [8, 8, 8],
			"color": 0,
			"children": [14, 15, 16, 17]
		},
		18,
		19,
		20,
		21,
		22,
		23,
		24
	]
}