{
	"credit": "Made with Blockbench",
	"textures": {
		"0": "block/flowers/kareper/taurus",
		"1": "block/flowers/kareper/rhizome",
		"2": "block/flowers/kareper/bud",
		"3": "block/flowers/kareper/pistil_stamen",
		"4": "block/flowers/kareper/nectarine",
		"particle": "block/flowers/kareper/taurus"
	},
	"elements": [
		{
			"from": [4, 0, 4],
			"to": [12, 2, 12],
			"rotation": {"angle": 0, "axis": "y", "origin": [7, 0, 7]},
			"faces": {
				"north": {"uv": [8, 0, 16, 2], "texture": "#1"},
				"east": {"uv": [8, 2, 16, 4], "texture": "#1"},
				"south": {"uv": [8, 4, 16, 6], "texture": "#1"},
				"west": {"uv": [8, 6, 16, 8], "texture": "#1"},
				"up": {"uv": [8, 8, 0, 0], "texture": "#1"},
				"down": {"uv": [8, 8, 0, 16], "texture": "#1"}
			}
		},
		{
			"from": [2, 2, 2],
			"to": [14, 9, 14],
			"rotation": {"angle": 0, "axis": "y", "origin": [7, 2, 7]},
			"faces": {
				"north": {"uv": [6, 0, 12, 3.5], "texture": "#0"},
				"east": {"uv": [6, 3.5, 12, 7], "texture": "#0"},
				"south": {"uv": [6, 7, 12, 10.5], "texture": "#0"},
				"west": {"uv": [6, 10.5, 12, 14], "texture": "#0"},
				"up": {"uv": [6, 6, 0, 0], "texture": "#0"},
				"down": {"uv": [6, 6, 0, 12], "texture": "#0"}
			}
		},
		{
			"from": [5, 9, 5],
			"to": [11, 14, 11],
			"rotation": {"angle": 0, "axis": "y", "origin": [7, 9, 7]},
			"faces": {
				"north": {"uv": [3, 0, 6, 2.5], "texture": "#2"},
				"east": {"uv": [3, 2.5, 6, 5], "texture": "#2"},
				"south": {"uv": [3, 5, 6, 7.5], "texture": "#2"},
				"west": {"uv": [0, 6, 3, 8.5], "texture": "#2"},
				"up": {"uv": [3, 3, 0, 0], "texture": "#2"},
				"down": {"uv": [3, 3, 0, 6], "texture": "#2"}
			}
		},
		{
			"from": [4.675, 14, 5.1],
			"to": [6.425, 15.75, 5.35],
			"rotation": {"angle": -45, "axis": "y", "origin": [5.175, 15, 5.35]},
			"faces": {
				"north": {"uv": [0, 0, 2, 2], "texture": "#3"},
				"east": {"uv": [4, 4, 5, 6], "texture": "#3"},
				"south": {"uv": [0, 2, 2, 4], "texture": "#3"},
				"west": {"uv": [5, 4, 6, 6], "texture": "#3"},
				"up": {"uv": [2, 7, 0, 6], "texture": "#3"},
				"down": {"uv": [8, 0, 6, 1], "texture": "#3"}
			}
		},
		{
			"from": [4.69645, 14, 10.60178],
			"to": [6.44645, 15.75, 10.85178],
			"rotation": {"angle": 45, "axis": "y", "origin": [5.19645, 15, 10.60178]},
			"faces": {
				"north": {"uv": [2, 0, 4, 2], "texture": "#3"},
				"east": {"uv": [6, 1, 7, 3], "texture": "#3"},
				"south": {"uv": [2, 2, 4, 4], "texture": "#3"},
				"west": {"uv": [2, 6, 3, 8], "texture": "#3"},
				"up": {"uv": [5, 7, 3, 6], "texture": "#3"},
				"down": {"uv": [8, 3, 6, 4], "texture": "#3"}
			}
		},
		{
			"from": [4.19645, 15.75, 11.60178],
			"to": [5.44645, 17.5, 11.85178],
			"rotation": {"angle": 45, "axis": "y", "origin": [4.19645, 16.75, 11.60178]},
			"faces": {
				"north": {"uv": [6, 4, 7, 6], "texture": "#3"},
				"east": {"uv": [5, 6, 6, 8], "texture": "#3"},
				"south": {"uv": [6, 6, 7, 8], "texture": "#3"},
				"west": {"uv": [0, 7, 1, 9], "texture": "#3"},
				"up": {"uv": [1, 12, 0, 11], "texture": "#3"},
				"down": {"uv": [12, 0, 11, 1], "texture": "#3"}
			}
		},
		{
			"from": [4.19645, 15.75, 4.14822],
			"to": [5.44645, 17.5, 4.39822],
			"rotation": {"angle": -45, "axis": "y", "origin": [4.19645, 16.75, 4.39822]},
			"faces": {
				"north": {"uv": [1, 7, 2, 9], "texture": "#3"},
				"east": {"uv": [7, 1, 8, 3], "texture": "#3"},
				"south": {"uv": [3, 7, 4, 9], "texture": "#3"},
				"west": {"uv": [4, 7, 5, 9], "texture": "#3"},
				"up": {"uv": [2, 12, 1, 11], "texture": "#3"},
				"down": {"uv": [12, 1, 11, 2], "texture": "#3"}
			}
		},
		{
			"from": [3.94645, 17.5, 3.64822],
			"to": [4.94645, 19.75, 3.89822],
			"rotation": {"angle": -45, "axis": "y", "origin": [3.69645, 18.5, 3.89822]},
			"faces": {
				"north": {"uv": [7, 4, 8, 6], "texture": "#3"},
				"east": {"uv": [7, 6, 8, 8], "texture": "#3"},
				"south": {"uv": [8, 0, 9, 2], "texture": "#3"},
				"west": {"uv": [2, 8, 3, 10], "texture": "#3"},
				"up": {"uv": [12, 3, 11, 2], "texture": "#3"},
				"down": {"uv": [4, 11, 3, 12], "texture": "#3"}
			}
		},
		{
			"from": [3.94645, 17.5, 12.10178],
			"to": [4.94645, 19.75, 12.35178],
			"rotation": {"angle": 45, "axis": "y", "origin": [3.69645, 18.5, 12.10178]},
			"faces": {
				"north": {"uv": [8, 2, 9, 4], "texture": "#3"},
				"east": {"uv": [8, 4, 9, 6], "texture": "#3"},
				"south": {"uv": [5, 8, 6, 10], "texture": "#3"},
				"west": {"uv": [6, 8, 7, 10], "texture": "#3"},
				"up": {"uv": [12, 4, 11, 3], "texture": "#3"},
				"down": {"uv": [5, 11, 4, 12], "texture": "#3"}
			}
		},
		{
			"from": [11.05355, 17.5, 12.10178],
			"to": [12.05355, 19.75, 12.35178],
			"rotation": {"angle": -45, "axis": "y", "origin": [12.30355, 18.5, 12.10178]},
			"faces": {
				"north": {"uv": [8, 6, 9, 8], "texture": "#3"},
				"east": {"uv": [7, 8, 8, 10], "texture": "#3"},
				"south": {"uv": [8, 8, 9, 10], "texture": "#3"},
				"west": {"uv": [0, 9, 1, 11], "texture": "#3"},
				"up": {"uv": [12, 5, 11, 4], "texture": "#3"},
				"down": {"uv": [12, 5, 11, 6], "texture": "#3"}
			}
		},
		{
			"from": [11.05355, 17.5, 3.64822],
			"to": [12.05355, 19.75, 3.89822],
			"rotation": {"angle": 45, "axis": "y", "origin": [12.30355, 18.5, 3.89822]},
			"faces": {
				"north": {"uv": [9, 0, 10, 2], "texture": "#3"},
				"east": {"uv": [1, 9, 2, 11], "texture": "#3"},
				"south": {"uv": [9, 2, 10, 4], "texture": "#3"},
				"west": {"uv": [3, 9, 4, 11], "texture": "#3"},
				"up": {"uv": [8, 12, 7, 11], "texture": "#3"},
				"down": {"uv": [12, 7, 11, 8], "texture": "#3"}
			}
		},
		{
			"from": [10.80355, 19.75, 3.89822],
			"to": [11.55355, 20.75, 4.14822],
			"rotation": {"angle": 45, "axis": "y", "origin": [12.05355, 20.75, 4.14822]},
			"faces": {
				"north": {"uv": [8, 11, 9, 12], "texture": "#3"},
				"east": {"uv": [11, 8, 12, 9], "texture": "#3"},
				"south": {"uv": [10, 11, 11, 12], "texture": "#3"},
				"west": {"uv": [11, 11, 12, 12], "texture": "#3"},
				"up": {"uv": [1, 13, 0, 12], "texture": "#3"},
				"down": {"uv": [13, 0, 12, 1], "texture": "#3"}
			}
		},
		{
			"from": [10.80355, 19.75, 11.85178],
			"to": [11.55355, 20.75, 12.10178],
			"rotation": {"angle": -45, "axis": "y", "origin": [12.05355, 20.75, 11.85178]},
			"faces": {
				"north": {"uv": [1, 12, 2, 13], "texture": "#3"},
				"east": {"uv": [12, 1, 13, 2], "texture": "#3"},
				"south": {"uv": [2, 12, 3, 13], "texture": "#3"},
				"west": {"uv": [12, 2, 13, 3], "texture": "#3"},
				"up": {"uv": [4, 13, 3, 12], "texture": "#3"},
				"down": {"uv": [13, 3, 12, 4], "texture": "#3"}
			}
		},
		{
			"from": [4.44645, 19.75, 11.85178],
			"to": [5.19645, 20.75, 12.10178],
			"rotation": {"angle": 45, "axis": "y", "origin": [3.94645, 20.75, 11.85178]},
			"faces": {
				"north": {"uv": [4, 12, 5, 13], "texture": "#3"},
				"east": {"uv": [12, 4, 13, 5], "texture": "#3"},
				"south": {"uv": [5, 12, 6, 13], "texture": "#3"},
				"west": {"uv": [12, 5, 13, 6], "texture": "#3"},
				"up": {"uv": [7, 13, 6, 12], "texture": "#3"},
				"down": {"uv": [13, 6, 12, 7], "texture": "#3"}
			}
		},
		{
			"from": [4.44645, 19.75, 3.89822],
			"to": [5.19645, 20.75, 4.14822],
			"rotation": {"angle": -45, "axis": "y", "origin": [3.94645, 20.75, 4.14822]},
			"faces": {
				"north": {"uv": [7, 12, 8, 13], "texture": "#3"},
				"east": {"uv": [12, 7, 13, 8], "texture": "#3"},
				"south": {"uv": [8, 12, 9, 13], "texture": "#3"},
				"west": {"uv": [12, 8, 13, 9], "texture": "#3"},
				"up": {"uv": [10, 13, 9, 12], "texture": "#3"},
				"down": {"uv": [13, 9, 12, 10], "texture": "#3"}
			}
		},
		{
			"from": [4.79645, 20.75, 4.24822],
			"to": [5.54645, 21.75, 4.49822],
			"rotation": {"angle": -45, "axis": "y", "origin": [4.29645, 21.75, 4.49822]},
			"faces": {
				"north": {"uv": [10, 12, 11, 13], "texture": "#3"},
				"east": {"uv": [12, 10, 13, 11], "texture": "#3"},
				"south": {"uv": [11, 12, 12, 13], "texture": "#3"},
				"west": {"uv": [12, 11, 13, 12], "texture": "#3"},
				"up": {"uv": [13, 13, 12, 12], "texture": "#3"},
				"down": {"uv": [1, 13, 0, 14], "texture": "#3"}
			}
		},
		{
			"from": [10.45355, 20.75, 4.24822],
			"to": [11.20355, 21.75, 4.49822],
			"rotation": {"angle": 45, "axis": "y", "origin": [11.70355, 21.75, 4.49822]},
			"faces": {
				"north": {"uv": [13, 0, 14, 1], "texture": "#3"},
				"east": {"uv": [1, 13, 2, 14], "texture": "#3"},
				"south": {"uv": [13, 1, 14, 2], "texture": "#3"},
				"west": {"uv": [2, 13, 3, 14], "texture": "#3"},
				"up": {"uv": [14, 3, 13, 2], "texture": "#3"},
				"down": {"uv": [4, 13, 3, 14], "texture": "#3"}
			}
		},
		{
			"from": [10.45355, 20.75, 11.50178],
			"to": [11.20355, 21.75, 11.75178],
			"rotation": {"angle": -45, "axis": "y", "origin": [11.70355, 21.75, 11.50178]},
			"faces": {
				"north": {"uv": [13, 3, 14, 4], "texture": "#3"},
				"east": {"uv": [4, 13, 5, 14], "texture": "#3"},
				"south": {"uv": [13, 4, 14, 5], "texture": "#3"},
				"west": {"uv": [5, 13, 6, 14], "texture": "#3"},
				"up": {"uv": [14, 6, 13, 5], "texture": "#3"},
				"down": {"uv": [7, 13, 6, 14], "texture": "#3"}
			}
		},
		{
			"from": [4.79645, 20.75, 11.50178],
			"to": [5.54645, 21.75, 11.75178],
			"rotation": {"angle": 45, "axis": "y", "origin": [4.29645, 21.75, 11.50178]},
			"faces": {
				"north": {"uv": [13, 6, 14, 7], "texture": "#3"},
				"east": {"uv": [7, 13, 8, 14], "texture": "#3"},
				"south": {"uv": [13, 7, 14, 8], "texture": "#3"},
				"west": {"uv": [8, 13, 9, 14], "texture": "#3"},
				"up": {"uv": [14, 9, 13, 8], "texture": "#3"},
				"down": {"uv": [10, 13, 9, 14], "texture": "#3"}
			}
		},
		{
			"from": [5.04645, 21.75, 10.92678],
			"to": [6.04645, 22.75, 11.92678],
			"rotation": {"angle": 45, "axis": "y", "origin": [4.54645, 22.75, 11.42678]},
			"faces": {
				"north": {"uv": [13, 9, 14, 10], "texture": "#3"},
				"east": {"uv": [10, 13, 11, 14], "texture": "#3"},
				"south": {"uv": [13, 10, 14, 11], "texture": "#3"},
				"west": {"uv": [11, 13, 12, 14], "texture": "#3"},
				"up": {"uv": [14, 12, 13, 11], "texture": "#3"},
				"down": {"uv": [13, 13, 12, 14], "texture": "#3"}
			}
		},
		{
			"from": [5.04645, 21.75, 4.07322],
			"to": [6.04645, 22.75, 5.07322],
			"rotation": {"angle": -45, "axis": "y", "origin": [4.54645, 22.75, 4.57322]},
			"faces": {
				"north": {"uv": [13, 12, 14, 13], "texture": "#3"},
				"east": {"uv": [13, 13, 14, 14], "texture": "#3"},
				"south": {"uv": [0, 14, 1, 15], "texture": "#3"},
				"west": {"uv": [14, 0, 15, 1], "texture": "#3"},
				"up": {"uv": [2, 15, 1, 14], "texture": "#3"},
				"down": {"uv": [15, 1, 14, 2], "texture": "#3"}
			}
		},
		{
			"from": [9.95355, 21.75, 4.07322],
			"to": [10.95355, 22.75, 5.07322],
			"rotation": {"angle": 45, "axis": "y", "origin": [11.45355, 22.75, 4.57322]},
			"faces": {
				"north": {"uv": [2, 14, 3, 15], "texture": "#3"},
				"east": {"uv": [14, 2, 15, 3], "texture": "#3"},
				"south": {"uv": [3, 14, 4, 15], "texture": "#3"},
				"west": {"uv": [14, 3, 15, 4], "texture": "#3"},
				"up": {"uv": [5, 15, 4, 14], "texture": "#3"},
				"down": {"uv": [15, 4, 14, 5], "texture": "#3"}
			}
		},
		{
			"from": [9.95355, 21.75, 10.92678],
			"to": [10.95355, 22.75, 11.92678],
			"rotation": {"angle": -45, "axis": "y", "origin": [11.45355, 22.75, 11.42678]},
			"faces": {
				"north": {"uv": [5, 14, 6, 15], "texture": "#3"},
				"east": {"uv": [14, 5, 15, 6], "texture": "#3"},
				"south": {"uv": [6, 14, 7, 15], "texture": "#3"},
				"west": {"uv": [14, 6, 15, 7], "texture": "#3"},
				"up": {"uv": [8, 15, 7, 14], "texture": "#3"},
				"down": {"uv": [15, 7, 14, 8], "texture": "#3"}
			}
		},
		{
			"from": [10.69645, 15.75, 5.10178],
			"to": [11.94645, 17.5, 5.35178],
			"rotation": {"angle": 45, "axis": "y", "origin": [10.69645, 16.75, 5.10178]},
			"faces": {
				"north": {"uv": [4, 9, 5, 11], "texture": "#3"},
				"east": {"uv": [9, 4, 10, 6], "texture": "#3"},
				"south": {"uv": [9, 6, 10, 8], "texture": "#3"},
				"west": {"uv": [9, 8, 10, 10], "texture": "#3"},
				"up": {"uv": [9, 15, 8, 14], "texture": "#3"},
				"down": {"uv": [15, 8, 14, 9], "texture": "#3"}
			}
		},
		{
			"from": [10.69645, 15.75, 10.64822],
			"to": [11.94645, 17.5, 10.89822],
			"rotation": {"angle": -45, "axis": "y", "origin": [10.69645, 16.75, 10.89822]},
			"faces": {
				"north": {"uv": [10, 0, 11, 2], "texture": "#3"},
				"east": {"uv": [2, 10, 3, 12], "texture": "#3"},
				"south": {"uv": [10, 2, 11, 4], "texture": "#3"},
				"west": {"uv": [10, 4, 11, 6], "texture": "#3"},
				"up": {"uv": [10, 15, 9, 14], "texture": "#3"},
				"down": {"uv": [15, 9, 14, 10], "texture": "#3"}
			}
		},
		{
			"from": [9.62145, 14, 5.70178],
			"to": [11.37145, 15.75, 5.95178],
			"rotation": {"angle": 45, "axis": "y", "origin": [10.12145, 15, 5.70178]},
			"faces": {
				"north": {"uv": [0, 4, 2, 6], "texture": "#3"},
				"east": {"uv": [5, 10, 6, 12], "texture": "#3"},
				"south": {"uv": [4, 0, 6, 2], "texture": "#3"},
				"west": {"uv": [6, 10, 7, 12], "texture": "#3"},
				"up": {"uv": [12, 7, 10, 6], "texture": "#3"},
				"down": {"uv": [9, 10, 7, 11], "texture": "#3"}
			}
		},
		{
			"from": [9.6, 14, 10],
			"to": [11.35, 15.75, 10.25],
			"rotation": {"angle": -45, "axis": "y", "origin": [10.1, 15, 10.25]},
			"faces": {
				"north": {"uv": [2, 4, 4, 6], "texture": "#3"},
				"east": {"uv": [10, 7, 11, 9], "texture": "#3"},
				"south": {"uv": [4, 2, 6, 4], "texture": "#3"},
				"west": {"uv": [9, 10, 10, 12], "texture": "#3"},
				"up": {"uv": [12, 10, 10, 9], "texture": "#3"},
				"down": {"uv": [12, 10, 10, 11], "texture": "#3"}
			}
		},
		{
			"from": [7, 12.5, 7],
			"to": [9, 14.5, 9],
			"rotation": {"angle": 0, "axis": "y", "origin": [7, 12.5, 7]},
			"faces": {
				"north": {"uv": [0, 0, 2, 2], "texture": "#4"},
				"east": {"uv": [0, 2, 2, 4], "texture": "#4"},
				"south": {"uv": [2, 0, 4, 2], "texture": "#4"},
				"west": {"uv": [2, 2, 4, 4], "texture": "#4"},
				"up": {"uv": [2, 6, 0, 4], "texture": "#4"},
				"down": {"uv": [6, 0, 4, 2], "texture": "#4"}
			}
		},
		{
			"from": [5.5, 14, 7.5],
			"to": [5.5, 16, 8.25],
			"rotation": {"angle": 22.5, "axis": "z", "origin": [5.5, 14.5, 8]},
			"faces": {
				"north": {"uv": [0, 0, 0, 2], "texture": "#4"},
				"east": {"uv": [6, 5, 7, 7], "texture": "#4"},
				"south": {"uv": [0, 0, 0, 2], "texture": "#4"},
				"west": {"uv": [7, 0, 8, 2], "texture": "#4"},
				"up": {"uv": [0, 1, 0, 0], "texture": "#4"},
				"down": {"uv": [0, 0, 0, 1], "texture": "#4"}
			}
		},
		{
			"from": [5.75, 14, 9],
			"to": [5.75, 16, 9.75],
			"rotation": {"angle": 22.5, "axis": "z", "origin": [5.75, 14.5, 9.5]},
			"faces": {
				"north": {"uv": [0, 0, 0, 2], "texture": "#4"},
				"east": {"uv": [2, 7, 3, 9], "texture": "#4"},
				"south": {"uv": [0, 0, 0, 2], "texture": "#4"},
				"west": {"uv": [7, 2, 8, 4], "texture": "#4"},
				"up": {"uv": [0, 1, 0, 0], "texture": "#4"},
				"down": {"uv": [0, 0, 0, 1], "texture": "#4"}
			}
		},
		{
			"from": [10.25, 14, 9],
			"to": [10.25, 16, 9.75],
			"rotation": {"angle": -22.5, "axis": "z", "origin": [10.25, 14.5, 9.5]},
			"faces": {
				"north": {"uv": [0, 0, 0, 2], "texture": "#4"},
				"east": {"uv": [3, 7, 4, 9], "texture": "#4"},
				"south": {"uv": [0, 0, 0, 2], "texture": "#4"},
				"west": {"uv": [7, 4, 8, 6], "texture": "#4"},
				"up": {"uv": [0, 1, 0, 0], "texture": "#4"},
				"down": {"uv": [0, 0, 0, 1], "texture": "#4"}
			}
		},
		{
			"from": [5.75, 14, 6],
			"to": [5.75, 16, 6.75],
			"rotation": {"angle": 22.5, "axis": "z", "origin": [5.75, 14.5, 6.5]},
			"faces": {
				"north": {"uv": [0, 0, 0, 2], "texture": "#4"},
				"east": {"uv": [6, 7, 7, 9], "texture": "#4"},
				"south": {"uv": [0, 0, 0, 2], "texture": "#4"},
				"west": {"uv": [7, 6, 8, 8], "texture": "#4"},
				"up": {"uv": [0, 1, 0, 0], "texture": "#4"},
				"down": {"uv": [0, 0, 0, 1], "texture": "#4"}
			}
		},
		{
			"from": [6.075, 14, 6.575],
			"to": [6.825, 17, 6.575],
			"rotation": {"angle": 45, "axis": "y", "origin": [6.325, 14.5, 6.575]},
			"faces": {
				"north": {"uv": [2, 4, 3, 7], "texture": "#4"},
				"east": {"uv": [0, 0, 0, 3], "texture": "#4"},
				"south": {"uv": [4, 2, 5, 5], "texture": "#4"},
				"west": {"uv": [0, 0, 0, 3], "texture": "#4"},
				"up": {"uv": [1, 0, 0, 0], "texture": "#4"},
				"down": {"uv": [1, 0, 0, 0], "texture": "#4"}
			}
		},
		{
			"from": [9.175, 14, 6.575],
			"to": [9.925, 17, 6.575],
			"rotation": {"angle": -45, "axis": "y", "origin": [9.675, 14.5, 6.575]},
			"faces": {
				"north": {"uv": [3, 4, 4, 7], "texture": "#4"},
				"east": {"uv": [0, 0, 0, 3], "texture": "#4"},
				"south": {"uv": [5, 2, 6, 5], "texture": "#4"},
				"west": {"uv": [0, 0, 0, 3], "texture": "#4"},
				"up": {"uv": [1, 0, 0, 0], "texture": "#4"},
				"down": {"uv": [1, 0, 0, 0], "texture": "#4"}
			}
		},
		{
			"from": [9.175, 14, 9.425],
			"to": [9.925, 17, 9.425],
			"rotation": {"angle": 45, "axis": "y", "origin": [9.675, 14.5, 9.425]},
			"faces": {
				"north": {"uv": [4, 5, 5, 8], "texture": "#4"},
				"east": {"uv": [0, 0, 0, 3], "texture": "#4"},
				"south": {"uv": [5, 5, 6, 8], "texture": "#4"},
				"west": {"uv": [0, 0, 0, 3], "texture": "#4"},
				"up": {"uv": [1, 0, 0, 0], "texture": "#4"},
				"down": {"uv": [1, 0, 0, 0], "texture": "#4"}
			}
		},
		{
			"from": [6.075, 14, 9.425],
			"to": [6.825, 17, 9.425],
			"rotation": {"angle": -45, "axis": "y", "origin": [6.325, 14.5, 9.425]},
			"faces": {
				"north": {"uv": [0, 6, 1, 9], "texture": "#4"},
				"east": {"uv": [0, 0, 0, 3], "texture": "#4"},
				"south": {"uv": [6, 0, 7, 3], "texture": "#4"},
				"west": {"uv": [0, 0, 0, 3], "texture": "#4"},
				"up": {"uv": [1, 0, 0, 0], "texture": "#4"},
				"down": {"uv": [1, 0, 0, 0], "texture": "#4"}
			}
		},
		{
			"from": [10.25, 14, 6],
			"to": [10.25, 16, 6.75],
			"rotation": {"angle": -22.5, "axis": "z", "origin": [10.25, 14.5, 6.5]},
			"faces": {
				"north": {"uv": [0, 0, 0, 2], "texture": "#4"},
				"east": {"uv": [8, 0, 9, 2], "texture": "#4"},
				"south": {"uv": [0, 0, 0, 2], "texture": "#4"},
				"west": {"uv": [1, 8, 2, 10], "texture": "#4"},
				"up": {"uv": [0, 1, 0, 0], "texture": "#4"},
				"down": {"uv": [0, 0, 0, 1], "texture": "#4"}
			}
		},
		{
			"from": [10.5, 14, 7.5],
			"to": [10.5, 16, 8.25],
			"rotation": {"angle": -22.5, "axis": "z", "origin": [10.5, 14.5, 8]},
			"faces": {
				"north": {"uv": [0, 0, 0, 2], "texture": "#4"},
				"east": {"uv": [8, 2, 9, 4], "texture": "#4"},
				"south": {"uv": [0, 0, 0, 2], "texture": "#4"},
				"west": {"uv": [4, 8, 5, 10], "texture": "#4"},
				"up": {"uv": [0, 1, 0, 0], "texture": "#4"},
				"down": {"uv": [0, 0, 0, 1], "texture": "#4"}
			}
		},
		{
			"from": [9.5, 14.25, 7.1],
			"to": [9.5, 15.75, 7.85],
			"rotation": {"angle": -22.5, "axis": "z", "origin": [9.5, 14.5, 7.6]},
			"faces": {
				"north": {"uv": [0, 0, 0, 2], "texture": "#4"},
				"east": {"uv": [8, 4, 9, 6], "texture": "#4"},
				"south": {"uv": [0, 0, 0, 2], "texture": "#4"},
				"west": {"uv": [5, 8, 6, 10], "texture": "#4"},
				"up": {"uv": [0, 1, 0, 0], "texture": "#4"},
				"down": {"uv": [0, 0, 0, 1], "texture": "#4"}
			}
		},
		{
			"from": [6.5, 14.25, 7.1],
			"to": [6.5, 15.75, 7.85],
			"rotation": {"angle": 22.5, "axis": "z", "origin": [6.5, 14.5, 7.6]},
			"faces": {
				"north": {"uv": [0, 0, 0, 2], "texture": "#4"},
				"east": {"uv": [8, 6, 9, 8], "texture": "#4"},
				"south": {"uv": [0, 0, 0, 2], "texture": "#4"},
				"west": {"uv": [7, 8, 8, 10], "texture": "#4"},
				"up": {"uv": [0, 1, 0, 0], "texture": "#4"},
				"down": {"uv": [0, 0, 0, 1], "texture": "#4"}
			}
		},
		{
			"from": [9.5, 14.25, 8.1],
			"to": [9.5, 15.75, 8.85],
			"rotation": {"angle": -22.5, "axis": "z", "origin": [9.5, 14.5, 8.6]},
			"faces": {
				"north": {"uv": [0, 0, 0, 2], "texture": "#4"},
				"east": {"uv": [8, 8, 9, 10], "texture": "#4"},
				"south": {"uv": [0, 0, 0, 2], "texture": "#4"},
				"west": {"uv": [0, 9, 1, 11], "texture": "#4"},
				"up": {"uv": [0, 1, 0, 0], "texture": "#4"},
				"down": {"uv": [0, 0, 0, 1], "texture": "#4"}
			}
		},
		{
			"from": [6.5, 14.25, 8.1],
			"to": [6.5, 15.75, 8.85],
			"rotation": {"angle": 22.5, "axis": "z", "origin": [6.5, 14.5, 8.6]},
			"faces": {
				"north": {"uv": [0, 0, 0, 2], "texture": "#4"},
				"east": {"uv": [9, 0, 10, 2], "texture": "#4"},
				"south": {"uv": [0, 0, 0, 2], "texture": "#4"},
				"west": {"uv": [2, 9, 3, 11], "texture": "#4"},
				"up": {"uv": [0, 1, 0, 0], "texture": "#4"},
				"down": {"uv": [0, 0, 0, 1], "texture": "#4"}
			}
		},
		{
			"from": [8.1, 14.25, 6.525],
			"to": [8.85, 15.75, 6.525],
			"rotation": {"angle": -22.5, "axis": "x", "origin": [8.35, 14.5, 6.525]},
			"faces": {
				"north": {"uv": [9, 2, 10, 4], "texture": "#4"},
				"east": {"uv": [0, 0, 0, 2], "texture": "#4"},
				"south": {"uv": [3, 9, 4, 11], "texture": "#4"},
				"west": {"uv": [0, 0, 0, 2], "texture": "#4"},
				"up": {"uv": [1, 0, 0, 0], "texture": "#4"},
				"down": {"uv": [1, 0, 0, 0], "texture": "#4"}
			}
		},
		{
			"from": [8.1, 14.25, 9.525],
			"to": [8.85, 15.75, 9.525],
			"rotation": {"angle": 22.5, "axis": "x", "origin": [8.35, 14.5, 9.525]},
			"faces": {
				"north": {"uv": [9, 4, 10, 6], "texture": "#4"},
				"east": {"uv": [0, 0, 0, 2], "texture": "#4"},
				"south": {"uv": [6, 9, 7, 11], "texture": "#4"},
				"west": {"uv": [0, 0, 0, 2], "texture": "#4"},
				"up": {"uv": [1, 0, 0, 0], "texture": "#4"},
				"down": {"uv": [1, 0, 0, 0], "texture": "#4"}
			}
		},
		{
			"from": [7.1, 14.25, 6.525],
			"to": [7.85, 15.75, 6.525],
			"rotation": {"angle": -22.5, "axis": "x", "origin": [7.35, 14.5, 6.525]},
			"faces": {
				"north": {"uv": [9, 6, 10, 8], "texture": "#4"},
				"east": {"uv": [0, 0, 0, 2], "texture": "#4"},
				"south": {"uv": [9, 8, 10, 10], "texture": "#4"},
				"west": {"uv": [0, 0, 0, 2], "texture": "#4"},
				"up": {"uv": [1, 0, 0, 0], "texture": "#4"},
				"down": {"uv": [1, 0, 0, 0], "texture": "#4"}
			}
		},
		{
			"from": [7.1, 14.25, 9.525],
			"to": [7.85, 15.75, 9.525],
			"rotation": {"angle": 22.5, "axis": "x", "origin": [7.35, 14.5, 9.525]},
			"faces": {
				"north": {"uv": [10, 0, 11, 2], "texture": "#4"},
				"east": {"uv": [0, 0, 0, 2], "texture": "#4"},
				"south": {"uv": [1, 10, 2, 12], "texture": "#4"},
				"west": {"uv": [0, 0, 0, 2], "texture": "#4"},
				"up": {"uv": [1, 0, 0, 0], "texture": "#4"},
				"down": {"uv": [1, 0, 0, 0], "texture": "#4"}
			}
		},
		{
			"from": [7.625, 14, 10.55866],
			"to": [8.375, 16, 10.55866],
			"rotation": {"angle": 22.5, "axis": "x", "origin": [8.125, 14.5, 10.55866]},
			"faces": {
				"north": {"uv": [10, 2, 11, 4], "texture": "#4"},
				"east": {"uv": [0, 0, 0, 2], "texture": "#4"},
				"south": {"uv": [4, 10, 5, 12], "texture": "#4"},
				"west": {"uv": [0, 0, 0, 2], "texture": "#4"},
				"up": {"uv": [1, 0, 0, 0], "texture": "#4"},
				"down": {"uv": [1, 0, 0, 0], "texture": "#4"}
			}
		},
		{
			"from": [9.125, 14, 5.69134],
			"to": [9.875, 16, 5.69134],
			"rotation": {"angle": -22.5, "axis": "x", "origin": [9.375, 14.5, 5.69134]},
			"faces": {
				"north": {"uv": [10, 4, 11, 6], "texture": "#4"},
				"east": {"uv": [0, 0, 0, 2], "texture": "#4"},
				"south": {"uv": [5, 10, 6, 12], "texture": "#4"},
				"west": {"uv": [0, 0, 0, 2], "texture": "#4"},
				"up": {"uv": [1, 0, 0, 0], "texture": "#4"},
				"down": {"uv": [1, 0, 0, 0], "texture": "#4"}
			}
		},
		{
			"from": [9.125, 14, 10.30866],
			"to": [9.875, 16, 10.30866],
			"rotation": {"angle": 22.5, "axis": "x", "origin": [9.375, 14.5, 10.30866]},
			"faces": {
				"north": {"uv": [10, 6, 11, 8], "texture": "#4"},
				"east": {"uv": [0, 0, 0, 2], "texture": "#4"},
				"south": {"uv": [7, 10, 8, 12], "texture": "#4"},
				"west": {"uv": [0, 0, 0, 2], "texture": "#4"},
				"up": {"uv": [1, 0, 0, 0], "texture": "#4"},
				"down": {"uv": [1, 0, 0, 0], "texture": "#4"}
			}
		},
		{
			"from": [6.125, 14, 5.69134],
			"to": [6.875, 16, 5.69134],
			"rotation": {"angle": -22.5, "axis": "x", "origin": [6.375, 14.5, 5.69134]},
			"faces": {
				"north": {"uv": [8, 10, 9, 12], "texture": "#4"},
				"east": {"uv": [0, 0, 0, 2], "texture": "#4"},
				"south": {"uv": [10, 8, 11, 10], "texture": "#4"},
				"west": {"uv": [0, 0, 0, 2], "texture": "#4"},
				"up": {"uv": [1, 0, 0, 0], "texture": "#4"},
				"down": {"uv": [1, 0, 0, 0], "texture": "#4"}
			}
		},
		{
			"from": [6.125, 14, 10.30866],
			"to": [6.875, 16, 10.30866],
			"rotation": {"angle": 22.5, "axis": "x", "origin": [6.375, 14.5, 10.30866]},
			"faces": {
				"north": {"uv": [1, 6, 2, 8], "texture": "#4"},
				"east": {"uv": [0, 0, 0, 2], "texture": "#4"},
				"south": {"uv": [6, 3, 7, 5], "texture": "#4"},
				"west": {"uv": [0, 0, 0, 2], "texture": "#4"},
				"up": {"uv": [1, 0, 0, 0], "texture": "#4"},
				"down": {"uv": [1, 0, 0, 0], "texture": "#4"}
			}
		},
		{
			"from": [7.625, 14, 5.44134],
			"to": [8.375, 16, 5.44134],
			"rotation": {"angle": -22.5, "axis": "x", "origin": [7.875, 14.5, 5.44134]},
			"faces": {
				"north": {"uv": [9, 10, 10, 12], "texture": "#4"},
				"east": {"uv": [0, 0, 0, 2], "texture": "#4"},
				"south": {"uv": [10, 10, 11, 12], "texture": "#4"},
				"west": {"uv": [0, 0, 0, 2], "texture": "#4"},
				"up": {"uv": [1, 0, 0, 0], "texture": "#4"},
				"down": {"uv": [1, 0, 0, 0], "texture": "#4"}
			}
		}
	],
	"display": {
		"thirdperson_righthand": {
			"translation": [0, 2, 1.5],
			"scale": [0.44922, 0.39648, 0.44141]
		},
		"thirdperson_lefthand": {
			"translation": [0, 2.75, 1.5],
			"scale": [0.44336, 0.43555, 0.45508]
		},
		"firstperson_righthand": {
			"translation": [0, 1.75, 0.25],
			"scale": [0.58008, 0.58984, 0.45898]
		},
		"firstperson_lefthand": {
			"translation": [1.5, 0.25, -3],
			"scale": [0.74023, 0.74805, 0.65625]
		},
		"ground": {
			"scale": [0.86719, 0.72852, 0.80273]
		},
		"gui": {
			"translation": [0, -2.25, 0],
			"scale": [0.92773, 0.68164, 1]
		},
		"head": {
			"rotation": [-3.52, -0.04, 0.48],
			"translation": [-0.25, 1.75, 0],
			"scale": [1, 0.75586, 0.96875]
		},
		"fixed": {
			"rotation": [-90.5, 0, 0],
			"translation": [0, 0, 8.25]
		}
	},
	"groups": [
		{
			"name": "Стебель",
			"origin": [7, 2, 7],
			"color": 0,
			"children": [0, 1, 2]
		},
		{
			"name": "Цветок",
			"origin": [0, 0, 0],
			"color": 0,
			"children": [3, 4, 5, 6, 7, 8, 9, 10, 11, 12, 13, 14, 15, 16, 17, 18, 19, 20, 21, 22, 23, 24, 25, 26]
		},
		{
			"name": "group",
			"origin": [11.45355, 22.75, 11.42678],
			"color": 0,
			"children": [27, 28, 29, 30, 31, 32, 33, 34, 35, 36, 37, 38, 39, 40, 41, 42, 43, 44, 45, 46, 47, 48, 49, 50, 51]
		}
	]
}