{
  "parent": "minecraft:item/generated",
  "textures": {
    "layer0": "minecraft:item/clay_ball"
  }, 
  "overrides": [
    	{ "predicate": { "custom_model_data": 1 }, "model": "nerova:item/meat/euvia" },
    	{ "predicate": { "custom_model_data": 2 }, "model": "nerova:item/meat/neirana" },
	{ "predicate": { "custom_model_data": 3 }, "model": "nerova:item/meat/areal" },
	{ "predicate": { "custom_model_data": 4 }, "model": "nerova:item/meat/morajk" },
	{ "predicate": { "custom_model_data": 5 }, "model": "nerova:item/meat/macalue" },
	{ "predicate": { "custom_model_data": 6 }, "model": "nerova:item/meat/thunderstepper" },
    	{ "predicate": { "custom_model_data": 7 }, "model": "nerova:item/meat/stepper" },
	{ "predicate": { "custom_model_data": 8 }, "model": "nerova:item/meat/sandtaker" },
	{ "predicate": { "custom_model_data": 9 }, "model": "nerova:item/meat/pentepus" },
	{ "predicate": { "custom_model_data": 10 }, "model": "nerova:item/meat/mushbringer" },
	{ "predicate": { "custom_model_data": 11 }, "model": "nerova:item/meat/aethian" },
	
    	{ "predicate": { "custom_model_data": 301 }, "model": "nerova:item/meat/euvia_salted" },
	{ "predicate": { "custom_model_data": 302 }, "model": "nerova:item/meat/neirana_salted" },
    	{ "predicate": { "custom_model_data": 303 }, "model": "nerova:item/meat/areal_salted" },
    	{ "predicate": { "custom_model_data": 304 }, "model": "nerova:item/meat/morajk_salted" },
    	{ "predicate": { "custom_model_data": 305 }, "model": "nerova:item/meat/macalue_salted" },
    	{ "predicate": { "custom_model_data": 306 }, "model": "nerova:item/meat/thunderstepper_salted" },
    	{ "predicate": { "custom_model_data": 307 }, "model": "nerova:item/meat/stepper_salted" },
	{ "predicate": { "custom_model_data": 308 }, "model": "nerova:item/meat/sandtaker_salted" },
	{ "predicate": { "custom_model_data": 309 }, "model": "nerova:item/meat/pentepus_salted" },
	{ "predicate": { "custom_model_data": 310 }, "model": "nerova:item/meat/mushbringer_salted" },
	{ "predicate": { "custom_model_data": 311 }, "model": "nerova:item/meat/aethian_salted" },
	
	{ "predicate": { "custom_model_data": 601 }, "model": "nerova:item/meat/euvia_fried" },
	{ "predicate": { "custom_model_data": 602 }, "model": "nerova:item/meat/neirana_fried" },
    	{ "predicate": { "custom_model_data": 603 }, "model": "nerova:item/meat/areal_fried" },
    	{ "predicate": { "custom_model_data": 604 }, "model": "nerova:item/meat/morajk_fried" },
    	{ "predicate": { "custom_model_data": 605 }, "model": "nerova:item/meat/macalue_fried" },
    	{ "predicate": { "custom_model_data": 606 }, "model": "nerova:item/meat/thunderstepper_fried" },
    	{ "predicate": { "custom_model_data": 607 }, "model": "nerova:item/meat/stepper_fried" },
	{ "predicate": { "custom_model_data": 608 }, "model": "nerova:item/meat/sandtaker_fried"},
	{ "predicate": { "custom_model_data": 609 }, "model": "nerova:item/meat/pentepus_fried" },
	{ "predicate": { "custom_model_data": 610 }, "model": "nerova:item/meat/mushbringer_fried" },
	{ "predicate": { "custom_model_data": 611 }, "model": "nerova:item/meat/aethian_fried" },
	
	{ "predicate": { "custom_model_data": 1001 }, "model": "nerova:item/organs/liver" },
    	{ "predicate": { "custom_model_data": 1002 }, "model": "nerova:item/organs/stomach" },
    	{ "predicate": { "custom_model_data": 1003 }, "model": "nerova:item/organs/heart" },
    	{ "predicate": { "custom_model_data": 1004 }, "model": "nerova:item/organs/lungs" },
    	{ "predicate": { "custom_model_data": 1005 }, "model": "nerova:item/organs/brain" },
   	{ "predicate": { "custom_model_data": 1006 }, "model": "nerova:item/organs/intestine" },
    	{ "predicate": { "custom_model_data": 1007 }, "model": "nerova:item/organs/opys" },
	
	{ "predicate": { "custom_model_data": 1301 }, "model": "nerova:item/organs/liver_salted" },
   	{ "predicate": { "custom_model_data": 1302 }, "model": "nerova:item/organs/stomach_salted" },
   	{ "predicate": { "custom_model_data": 1303 }, "model": "nerova:item/organs/heart_salted" },
    	{ "predicate": { "custom_model_data": 1304 }, "model": "nerova:item/organs/lungs_salted" },
   	{ "predicate": { "custom_model_data": 1305 }, "model": "nerova:item/organs/brain_salted" },
    	{ "predicate": { "custom_model_data": 1306 }, "model": "nerova:item/organs/intestine_salted" },
    	{ "predicate": { "custom_model_data": 1307 }, "model": "nerova:item/organs/opys_salted" },
	
	{ "predicate": { "custom_model_data": 2001 }, "model": "nerova:item/food/whiteterry" },
	{ "predicate": { "custom_model_data": 2002 }, "model": "nerova:item/food/blackterry" },
	{ "predicate": { "custom_model_data": 2003 }, "model": "nerova:item/food/lateg" },
	{ "predicate": { "custom_model_data": 2004 }, "model": "nerova:item/food/atava" },
	{ "predicate": { "custom_model_data": 2005 }, "model": "nerova:item/food/berries" },
	{ "predicate": { "custom_model_data": 2006 }, "model": "nerova:item/food/nightgreen" },
	{ "predicate": { "custom_model_data": 2007 }, "model": "nerova:item/food/kaefbe" },
	{ "predicate": { "custom_model_data": 2008 }, "model": "nerova:item/food/voloniy" },
	{ "predicate": { "custom_model_data": 2009 }, "model": "nerova:item/food/seapod" },
	{ "predicate": { "custom_model_data": 2010 }, "model": "nerova:item/food/forfruit" },
	{ "predicate": { "custom_model_data": 2011 }, "model": "nerova:item/food/woodfruit" },
	{ "predicate": { "custom_model_data": 2012 }, "model": "nerova:item/food/pramfruit" },
	
	{ "predicate": { "custom_model_data": 3001 }, "model": "nerova:item/food/dna" },
	{ "predicate": { "custom_model_data": 3002 }, "model": "nerova:item/salt" }
  ]
}