{
	"format_version": "1.9.0",
	"credit": "Made with Blockbench",
	"texture_size": [64, 64],
	"textures": {
		"4": "neirana_pattern_b",
		"particle": "block/nairanaT"
	},
	"elements": [
		{
			"name": "Голова",
			"from": [-1.0048, 6.77133, -12.975],
			"to": [7.9952, 16.77133, -3.975],
			"rotation": {"angle": 45, "axis": "z", "origin": [8, 10.975, -8.7]},
			"faces": {
				"north": {"uv": [0, 4.5, 2.5, 2.25], "rotation": 90, "texture": "#4"},
				"east": {"uv": [2.5, 2.5, 4.75, 0], "texture": "#4"},
				"south": {"uv": [0, 2.25, 2.5, 0], "rotation": 270, "texture": "#4"},
				"west": {"uv": [2.5, 2.5, 4.75, 5], "rotation": 180, "texture": "#4"},
				"up": {"uv": [4.75, 5.5, 7, 3.25], "rotation": 270, "texture": "#4"},
				"down": {"uv": [1.75, 7.25, 4, 5], "rotation": 270, "texture": "#4"}
			}
		},
		{
			"name": "Туловище-Хвост",
			"from": [4.675, -0.35, -1.325],
			"to": [10.675, 6.35, 11.675],
			"rotation": {"angle": 22.5, "axis": "z", "origin": [6.675, 2.75, 2.925]},
			"faces": {
				"north": {"uv": [9.25, 11.5, 10.875, 10], "rotation": 90, "texture": "#4"},
				"east": {"uv": [1.625, 4.5, 0, 7.75], "rotation": 270, "texture": "#4"},
				"south": {"uv": [10.5, 9.25, 12.125, 7.75], "rotation": 270, "texture": "#4"},
				"west": {"uv": [6.375, 3.25, 4.75, 0], "rotation": 270, "texture": "#4"},
				"up": {"uv": [4, 7, 7.25, 5.5], "rotation": 270, "texture": "#4"},
				"down": {"uv": [6.5, 1.5, 9.75, 0], "rotation": 270, "texture": "#4"}
			}
		},
		{
			"name": "Тело",
			"from": [4.03613, -0.2, -7.96811],
			"to": [12.21113, 6.95, 1.03189],
			"rotation": {"angle": 45, "axis": "z", "origin": [6.65, 3.125, -2.05]},
			"faces": {
				"north": {"uv": [9.75, 4.75, 11.5, 2.75], "rotation": 90, "texture": "#4"},
				"east": {"uv": [1.75, 7.75, 0, 10], "rotation": 270, "texture": "#4"},
				"south": {"uv": [5, 12, 6.75, 10], "rotation": 270, "texture": "#4"},
				"west": {"uv": [3.5, 11.5, 1.75, 9.25], "rotation": 270, "texture": "#4"},
				"up": {"uv": [1.75, 9.25, 4, 7.25], "rotation": 270, "texture": "#4"},
				"down": {"uv": [7.25, 7, 9.5, 5], "rotation": 270, "texture": "#4"}
			}
		},
		{
			"name": "ЛевоПлавникКреплАнтена1",
			"from": [10.56546, 9.43004, -11.825],
			"to": [13.06546, 10.85504, -11.1],
			"rotation": {"angle": 0, "axis": "y", "origin": [8, 10.975, -8.7]},
			"faces": {
				"north": {"uv": [14.25, 3.125, 14.625, 2.5], "rotation": 90, "texture": "#4"},
				"east": {"uv": [13.25, 11.875, 13.375, 11.5], "texture": "#4"},
				"south": {"uv": [2.5, 14.875, 2.875, 14.25], "rotation": 270, "texture": "#4"},
				"west": {"uv": [9, 14, 9.125, 14.375], "rotation": 180, "texture": "#4"},
				"up": {"uv": [2.5, 14.125, 2.625, 13.5], "rotation": 270, "texture": "#4"},
				"down": {"uv": [10.75, 14.125, 10.875, 13.5], "rotation": 270, "texture": "#4"}
			}
		},
		{
			"name": "ЛевоПлавникКреплАнтена2",
			"from": [7.70554, 9.33984, -11.925],
			"to": [10.70554, 11.33984, -11],
			"rotation": {"angle": 0, "axis": "y", "origin": [8, 10.975, -8.7]},
			"faces": {
				"north": {"uv": [10.5, 10, 11, 9.25], "rotation": 90, "texture": "#4"},
				"east": {"uv": [2.25, 5, 2.5, 4.5], "texture": "#4"},
				"south": {"uv": [3.5, 10, 4, 9.25], "rotation": 270, "texture": "#4"},
				"west": {"uv": [4.5, 5, 4.75, 5.5], "rotation": 180, "texture": "#4"},
				"up": {"uv": [1.5, 10.75, 1.75, 10], "rotation": 270, "texture": "#4"},
				"down": {"uv": [1.5, 11.5, 1.75, 10.75], "rotation": 270, "texture": "#4"}
			}
		},
		{
			"from": [6.69257, 4.82474, -11.475],
			"to": [17.26757, 10.19974, -11.475],
			"rotation": {"angle": 22.5, "axis": "z", "origin": [8, 10.975, -8.7]},
			"faces": {
				"north": {"uv": [9.75, 2.625, 11.125, 0], "rotation": 90, "texture": "#4"},
				"east": {"uv": [0, 1.375, 0, 0], "texture": "#4"},
				"south": {"uv": [9.5, 7.625, 10.875, 5], "rotation": 270, "texture": "#4"},
				"west": {"uv": [0, 0, 0, 1.375], "rotation": 180, "texture": "#4"},
				"up": {"uv": [0, 2.625, 0, 0], "rotation": 270, "texture": "#4"},
				"down": {"uv": [0, 2.625, 0, 0], "rotation": 270, "texture": "#4"}
			}
		},
		{
			"from": [6.69258, 4.82475, -5.475],
			"to": [17.26758, 10.19975, -5.475],
			"rotation": {"angle": 22.5, "axis": "z", "origin": [8, 10.975, -8.7]},
			"faces": {
				"north": {"uv": [3.5, 12.625, 4.875, 10], "rotation": 90, "texture": "#4"},
				"east": {"uv": [0, 1.375, 0, 0], "texture": "#4"},
				"south": {"uv": [0, 12.625, 1.375, 10], "rotation": 270, "texture": "#4"},
				"west": {"uv": [0, 0, 0, 1.375], "rotation": 180, "texture": "#4"},
				"up": {"uv": [0, 2.625, 0, 0], "rotation": 270, "texture": "#4"},
				"down": {"uv": [0, 2.625, 0, 0], "rotation": 270, "texture": "#4"}
			}
		},
		{
			"name": "ПравоПлавникКреплАнтена2",
			"from": [7.70555, 9.33984, -5.95],
			"to": [10.70555, 11.33984, -5.025],
			"rotation": {"angle": 0, "axis": "y", "origin": [8, 10.975, -8.7]},
			"faces": {
				"north": {"uv": [4.25, 14.75, 4.75, 14], "rotation": 90, "texture": "#4"},
				"east": {"uv": [7, 5.5, 7.25, 5], "texture": "#4"},
				"south": {"uv": [1, 14.75, 1.5, 14], "rotation": 270, "texture": "#4"},
				"west": {"uv": [11.25, 1.5, 11.5, 2], "rotation": 180, "texture": "#4"},
				"up": {"uv": [11.25, 0.75, 11.5, 0], "rotation": 270, "texture": "#4"},
				"down": {"uv": [11.25, 1.5, 11.5, 0.75], "rotation": 270, "texture": "#4"}
			}
		},
		{
			"name": "ПравоПлавникКреплАнтена1",
			"from": [10.68921, 9.41237, -5.85],
			"to": [13.18921, 10.83737, -5.125],
			"rotation": {"angle": 0, "axis": "y", "origin": [8, 10.975, -8.7]},
			"faces": {
				"north": {"uv": [10.75, 14.875, 11.125, 14.25], "rotation": 90, "texture": "#4"},
				"east": {"uv": [9.75, 15.125, 9.875, 14.75], "texture": "#4"},
				"south": {"uv": [14.25, 9.875, 14.625, 9.25], "rotation": 270, "texture": "#4"},
				"west": {"uv": [10.25, 14.75, 10.375, 15.125], "rotation": 180, "texture": "#4"},
				"up": {"uv": [4.75, 14.625, 4.875, 14], "rotation": 270, "texture": "#4"},
				"down": {"uv": [10, 15.125, 10.125, 14.5], "rotation": 270, "texture": "#4"}
			}
		},
		{
			"from": [8.825, 6.525, 2.75],
			"to": [12.15, 6.525, 9.25],
			"rotation": {"angle": 0, "axis": "y", "origin": [9.025, 8.525, 4.2]},
			"faces": {
				"north": {"uv": [0, 0.875, 0, 0], "rotation": 90, "texture": "#4"},
				"east": {"uv": [0, 0, 0, 1.625], "rotation": 270, "texture": "#4"},
				"south": {"uv": [0, 0.875, 0, 0], "rotation": 270, "texture": "#4"},
				"west": {"uv": [0, 1.625, 0, 0], "rotation": 270, "texture": "#4"},
				"up": {"uv": [11, 7.375, 12.625, 6.5], "rotation": 270, "texture": "#4"},
				"down": {"uv": [9.25, 12.375, 10.875, 11.5], "rotation": 270, "texture": "#4"}
			}
		},
		{
			"name": "ВерхнийПлавникНачалоПраво",
			"from": [8.38471, 6, 1.76149],
			"to": [10.28471, 6.95, 3.43649],
			"rotation": {"angle": -45, "axis": "y", "origin": [9.725, 4.55, 2.525]},
			"faces": {
				"north": {"uv": [11.25, 2.5, 11.5, 2], "rotation": 90, "texture": "#4"},
				"east": {"uv": [11, 12.5, 10.75, 12.875], "rotation": 270, "texture": "#4"},
				"south": {"uv": [3.25, 12, 3.5, 11.5], "rotation": 270, "texture": "#4"},
				"west": {"uv": [2.75, 13.375, 2.5, 13], "rotation": 270, "texture": "#4"},
				"up": {"uv": [12, 14.75, 12.375, 14.25], "rotation": 270, "texture": "#4"},
				"down": {"uv": [3.75, 15, 4.125, 14.5], "rotation": 270, "texture": "#4"}
			}
		},
		{
			"name": "ВерхнийПлавникСередПраво",
			"from": [9.7506, 6.15, 2.44635],
			"to": [11.0006, 6.8, 4.97135],
			"rotation": {"angle": 22.5, "axis": "y", "origin": [10.85, 4.35, 3.475]},
			"faces": {
				"north": {"uv": [10.5, 15.125, 10.625, 14.75], "rotation": 90, "texture": "#4"},
				"east": {"uv": [6.375, 14.75, 6.25, 15.375], "rotation": 270, "texture": "#4"},
				"south": {"uv": [11.25, 15.125, 11.375, 14.75], "rotation": 270, "texture": "#4"},
				"west": {"uv": [9.375, 15.375, 9.25, 14.75], "rotation": 270, "texture": "#4"},
				"up": {"uv": [11.25, 14.625, 11.875, 14.25], "rotation": 270, "texture": "#4"},
				"down": {"uv": [3, 14.875, 3.625, 14.5], "rotation": 270, "texture": "#4"}
			}
		},
		{
			"name": "ВерхнийПлавникКонецПраво",
			"from": [10.9506, 6.25, 4.72135],
			"to": [11.9506, 6.7, 6.39635],
			"rotation": {"angle": 22.5, "axis": "y", "origin": [11.95, 4.35, 5.75]},
			"faces": {
				"north": {"uv": [12, 7.75, 12.125, 7.5], "rotation": 90, "texture": "#4"},
				"east": {"uv": [11.625, 14.75, 11.5, 15.125], "rotation": 270, "texture": "#4"},
				"south": {"uv": [3.25, 12.75, 3.375, 12.5], "rotation": 270, "texture": "#4"},
				"west": {"uv": [11.875, 15.125, 11.75, 14.75], "rotation": 270, "texture": "#4"},
				"up": {"uv": [14.75, 5.25, 15.125, 5], "rotation": 270, "texture": "#4"},
				"down": {"uv": [5.25, 15, 5.625, 14.75], "rotation": 270, "texture": "#4"}
			}
		},
		{
			"from": [10.275, 2.325, 2.75],
			"to": [13.6, 2.325, 9.25],
			"rotation": {"angle": 0, "axis": "y", "origin": [10.475, 0.325, 4.2]},
			"faces": {
				"north": {"uv": [0, 0.875, 0, 0], "rotation": 90, "texture": "#4"},
				"east": {"uv": [0, 0, 0, 1.625], "rotation": 270, "texture": "#4"},
				"south": {"uv": [0, 0.875, 0, 0], "rotation": 270, "texture": "#4"},
				"west": {"uv": [0, 1.625, 0, 0], "rotation": 270, "texture": "#4"},
				"up": {"uv": [11.5, 11.875, 13.125, 11], "rotation": 270, "texture": "#4"},
				"down": {"uv": [12, 0.875, 13.625, 0], "rotation": 270, "texture": "#4"}
			}
		},
		{
			"name": "ВерхнийПлавникНачалоЛево",
			"from": [9.83471, 1.85, 1.76149],
			"to": [11.73471, 2.8, 3.43649],
			"rotation": {"angle": -45, "axis": "y", "origin": [11.175, 4.55, 2.525]},
			"faces": {
				"north": {"uv": [3.25, 12.5, 3.5, 12], "rotation": 90, "texture": "#4"},
				"east": {"uv": [11, 13, 10.75, 13.375], "rotation": 270, "texture": "#4"},
				"south": {"uv": [12.5, 3.25, 12.75, 2.75], "rotation": 270, "texture": "#4"},
				"west": {"uv": [4.5, 13.625, 4.25, 13.25], "rotation": 270, "texture": "#4"},
				"up": {"uv": [7.25, 15, 7.625, 14.5], "rotation": 270, "texture": "#4"},
				"down": {"uv": [7.75, 15, 8.125, 14.5], "rotation": 270, "texture": "#4"}
			}
		},
		{
			"name": "ВерхнийПлавникСередЛево",
			"from": [11.2006, 2, 2.44635],
			"to": [12.4506, 2.65, 4.97135],
			"rotation": {"angle": 22.5, "axis": "y", "origin": [12.3, 4.35, 3.475]},
			"faces": {
				"north": {"uv": [12, 15.125, 12.125, 14.75], "rotation": 90, "texture": "#4"},
				"east": {"uv": [14.875, 9.25, 14.75, 9.875], "rotation": 270, "texture": "#4"},
				"south": {"uv": [12.25, 15.125, 12.375, 14.75], "rotation": 270, "texture": "#4"},
				"west": {"uv": [9.625, 15.375, 9.5, 14.75], "rotation": 270, "texture": "#4"},
				"up": {"uv": [14.5, 6.125, 15.125, 5.75], "rotation": 270, "texture": "#4"},
				"down": {"uv": [6.5, 14.875, 7.125, 14.5], "rotation": 270, "texture": "#4"}
			}
		},
		{
			"name": "ВерхнийПлавникКонецЛево",
			"from": [12.4006, 2.1, 4.72135],
			"to": [13.4006, 2.55, 6.39635],
			"rotation": {"angle": 22.5, "axis": "y", "origin": [13.4, 4.35, 5.75]},
			"faces": {
				"north": {"uv": [13.25, 8.5, 13.375, 8.25], "rotation": 90, "texture": "#4"},
				"east": {"uv": [12.625, 14.75, 12.5, 15.125], "rotation": 270, "texture": "#4"},
				"south": {"uv": [13.75, 3.5, 13.875, 3.25], "rotation": 270, "texture": "#4"},
				"west": {"uv": [12.875, 15.125, 12.75, 14.75], "rotation": 270, "texture": "#4"},
				"up": {"uv": [14.75, 5.5, 15.125, 5.25], "rotation": 270, "texture": "#4"},
				"down": {"uv": [14.75, 5.75, 15.125, 5.5], "rotation": 270, "texture": "#4"}
			}
		},
		{
			"name": "антенна-Лево",
			"from": [3.72373, 10.35982, -10.70388],
			"to": [10.72373, 13.35982, -10.70388],
			"rotation": {"angle": 22.5, "axis": "x", "origin": [4.275, 13.15, -7.925]},
			"faces": {
				"north": {"uv": [5.5, 13.75, 6.25, 12], "rotation": 90, "texture": "#4"},
				"east": {"uv": [0, 0.75, 0, 0], "texture": "#4"},
				"south": {"uv": [12, 2.75, 12.75, 1], "rotation": 270, "texture": "#4"},
				"west": {"uv": [0, 0, 0, 0.75], "rotation": 180, "texture": "#4"},
				"up": {"uv": [0, 1.75, 0, 0], "rotation": 270, "texture": "#4"},
				"down": {"uv": [0, 1.75, 0, 0], "rotation": 270, "texture": "#4"}
			}
		},
		{
			"name": "антенна-Право",
			"from": [3.72373, 10.64096, -6.13522],
			"to": [10.72373, 13.64096, -6.13522],
			"rotation": {"angle": -22.5, "axis": "x", "origin": [4.275, 13.125, -8.175]},
			"faces": {
				"north": {"uv": [12.75, 2.75, 12, 1], "rotation": 90, "texture": "#4"},
				"east": {"uv": [0, 0.75, 0, 0], "texture": "#4"},
				"south": {"uv": [6.25, 13.75, 5.5, 12], "rotation": 270, "texture": "#4"},
				"west": {"uv": [0, 0, 0, 0.75], "rotation": 180, "texture": "#4"},
				"up": {"uv": [0, 1.75, 0, 0], "rotation": 270, "texture": "#4"},
				"down": {"uv": [0, 1.75, 0, 0], "rotation": 270, "texture": "#4"}
			}
		},
		{
			"name": "АнтенаШарикЛево",
			"from": [8.975, 12.175, -11.4],
			"to": [10.65, 13.775, -9.825],
			"rotation": {"angle": 22.5, "axis": "z", "origin": [7.25, 10.225, -8.7]},
			"faces": {
				"north": {"uv": [0.375, 14.75, 0, 15.125], "texture": "#4"},
				"east": {"uv": [14.875, 14.5, 14.5, 14.875], "texture": "#4"},
				"south": {"uv": [14.875, 14, 14.5, 14.375], "texture": "#4"},
				"west": {"uv": [14.375, 14.5, 14, 14.875], "texture": "#4"},
				"up": {"uv": [15.125, 0, 14.75, 0.375], "rotation": 90, "texture": "#4"},
				"down": {"uv": [1.375, 15.125, 1, 14.75], "rotation": 270, "texture": "#4"}
			}
		},
		{
			"name": "АнтенаШарикПраво",
			"from": [8.975, 12.175, -7.075],
			"to": [10.65, 13.775, -5.5],
			"rotation": {"angle": 22.5, "axis": "z", "origin": [7.25, 10.225, -8.95]},
			"faces": {
				"north": {"uv": [15.125, 2, 14.75, 2.375], "texture": "#4"},
				"east": {"uv": [2.375, 14.75, 2, 15.125], "texture": "#4"},
				"south": {"uv": [15.125, 1.5, 14.75, 1.875], "texture": "#4"},
				"west": {"uv": [1.875, 14.75, 1.5, 15.125], "texture": "#4"},
				"up": {"uv": [15.125, 2.5, 14.75, 2.875], "rotation": 90, "texture": "#4"},
				"down": {"uv": [4.625, 15.125, 4.25, 14.75], "rotation": 270, "texture": "#4"}
			}
		},
		{
			"name": "Хвост",
			"from": [3.075, 1.4, 9],
			"to": [10.075, 5.9, 20],
			"rotation": {"angle": -22.5, "axis": "x", "origin": [5.45, 3.4, 13.25]},
			"faces": {
				"north": {"uv": [11, 6.5, 12.125, 4.75], "rotation": 90, "texture": "#4"},
				"east": {"uv": [7.875, 10, 6.75, 12.75], "rotation": 270, "texture": "#4"},
				"south": {"uv": [11, 11, 12.125, 9.25], "rotation": 270, "texture": "#4"},
				"west": {"uv": [9.125, 12.75, 8, 10], "rotation": 270, "texture": "#4"},
				"up": {"uv": [6.5, 3.25, 9.25, 1.5], "rotation": 270, "texture": "#4"},
				"down": {"uv": [7, 5, 9.75, 3.25], "rotation": 270, "texture": "#4"}
			}
		},
		{
			"name": "ХвостВерхн-конец",
			"from": [0.69497, 4.25, 18.98218],
			"to": [5.69497, 6.4, 31.98218],
			"rotation": {"angle": 22.5, "axis": "y", "origin": [5.275, 5.075, 6.675]},
			"faces": {
				"north": {"uv": [0.5, 14, 1, 12.75], "rotation": 90, "texture": "#4"},
				"east": {"uv": [11.5, 11, 11, 14.25], "rotation": 270, "texture": "#4"},
				"south": {"uv": [1, 14, 1.5, 12.75], "rotation": 270, "texture": "#4"},
				"west": {"uv": [12, 3.25, 11.5, 0], "rotation": 270, "texture": "#4"},
				"up": {"uv": [4, 10, 7.25, 8.75], "rotation": 270, "texture": "#4"},
				"down": {"uv": [7.25, 10, 10.5, 8.75], "rotation": 270, "texture": "#4"}
			}
		},
		{
			"name": "Хвост-конец",
			"from": [1.5, 4.225, 18.9],
			"to": [8.5, 6.425, 29.9],
			"rotation": {"angle": 0, "axis": "y", "origin": [5.25, 5.075, 6.725]},
			"faces": {
				"north": {"uv": [9.25, 3.25, 9.75, 1.5], "rotation": 90, "texture": "#4"},
				"east": {"uv": [3.25, 11.5, 2.75, 14.25], "rotation": 270, "texture": "#4"},
				"south": {"uv": [6.25, 13.75, 6.75, 12], "rotation": 270, "texture": "#4"},
				"west": {"uv": [5.5, 14.75, 5, 12], "rotation": 270, "texture": "#4"},
				"up": {"uv": [4, 8.75, 6.75, 7], "rotation": 270, "texture": "#4"},
				"down": {"uv": [6.75, 8.75, 9.5, 7], "rotation": 270, "texture": "#4"}
			}
		},
		{
			"name": "ХвостНижнийПереход",
			"from": [1.475, 4.35, 29.65],
			"to": [2.275, 6.3, 31.2],
			"rotation": {"angle": 0, "axis": "y", "origin": [5.25, 5.075, 6.725]},
			"faces": {
				"north": {"uv": [12.75, 4.75, 13.25, 4.5], "rotation": 90, "texture": "#4"},
				"east": {"uv": [8.75, 14.5, 8.25, 14.875], "rotation": 270, "texture": "#4"},
				"south": {"uv": [13.5, 6.5, 14, 6.25], "rotation": 270, "texture": "#4"},
				"west": {"uv": [15, 8.625, 14.5, 8.25], "rotation": 270, "texture": "#4"},
				"up": {"uv": [5.75, 15, 6.125, 14.75], "rotation": 270, "texture": "#4"},
				"down": {"uv": [14.75, 7.25, 15.125, 7], "rotation": 270, "texture": "#4"}
			}
		},
		{
			"name": "ХвостНижнийУгол",
			"from": [-6.87276, 4.375, 26.19271],
			"to": [-2.62276, 6.275, 28.19271],
			"rotation": {"angle": 22.5, "axis": "y", "origin": [5.25, 5.075, 6.725]},
			"faces": {
				"north": {"uv": [13.25, 5.625, 13.75, 4.5], "rotation": 90, "texture": "#4"},
				"east": {"uv": [2.25, 4.5, 1.75, 5], "rotation": 270, "texture": "#4"},
				"south": {"uv": [9.25, 14.375, 9.75, 13.25], "rotation": 270, "texture": "#4"},
				"west": {"uv": [4.5, 5.5, 4, 5], "rotation": 270, "texture": "#4"},
				"up": {"uv": [13.25, 8.125, 13.75, 7], "rotation": 270, "texture": "#4"},
				"down": {"uv": [13.25, 10.375, 13.75, 9.25], "rotation": 270, "texture": "#4"}
			}
		},
		{
			"name": "ХвостПереходВерхний",
			"from": [3.55205, 4.325, 14.62473],
			"to": [5.62705, 6.325, 19.04973],
			"rotation": {"angle": 22.5, "axis": "y", "origin": [5.25, 5.075, 6.725]},
			"faces": {
				"north": {"uv": [12, 3.25, 12.5, 2.75], "rotation": 90, "texture": "#4"},
				"east": {"uv": [10.25, 13.25, 9.75, 14.375], "rotation": 270, "texture": "#4"},
				"south": {"uv": [12.75, 7.5, 13.25, 7], "rotation": 270, "texture": "#4"},
				"west": {"uv": [14, 12.625, 13.5, 11.5], "rotation": 270, "texture": "#4"},
				"up": {"uv": [13.25, 11, 14.375, 10.5], "rotation": 270, "texture": "#4"},
				"down": {"uv": [13.25, 11.5, 14.375, 11], "rotation": 270, "texture": "#4"}
			}
		},
		{
			"name": "ХвостВерхнийУгол",
			"from": [14.57, 4.35, 23.17133],
			"to": [19.895, 6.3, 27.84633],
			"rotation": {"angle": -22.5, "axis": "y", "origin": [5.25, 5.075, 6.725]},
			"faces": {
				"north": {"uv": [10.25, 13.875, 10.75, 12.5], "rotation": 90, "texture": "#4"},
				"east": {"uv": [14, 12.75, 13.5, 13.875], "rotation": 270, "texture": "#4"},
				"south": {"uv": [0, 14.125, 0.5, 12.75], "rotation": 270, "texture": "#4"},
				"west": {"uv": [14.25, 1.125, 13.75, 0], "rotation": 270, "texture": "#4"},
				"up": {"uv": [1.5, 12.875, 2.625, 11.5], "rotation": 270, "texture": "#4"},
				"down": {"uv": [11.5, 4.625, 12.625, 3.25], "rotation": 270, "texture": "#4"}
			}
		},
		{
			"name": "ПереднЛапа-Право",
			"from": [-4.88306, 3.367, -4.475],
			"to": [0.11694, 4.842, -2.475],
			"rotation": {"angle": 0, "axis": "y", "origin": [-0.9, 4.025, -3.475]},
			"faces": {
				"north": {"uv": [15.25, 3.25, 14, 3.625], "texture": "#4"},
				"east": {"uv": [15, 8.75, 14.5, 9.125], "texture": "#4"},
				"south": {"uv": [15, 7.5, 13.75, 7.875], "texture": "#4"},
				"west": {"uv": [9.25, 14.5, 8.75, 14.875], "texture": "#4"},
				"up": {"uv": [13.25, 1, 12.75, 2.25], "rotation": 90, "texture": "#4"},
				"down": {"uv": [13.25, 3.5, 12.75, 2.25], "rotation": 270, "texture": "#4"}
			}
		},
		{
			"name": "ПереднЛапа-Плечо-Право",
			"from": [-0.8321, 4.03922, -4.725],
			"to": [4.1679, 5.81422, -2.725],
			"rotation": {"angle": 22.5, "axis": "z", "origin": [2.875, 4.625, -3.475]},
			"faces": {
				"north": {"uv": [14, 3.5, 12.75, 4], "texture": "#4"},
				"east": {"uv": [13.5, 14, 13, 14.5], "texture": "#4"},
				"south": {"uv": [4.5, 12.75, 3.25, 13.25], "texture": "#4"},
				"west": {"uv": [14.5, 12.5, 14, 13], "texture": "#4"},
				"up": {"uv": [5, 12.75, 4.5, 14], "rotation": 90, "texture": "#4"},
				"down": {"uv": [7.25, 14, 6.75, 12.75], "rotation": 270, "texture": "#4"}
			}
		},
		{
			"name": "ПереднЛапа-Когти-Право",
			"from": [-6.95, 3.25, -5.6],
			"to": [-3.95, 4.25, -1.6],
			"rotation": {"angle": 22.5, "axis": "z", "origin": [-4.45, 3.75, -3.85]},
			"faces": {
				"north": {"uv": [15, 10, 14.25, 10.25], "rotation": 180, "texture": "#4"},
				"east": {"uv": [12, 7.5, 11, 7.75], "rotation": 180, "texture": "#4"},
				"south": {"uv": [10, 14.5, 9.25, 14.75], "rotation": 180, "texture": "#4"},
				"west": {"uv": [10.75, 4.75, 9.75, 5], "rotation": 180, "texture": "#4"},
				"up": {"uv": [13.25, 10.75, 12.25, 10], "rotation": 270, "texture": "#4"},
				"down": {"uv": [13.25, 9.25, 12.25, 10], "rotation": 90, "texture": "#4"}
			}
		},
		{
			"name": "ПереднЛапа-Лево",
			"from": [-2.57545, -0.41837, -15.25],
			"to": [2.42455, 1.05663, -13.25],
			"rotation": {"angle": 0, "axis": "y", "origin": [0.85, 0.2, -14.25]},
			"faces": {
				"north": {"uv": [15.25, 6.25, 14, 6.625], "texture": "#4"},
				"east": {"uv": [15, 11, 14.5, 11.375], "texture": "#4"},
				"south": {"uv": [15.25, 3.75, 14, 4.125], "texture": "#4"},
				"west": {"uv": [15, 10.5, 14.5, 10.875], "texture": "#4"},
				"up": {"uv": [7.75, 12.75, 7.25, 14], "rotation": 90, "texture": "#4"},
				"down": {"uv": [8.25, 14, 7.75, 12.75], "rotation": 270, "texture": "#4"}
			}
		},
		{
			"name": "ПереднЛапа-Плечо-Лево",
			"from": [2.13934, 0.5179, -14.95],
			"to": [3.91434, 5.5179, -12.95],
			"rotation": {"angle": -22.5, "axis": "z", "origin": [2.975, 4.225, -13.95]},
			"faces": {
				"north": {"uv": [12.75, 7, 14, 6.5], "rotation": 270, "texture": "#4"},
				"east": {"uv": [8.75, 12.75, 9.25, 14], "texture": "#4"},
				"south": {"uv": [12.75, 4.5, 14, 4], "rotation": 90, "texture": "#4"},
				"west": {"uv": [8.25, 14, 8.75, 12.75], "rotation": 180, "texture": "#4"},
				"up": {"uv": [13.5, 14.5, 14, 14], "rotation": 90, "texture": "#4"},
				"down": {"uv": [14, 13.5, 14.5, 13], "rotation": 90, "texture": "#4"}
			}
		},
		{
			"name": "ПереднЛапа-Когти-Лево",
			"from": [-4.75, -0.45, -16],
			"to": [-1.75, 0.55, -12],
			"rotation": {"angle": -22.5, "axis": "y", "origin": [-2, 0.05, -13.75]},
			"faces": {
				"north": {"uv": [15.25, 12.75, 14.5, 13], "texture": "#4"},
				"east": {"uv": [14.75, 5.5, 13.75, 5.75], "texture": "#4"},
				"south": {"uv": [15.25, 12.5, 14.5, 12.75], "texture": "#4"},
				"west": {"uv": [13.25, 10.75, 12.25, 11], "texture": "#4"},
				"up": {"uv": [10.25, 12.5, 9.25, 13.25], "rotation": 90, "texture": "#4"},
				"down": {"uv": [13.5, 12.75, 12.5, 12], "rotation": 270, "texture": "#4"}
			}
		},
		{
			"name": "ЗаднЛапа-Право",
			"from": [-0.67163, 4.2, 7.09805],
			"to": [4.32837, 6.2, 8.79805],
			"rotation": {"angle": 22.5, "axis": "y", "origin": [3.1, 5.45, 7.95]},
			"faces": {
				"north": {"uv": [2, 14.25, 1.5, 13], "rotation": 270, "texture": "#4"},
				"east": {"uv": [13, 14.875, 13.5, 14.5], "rotation": 90, "texture": "#4"},
				"south": {"uv": [13, 12.75, 12.5, 14], "rotation": 270, "texture": "#4"},
				"west": {"uv": [14.5, 13.375, 15, 13], "rotation": 270, "texture": "#4"},
				"up": {"uv": [7.75, 14, 6.5, 14.375], "rotation": 180, "texture": "#4"},
				"down": {"uv": [9, 14, 7.75, 14.375], "texture": "#4"}
			}
		},
		{
			"name": "ЗаднЛапа-Бедр-Право",
			"from": [3.37678, 5.775, 6.66244],
			"to": [7.37678, 7.775, 8.66244],
			"rotation": {"angle": 22.5, "axis": "z", "origin": [6.2, 6.775, 7.425]},
			"faces": {
				"north": {"uv": [14.25, 3.25, 13.75, 2.25], "rotation": 270, "texture": "#4"},
				"east": {"uv": [14, 14, 14.5, 13.5], "rotation": 90, "texture": "#4"},
				"south": {"uv": [14.25, 1.25, 13.75, 2.25], "rotation": 270, "texture": "#4"},
				"west": {"uv": [14, 14.5, 14.5, 14], "rotation": 270, "texture": "#4"},
				"up": {"uv": [14.5, 5.75, 13.5, 6.25], "rotation": 180, "texture": "#4"},
				"down": {"uv": [14.5, 8.25, 13.5, 8.75], "texture": "#4"}
			}
		},
		{
			"name": "ЗаднЛапа-Когти-Право",
			"from": [-2, 4.025, 7.1],
			"to": [2, 5.025, 11.1],
			"rotation": {"angle": -22.5, "axis": "z", "origin": [0, 4.775, 8.6]},
			"faces": {
				"north": {"uv": [14.75, 8, 13.75, 8.25], "texture": "#4"},
				"east": {"uv": [15, 6.75, 14, 7], "texture": "#4"},
				"south": {"uv": [15, 4.25, 14, 4.5], "texture": "#4"},
				"west": {"uv": [14.75, 10.25, 13.75, 10.5], "texture": "#4"},
				"up": {"uv": [9.5, 8.75, 10.5, 7.75], "texture": "#4"},
				"down": {"uv": [11.5, 12, 12.5, 13], "texture": "#4"}
			}
		},
		{
			"name": "ЗаднЛапа-Лево",
			"from": [-0.4276, -0.275, 7.04372],
			"to": [4.5724, 1.725, 8.74372],
			"rotation": {"angle": 45, "axis": "y", "origin": [3.575, 0.475, 7.8]},
			"faces": {
				"north": {"uv": [12, 14.25, 11.5, 13], "rotation": 270, "texture": "#4"},
				"east": {"uv": [13.5, 14.875, 14, 14.5], "rotation": 90, "texture": "#4"},
				"south": {"uv": [2.5, 13, 2, 14.25], "rotation": 270, "texture": "#4"},
				"west": {"uv": [14.5, 13.875, 15, 13.5], "rotation": 270, "texture": "#4"},
				"up": {"uv": [15.25, 11.5, 14, 11.875], "rotation": 180, "texture": "#4"},
				"down": {"uv": [15.25, 12, 14, 12.375], "texture": "#4"}
			}
		},
		{
			"name": "ЗаднЛапа-Бедр-Лево",
			"from": [3.75178, -0.875, 6.36244],
			"to": [7.75178, 1.125, 8.36244],
			"rotation": {"angle": 0, "axis": "y", "origin": [6.575, 0.375, 7.125]},
			"faces": {
				"north": {"uv": [6.5, 14.75, 6, 13.75], "rotation": 270, "texture": "#4"},
				"east": {"uv": [0, 14.75, 0.5, 14.25], "rotation": 90, "texture": "#4"},
				"south": {"uv": [6, 13.75, 5.5, 14.75], "rotation": 270, "texture": "#4"},
				"west": {"uv": [14.25, 0.5, 14.75, 0], "rotation": 270, "texture": "#4"},
				"up": {"uv": [14.5, 8.75, 13.5, 9.25], "rotation": 180, "texture": "#4"},
				"down": {"uv": [14.75, 4.5, 13.75, 5], "texture": "#4"}
			}
		},
		{
			"name": "ЗаднЛапа-Когти-Лево",
			"from": [-1.35, -0.45, 8.85],
			"to": [2.65, 0.55, 12.85],
			"rotation": {"angle": 0, "axis": "y", "origin": [0.4, 0.05, 10.1]},
			"faces": {
				"north": {"uv": [15.25, 0.5, 14.25, 0.75], "texture": "#4"},
				"east": {"uv": [15.25, 1.25, 14.25, 1.5], "texture": "#4"},
				"south": {"uv": [15.25, 1, 14.25, 1.25], "texture": "#4"},
				"west": {"uv": [15.25, 0.75, 14.25, 1], "texture": "#4"},
				"up": {"uv": [12.25, 5.75, 13.25, 4.75], "texture": "#4"},
				"down": {"uv": [12.25, 7.5, 13.25, 8.5], "texture": "#4"}
			}
		},
		{
			"name": "СреднПлавн-Плечо-Право",
			"from": [0.13687, 4.575, -1.6744],
			"to": [5.13687, 6.575, 0.3256],
			"rotation": {"angle": 45, "axis": "z", "origin": [3.5, 5.325, -0.75]},
			"faces": {
				"north": {"uv": [12, 14.25, 12.5, 13], "rotation": 90, "texture": "#4"},
				"east": {"uv": [2, 14.25, 1.5, 14.75], "rotation": 270, "texture": "#4"},
				"south": {"uv": [13.25, 2.25, 13.75, 1], "rotation": 270, "texture": "#4"},
				"west": {"uv": [14.75, 2, 14.25, 1.5], "rotation": 270, "texture": "#4"},
				"up": {"uv": [13, 14, 13.5, 12.75], "rotation": 270, "texture": "#4"},
				"down": {"uv": [13.25, 3.5, 13.75, 2.25], "rotation": 270, "texture": "#4"}
			}
		},
		{
			"name": "СреднПлавник-Право",
			"from": [-1.1, 1.85, -1.5],
			"to": [1.9, 3.625, 3.5],
			"rotation": {"angle": 22.5, "axis": "z", "origin": [0.15, 2.875, 3.5]},
			"faces": {
				"north": {"uv": [10.25, 14.75, 10.75, 14], "rotation": 90, "texture": "#4"},
				"east": {"uv": [3.75, 13.25, 3.25, 14.5], "rotation": 270, "texture": "#4"},
				"south": {"uv": [12.5, 14.75, 13, 14], "rotation": 270, "texture": "#4"},
				"west": {"uv": [4.25, 14.5, 3.75, 13.25], "rotation": 270, "texture": "#4"},
				"up": {"uv": [12.25, 6.5, 13.5, 5.75], "rotation": 270, "texture": "#4"},
				"down": {"uv": [12.25, 9.25, 13.5, 8.5], "rotation": 270, "texture": "#4"}
			}
		},
		{
			"name": "СреднПлавн-Серед-Право",
			"from": [-1.1, 1.85, 3.5],
			"to": [0.9, 3.625, 7.5],
			"rotation": {"angle": 22.5, "axis": "z", "origin": [0.15, 2.875, 3.5]},
			"faces": {
				"north": {"uv": [2, 14.75, 2.5, 14.25], "rotation": 90, "texture": "#4"},
				"east": {"uv": [14.25, 9.25, 13.75, 10.25], "rotation": 270, "texture": "#4"},
				"south": {"uv": [14.25, 2.5, 14.75, 2], "rotation": 270, "texture": "#4"},
				"west": {"uv": [1, 15, 0.5, 14], "rotation": 270, "texture": "#4"},
				"up": {"uv": [13.75, 5.5, 14.75, 5], "rotation": 270, "texture": "#4"},
				"down": {"uv": [13.75, 7.5, 14.75, 7], "rotation": 270, "texture": "#4"}
			}
		},
		{
			"name": "СреднПлавн-Кончик-Право",
			"from": [-1.1, 1.85, 7.5],
			"to": [-0.1, 3.625, 8.5],
			"rotation": {"angle": 22.5, "axis": "z", "origin": [0.15, 2.875, 3.5]},
			"faces": {
				"north": {"uv": [14.75, 3.25, 15.25, 3], "rotation": 90, "texture": "#4"},
				"east": {"uv": [5.25, 14.75, 4.75, 15], "rotation": 270, "texture": "#4"},
				"south": {"uv": [14.75, 4.75, 15.25, 4.5], "rotation": 270, "texture": "#4"},
				"west": {"uv": [15.25, 5, 14.75, 4.75], "rotation": 270, "texture": "#4"},
				"up": {"uv": [10.75, 5, 11, 4.75], "rotation": 270, "texture": "#4"},
				"down": {"uv": [11.25, 2.75, 11.5, 2.5], "rotation": 270, "texture": "#4"}
			}
		},
		{
			"name": "СреднПлавник-Лево",
			"from": [3.95, -1, -3.3],
			"to": [6.95, 0.775, 1.7],
			"rotation": {"angle": -22.5, "axis": "y", "origin": [5.2, -0.25, 1.7]},
			"faces": {
				"north": {"uv": [10.25, 14.75, 10.75, 14], "rotation": 90, "texture": "#4"},
				"east": {"uv": [3.25, 14.5, 3.75, 13.25], "rotation": 270, "texture": "#4"},
				"south": {"uv": [12.5, 14.75, 13, 14], "rotation": 270, "texture": "#4"},
				"west": {"uv": [3.75, 14.5, 4.25, 13.25], "rotation": 270, "texture": "#4"},
				"up": {"uv": [12.25, 9.25, 13.5, 8.5], "rotation": 270, "texture": "#4"},
				"down": {"uv": [12.25, 6.5, 13.5, 5.75], "rotation": 270, "texture": "#4"}
			}
		},
		{
			"name": "СреднПлавн-Серед-Лево",
			"from": [3.95, -1, 1.7],
			"to": [5.95, 0.775, 5.7],
			"rotation": {"angle": -22.5, "axis": "y", "origin": [5.2, -0.25, 1.7]},
			"faces": {
				"north": {"uv": [2, 14.75, 2.5, 14.25], "rotation": 90, "texture": "#4"},
				"east": {"uv": [13.75, 10.25, 14.25, 9.25], "rotation": 270, "texture": "#4"},
				"south": {"uv": [14.25, 2.5, 14.75, 2], "rotation": 270, "texture": "#4"},
				"west": {"uv": [0.5, 15, 1, 14], "rotation": 270, "texture": "#4"},
				"up": {"uv": [13.75, 7.5, 14.75, 7], "rotation": 270, "texture": "#4"},
				"down": {"uv": [13.75, 5.5, 14.75, 5], "rotation": 270, "texture": "#4"}
			}
		},
		{
			"name": "СреднПлавн-Кончик-Лево",
			"from": [3.95, -1, 5.7],
			"to": [4.95, 0.775, 6.7],
			"rotation": {"angle": -22.5, "axis": "y", "origin": [5.2, -0.25, 1.7]},
			"faces": {
				"north": {"uv": [14.75, 3.25, 15.25, 3], "rotation": 90, "texture": "#4"},
				"east": {"uv": [4.75, 15, 5.25, 14.75], "rotation": 270, "texture": "#4"},
				"south": {"uv": [14.75, 4.75, 15.25, 4.5], "rotation": 270, "texture": "#4"},
				"west": {"uv": [14.75, 5, 15.25, 4.75], "rotation": 270, "texture": "#4"},
				"up": {"uv": [11.25, 2.75, 11.5, 2.5], "rotation": 270, "texture": "#4"},
				"down": {"uv": [10.75, 5, 11, 4.75], "rotation": 270, "texture": "#4"}
			}
		},
		{
			"name": "СреднПлавн-Плечо-Лево",
			"from": [5.65754, -0.4, -3.80537],
			"to": [10.65754, 1.6, -1.80537],
			"rotation": {"angle": 22.5, "axis": "z", "origin": [8.925, 0.85, -2.65]},
			"faces": {
				"north": {"uv": [12, 14.25, 12.5, 13], "rotation": 90, "texture": "#4"},
				"east": {"uv": [1.5, 14.75, 2, 14.25], "rotation": 270, "texture": "#4"},
				"south": {"uv": [13.25, 2.25, 13.75, 1], "rotation": 270, "texture": "#4"},
				"west": {"uv": [14.25, 2, 14.75, 1.5], "rotation": 270, "texture": "#4"},
				"up": {"uv": [13.25, 3.5, 13.75, 2.25], "rotation": 270, "texture": "#4"},
				"down": {"uv": [13, 14, 13.5, 12.75], "rotation": 270, "texture": "#4"}
			}
		}
	],
	"display": {
		"thirdperson_righthand": {
			"rotation": [-168.81, 74.51, 171.25],
			"translation": [0, 5.5, 3.5],
			"scale": [0.81641, 0.81641, 0.81641]
		},
		"thirdperson_lefthand": {
			"translation": [0, 2, 2.75],
			"scale": [0.28711, 0.28711, 0.28711]
		},
		"ground": {
			"scale": [0.5, 0.5, 0.5]
		},
		"gui": {
			"rotation": [-180, 1.5, -180]
		},
		"head": {
			"translation": [0, -34.5, -33],
			"scale": [1.27539, 1.27539, 1.27539]
		},
		"fixed": {
			"rotation": [0, 90, 0],
			"scale": [0.41211, 0.41211, 0.41211]
		}
	},
	"groups": [
		{
			"name": "nairana",
			"origin": [8, 8, 8],
			"color": 0,
			"children": [
				{
					"name": "ОсновноеТело",
					"origin": [8, 8, 8],
					"color": 0,
					"children": [
						0,
						1,
						2,
						{
							"name": "ПлавникиАнтены",
							"origin": [8, 8, 8],
							"color": 0,
							"children": [
								{
									"name": "Лево",
									"origin": [8, 8, 8],
									"color": 0,
									"children": [3, 4, 5, 6]
								},
								{
									"name": "Право",
									"origin": [8, 8, 8],
									"color": 0,
									"children": [7, 8]
								}
							]
						},
						{
							"name": "ПлавникиСредние",
							"origin": [8, 8, 8],
							"color": 0,
							"children": [
								{
									"name": "Право",
									"origin": [8, 8, 8],
									"color": 0,
									"children": [9, 10, 11, 12]
								},
								{
									"name": "Лево",
									"origin": [8, 8, 8],
									"color": 0,
									"children": [13, 14, 15, 16]
								}
							]
						},
						{
							"name": "Антены",
							"origin": [8, 8, 8],
							"color": 0,
							"children": [17, 18, 19, 20]
						},
						{
							"name": "Хвост",
							"origin": [8, 8, 8],
							"color": 0,
							"children": [21, 22, 23, 24, 25, 26, 27]
						}
					]
				},
				{
					"name": "ПередниеЛапы",
					"origin": [8, 8, 8],
					"color": 0,
					"children": [
						{
							"name": "ПереднПраваяЛапа",
							"origin": [8, 8, 8],
							"color": 0,
							"children": [28, 29, 30]
						},
						{
							"name": "ПереднЛеваяЛапа",
							"origin": [8, 8, 8],
							"color": 0,
							"children": [31, 32, 33]
						}
					]
				},
				{
					"name": "ЗадниеЛапы",
					"origin": [8, 8, 8],
					"color": 0,
					"children": [
						{
							"name": "ЗадняяПраваяЛапа",
							"origin": [8, 8, 8],
							"color": 0,
							"children": [34, 35, 36]
						},
						{
							"name": "ЗадняяЛеваяЛапа",
							"origin": [8, 8, 8],
							"color": 0,
							"children": [37, 38, 39]
						}
					]
				},
				{
					"name": "СредниеПлавники",
					"origin": [8, 8, 8],
					"color": 0,
					"children": [
						{
							"name": "СреднийПлавникПраво",
							"origin": [8, 8, 8],
							"color": 0,
							"children": [40, 41, 42, 43]
						},
						{
							"name": "СреднийПлавникЛево",
							"origin": [8, 8, 8],
							"color": 0,
							"children": [44, 45, 46, 47]
						}
					]
				}
			]
		}
	]
}