{
	"format_version": "1.9.0",
	"credit": "Made with Blockbench",
	"texture_size": [64, 64],
	"textures": {
		"4": "neirana_pattern_b",
		"particle": "block/nairanaT"
	},
	"elements": [
		{
			"name": "Голова",
			"from": [2.5952, 13.69633, -13.975],
			"to": [11.5952, 23.69633, -4.975],
			"rotation": {"angle": 45, "axis": "z", "origin": [9.35, 15.4, -9.2]},
			"faces": {
				"north": {"uv": [0, 4.5, 2.5, 2.25], "rotation": 90, "texture": "#4"},
				"east": {"uv": [2.5, 2.5, 4.75, 0], "texture": "#4"},
				"south": {"uv": [0, 2.25, 2.5, 0], "rotation": 270, "texture": "#4"},
				"west": {"uv": [2.5, 2.5, 4.75, 5], "rotation": 180, "texture": "#4"},
				"up": {"uv": [4.75, 5.5, 7, 3.25], "rotation": 270, "texture": "#4"},
				"down": {"uv": [1.75, 7.25, 4, 5], "rotation": 270, "texture": "#4"}
			}
		},
		{
			"name": "Туловище-Хвост",
			"from": [4.375, 6.075, -1.575],
			"to": [10.375, 12.775, 11.425],
			"rotation": {"angle": 0, "axis": "y", "origin": [6.375, 9.175, 2.675]},
			"faces": {
				"north": {"uv": [9.25, 11.5, 10.875, 10], "rotation": 90, "texture": "#4"},
				"east": {"uv": [1.625, 4.5, 0, 7.75], "rotation": 270, "texture": "#4"},
				"south": {"uv": [10.5, 9.25, 12.125, 7.75], "rotation": 270, "texture": "#4"},
				"west": {"uv": [6.375, 3.25, 4.75, 0], "rotation": 270, "texture": "#4"},
				"up": {"uv": [4, 7, 7.25, 5.5], "rotation": 270, "texture": "#4"},
				"down": {"uv": [6.5, 1.5, 9.75, 0], "rotation": 270, "texture": "#4"}
			}
		},
		{
			"name": "Тело",
			"from": [3.51113, 6.925, -9.66811],
			"to": [11.68613, 14.075, -0.66811],
			"rotation": {"angle": 22.5, "axis": "x", "origin": [6.125, 10.25, -3.75]},
			"faces": {
				"north": {"uv": [9.75, 4.75, 11.5, 2.75], "rotation": 90, "texture": "#4"},
				"east": {"uv": [1.75, 7.75, 0, 10], "rotation": 270, "texture": "#4"},
				"south": {"uv": [5, 12, 6.75, 10], "rotation": 270, "texture": "#4"},
				"west": {"uv": [3.5, 11.5, 1.75, 9.25], "rotation": 270, "texture": "#4"},
				"up": {"uv": [1.75, 9.25, 4, 7.25], "rotation": 270, "texture": "#4"},
				"down": {"uv": [7.25, 7, 9.5, 5], "rotation": 270, "texture": "#4"}
			}
		},
		{
			"name": "ЛевоПлавникКреплАнтена1",
			"from": [12.02153, 17.07238, -12.6],
			"to": [14.52153, 18.49738, -11.875],
			"rotation": {"angle": 0, "axis": "y", "origin": [9.35, 15.4, -9.2]},
			"faces": {
				"north": {"uv": [14.25, 3.125, 14.625, 2.5], "rotation": 90, "texture": "#4"},
				"east": {"uv": [13.25, 11.875, 13.375, 11.5], "texture": "#4"},
				"south": {"uv": [2.5, 14.875, 2.875, 14.25], "rotation": 270, "texture": "#4"},
				"west": {"uv": [9, 14, 9.125, 14.375], "rotation": 180, "texture": "#4"},
				"up": {"uv": [2.5, 14.125, 2.625, 13.5], "rotation": 270, "texture": "#4"},
				"down": {"uv": [10.75, 14.125, 10.875, 13.5], "rotation": 270, "texture": "#4"}
			}
		},
		{
			"name": "ЛевоПлавникКреплАнтена2",
			"from": [9.00251, 16.99985, -12.7],
			"to": [12.00251, 18.99985, -11.775],
			"rotation": {"angle": 0, "axis": "y", "origin": [9.35, 15.4, -9.2]},
			"faces": {
				"north": {"uv": [10.5, 10, 11, 9.25], "rotation": 90, "texture": "#4"},
				"east": {"uv": [2.25, 5, 2.5, 4.5], "texture": "#4"},
				"south": {"uv": [3.5, 10, 4, 9.25], "rotation": 270, "texture": "#4"},
				"west": {"uv": [4.5, 5, 4.75, 5.5], "rotation": 180, "texture": "#4"},
				"up": {"uv": [1.5, 10.75, 1.75, 10], "rotation": 270, "texture": "#4"},
				"down": {"uv": [1.5, 11.5, 1.75, 10.75], "rotation": 270, "texture": "#4"}
			}
		},
		{
			"from": [9.23156, 12.2588, -12.25],
			"to": [19.80656, 17.6338, -12.25],
			"rotation": {"angle": 22.5, "axis": "z", "origin": [9.35, 15.4, -9.2]},
			"faces": {
				"north": {"uv": [9.75, 2.625, 11.125, 0], "rotation": 90, "texture": "#4"},
				"east": {"uv": [0, 1.375, 0, 0], "texture": "#4"},
				"south": {"uv": [9.5, 7.625, 10.875, 5], "rotation": 270, "texture": "#4"},
				"west": {"uv": [0, 0, 0, 1.375], "rotation": 180, "texture": "#4"},
				"up": {"uv": [0, 2.625, 0, 0], "rotation": 270, "texture": "#4"},
				"down": {"uv": [0, 2.625, 0, 0], "rotation": 270, "texture": "#4"}
			}
		},
		{
			"from": [9.51278, 12.49056, -6.8],
			"to": [20.08778, 17.86556, -6.8],
			"rotation": {"angle": 22.5, "axis": "z", "origin": [10.1, 14.5, -9.2]},
			"faces": {
				"north": {"uv": [3.5, 12.625, 4.875, 10], "rotation": 90, "texture": "#4"},
				"east": {"uv": [0, 1.375, 0, 0], "texture": "#4"},
				"south": {"uv": [0, 12.625, 1.375, 10], "rotation": 270, "texture": "#4"},
				"west": {"uv": [0, 0, 0, 1.375], "rotation": 180, "texture": "#4"},
				"up": {"uv": [0, 2.625, 0, 0], "rotation": 270, "texture": "#4"},
				"down": {"uv": [0, 2.625, 0, 0], "rotation": 270, "texture": "#4"}
			}
		},
		{
			"name": "ПравоПлавникКреплАнтена2",
			"from": [8.88631, 16.96606, -7.275],
			"to": [11.88631, 18.96606, -6.35],
			"rotation": {"angle": 0, "axis": "y", "origin": [10.1, 14.5, -9.2]},
			"faces": {
				"north": {"uv": [4.25, 14.75, 4.75, 14], "rotation": 90, "texture": "#4"},
				"east": {"uv": [7, 5.5, 7.25, 5], "texture": "#4"},
				"south": {"uv": [1, 14.75, 1.5, 14], "rotation": 270, "texture": "#4"},
				"west": {"uv": [11.25, 1.5, 11.5, 2], "rotation": 180, "texture": "#4"},
				"up": {"uv": [11.25, 0.75, 11.5, 0], "rotation": 270, "texture": "#4"},
				"down": {"uv": [11.25, 1.5, 11.5, 0.75], "rotation": 270, "texture": "#4"}
			}
		},
		{
			"name": "ПравоПлавникКреплАнтена1",
			"from": [11.90533, 17.03859, -7.175],
			"to": [14.40533, 18.46359, -6.45],
			"rotation": {"angle": 0, "axis": "y", "origin": [10.1, 14.5, -9.2]},
			"faces": {
				"north": {"uv": [10.75, 14.875, 11.125, 14.25], "rotation": 90, "texture": "#4"},
				"east": {"uv": [9.75, 15.125, 9.875, 14.75], "texture": "#4"},
				"south": {"uv": [14.25, 9.875, 14.625, 9.25], "rotation": 270, "texture": "#4"},
				"west": {"uv": [10.25, 14.75, 10.375, 15.125], "rotation": 180, "texture": "#4"},
				"up": {"uv": [4.75, 14.625, 4.875, 14], "rotation": 270, "texture": "#4"},
				"down": {"uv": [10, 15.125, 10.125, 14.5], "rotation": 270, "texture": "#4"}
			}
		},
		{
			"from": [9.975, 11.55, 2.5],
			"to": [13.3, 11.55, 9],
			"rotation": {"angle": 0, "axis": "y", "origin": [10.175, 13.55, 3.95]},
			"faces": {
				"north": {"uv": [0, 0.875, 0, 0], "rotation": 90, "texture": "#4"},
				"east": {"uv": [0, 0, 0, 1.625], "rotation": 270, "texture": "#4"},
				"south": {"uv": [0, 0.875, 0, 0], "rotation": 270, "texture": "#4"},
				"west": {"uv": [0, 1.625, 0, 0], "rotation": 270, "texture": "#4"},
				"up": {"uv": [11, 7.375, 12.625, 6.5], "rotation": 270, "texture": "#4"},
				"down": {"uv": [9.25, 12.375, 10.875, 11.5], "rotation": 270, "texture": "#4"}
			}
		},
		{
			"name": "ВерхнийПлавникНачалоПраво",
			"from": [9.53471, 11.025, 1.51149],
			"to": [11.43471, 11.975, 3.18649],
			"rotation": {"angle": -45, "axis": "y", "origin": [10.875, 9.575, 2.275]},
			"faces": {
				"north": {"uv": [11.25, 2.5, 11.5, 2], "rotation": 90, "texture": "#4"},
				"east": {"uv": [11, 12.5, 10.75, 12.875], "rotation": 270, "texture": "#4"},
				"south": {"uv": [3.25, 12, 3.5, 11.5], "rotation": 270, "texture": "#4"},
				"west": {"uv": [2.75, 13.375, 2.5, 13], "rotation": 270, "texture": "#4"},
				"up": {"uv": [12, 14.75, 12.375, 14.25], "rotation": 270, "texture": "#4"},
				"down": {"uv": [3.75, 15, 4.125, 14.5], "rotation": 270, "texture": "#4"}
			}
		},
		{
			"name": "ВерхнийПлавникСередПраво",
			"from": [10.9006, 11.175, 2.19635],
			"to": [12.1506, 11.825, 4.72135],
			"rotation": {"angle": 22.5, "axis": "y", "origin": [12, 9.375, 3.225]},
			"faces": {
				"north": {"uv": [10.5, 15.125, 10.625, 14.75], "rotation": 90, "texture": "#4"},
				"east": {"uv": [6.375, 14.75, 6.25, 15.375], "rotation": 270, "texture": "#4"},
				"south": {"uv": [11.25, 15.125, 11.375, 14.75], "rotation": 270, "texture": "#4"},
				"west": {"uv": [9.375, 15.375, 9.25, 14.75], "rotation": 270, "texture": "#4"},
				"up": {"uv": [11.25, 14.625, 11.875, 14.25], "rotation": 270, "texture": "#4"},
				"down": {"uv": [3, 14.875, 3.625, 14.5], "rotation": 270, "texture": "#4"}
			}
		},
		{
			"name": "ВерхнийПлавникКонецПраво",
			"from": [12.1006, 11.275, 4.47135],
			"to": [13.1006, 11.725, 6.14635],
			"rotation": {"angle": 22.5, "axis": "y", "origin": [13.1, 9.375, 5.5]},
			"faces": {
				"north": {"uv": [12, 7.75, 12.125, 7.5], "rotation": 90, "texture": "#4"},
				"east": {"uv": [11.625, 14.75, 11.5, 15.125], "rotation": 270, "texture": "#4"},
				"south": {"uv": [3.25, 12.75, 3.375, 12.5], "rotation": 270, "texture": "#4"},
				"west": {"uv": [11.875, 15.125, 11.75, 14.75], "rotation": 270, "texture": "#4"},
				"up": {"uv": [14.75, 5.25, 15.125, 5], "rotation": 270, "texture": "#4"},
				"down": {"uv": [5.25, 15, 5.625, 14.75], "rotation": 270, "texture": "#4"}
			}
		},
		{
			"from": [9.975, 7.35, 2.5],
			"to": [13.3, 7.35, 9],
			"rotation": {"angle": 0, "axis": "y", "origin": [10.175, 5.35, 3.95]},
			"faces": {
				"north": {"uv": [0, 0.875, 0, 0], "rotation": 90, "texture": "#4"},
				"east": {"uv": [0, 0, 0, 1.625], "rotation": 270, "texture": "#4"},
				"south": {"uv": [0, 0.875, 0, 0], "rotation": 270, "texture": "#4"},
				"west": {"uv": [0, 1.625, 0, 0], "rotation": 270, "texture": "#4"},
				"up": {"uv": [11.5, 11.875, 13.125, 11], "rotation": 270, "texture": "#4"},
				"down": {"uv": [12, 0.875, 13.625, 0], "rotation": 270, "texture": "#4"}
			}
		},
		{
			"name": "ВерхнийПлавникНачалоЛево",
			"from": [9.53471, 6.875, 1.51149],
			"to": [11.43471, 7.825, 3.18649],
			"rotation": {"angle": -45, "axis": "y", "origin": [10.875, 9.575, 2.275]},
			"faces": {
				"north": {"uv": [3.25, 12.5, 3.5, 12], "rotation": 90, "texture": "#4"},
				"east": {"uv": [11, 13, 10.75, 13.375], "rotation": 270, "texture": "#4"},
				"south": {"uv": [12.5, 3.25, 12.75, 2.75], "rotation": 270, "texture": "#4"},
				"west": {"uv": [4.5, 13.625, 4.25, 13.25], "rotation": 270, "texture": "#4"},
				"up": {"uv": [7.25, 15, 7.625, 14.5], "rotation": 270, "texture": "#4"},
				"down": {"uv": [7.75, 15, 8.125, 14.5], "rotation": 270, "texture": "#4"}
			}
		},
		{
			"name": "ВерхнийПлавникСередЛево",
			"from": [10.9006, 7.025, 2.19635],
			"to": [12.1506, 7.675, 4.72135],
			"rotation": {"angle": 22.5, "axis": "y", "origin": [12, 9.375, 3.225]},
			"faces": {
				"north": {"uv": [12, 15.125, 12.125, 14.75], "rotation": 90, "texture": "#4"},
				"east": {"uv": [14.875, 9.25, 14.75, 9.875], "rotation": 270, "texture": "#4"},
				"south": {"uv": [12.25, 15.125, 12.375, 14.75], "rotation": 270, "texture": "#4"},
				"west": {"uv": [9.625, 15.375, 9.5, 14.75], "rotation": 270, "texture": "#4"},
				"up": {"uv": [14.5, 6.125, 15.125, 5.75], "rotation": 270, "texture": "#4"},
				"down": {"uv": [6.5, 14.875, 7.125, 14.5], "rotation": 270, "texture": "#4"}
			}
		},
		{
			"name": "ВерхнийПлавникКонецЛево",
			"from": [12.1006, 7.125, 4.47135],
			"to": [13.1006, 7.575, 6.14635],
			"rotation": {"angle": 22.5, "axis": "y", "origin": [13.1, 9.375, 5.5]},
			"faces": {
				"north": {"uv": [13.25, 8.5, 13.375, 8.25], "rotation": 90, "texture": "#4"},
				"east": {"uv": [12.625, 14.75, 12.5, 15.125], "rotation": 270, "texture": "#4"},
				"south": {"uv": [13.75, 3.5, 13.875, 3.25], "rotation": 270, "texture": "#4"},
				"west": {"uv": [12.875, 15.125, 12.75, 14.75], "rotation": 270, "texture": "#4"},
				"up": {"uv": [14.75, 5.5, 15.125, 5.25], "rotation": 270, "texture": "#4"},
				"down": {"uv": [14.75, 5.75, 15.125, 5.5], "rotation": 270, "texture": "#4"}
			}
		},
		{
			"name": "антенна-Лево",
			"from": [5.04873, 18.35982, -11.97888],
			"to": [12.04873, 21.35982, -11.97888],
			"rotation": {"angle": 22.5, "axis": "x", "origin": [5.6, 21.15, -9.2]},
			"faces": {
				"north": {"uv": [5.5, 13.75, 6.25, 12], "rotation": 90, "texture": "#4"},
				"east": {"uv": [0, 0.75, 0, 0], "texture": "#4"},
				"south": {"uv": [12, 2.75, 12.75, 1], "rotation": 270, "texture": "#4"},
				"west": {"uv": [0, 0, 0, 0.75], "rotation": 180, "texture": "#4"},
				"up": {"uv": [0, 1.75, 0, 0], "rotation": 270, "texture": "#4"},
				"down": {"uv": [0, 1.75, 0, 0], "rotation": 270, "texture": "#4"}
			}
		},
		{
			"name": "антенна-Право",
			"from": [5.04873, 18.66596, -7.16022],
			"to": [12.04873, 21.66596, -7.16022],
			"rotation": {"angle": -22.5, "axis": "x", "origin": [5.6, 21.15, -9.2]},
			"faces": {
				"north": {"uv": [12.75, 2.75, 12, 1], "rotation": 90, "texture": "#4"},
				"east": {"uv": [0, 0.75, 0, 0], "texture": "#4"},
				"south": {"uv": [6.25, 13.75, 5.5, 12], "rotation": 270, "texture": "#4"},
				"west": {"uv": [0, 0, 0, 0.75], "rotation": 180, "texture": "#4"},
				"up": {"uv": [0, 1.75, 0, 0], "rotation": 270, "texture": "#4"},
				"down": {"uv": [0, 1.75, 0, 0], "rotation": 270, "texture": "#4"}
			}
		},
		{
			"name": "АнтенаШарикЛево",
			"from": [14.925, 18.775, -12.675],
			"to": [16.525, 20.45, -11.1],
			"rotation": {"angle": 45, "axis": "z", "origin": [10.1, 13.925, -9.2]},
			"faces": {
				"north": {"uv": [0, 15.125, 0.375, 14.75], "rotation": 90, "texture": "#4"},
				"east": {"uv": [14.75, 0.375, 15.125, 0], "texture": "#4"},
				"south": {"uv": [14.5, 14.375, 14.875, 14], "rotation": 270, "texture": "#4"},
				"west": {"uv": [1, 14.75, 1.375, 15.125], "rotation": 180, "texture": "#4"},
				"up": {"uv": [14, 14.875, 14.375, 14.5], "rotation": 270, "texture": "#4"},
				"down": {"uv": [14.5, 14.875, 14.875, 14.5], "rotation": 270, "texture": "#4"}
			}
		},
		{
			"name": "АнтенаШарикПраво",
			"from": [14.925, 18.775, -8.1],
			"to": [16.525, 20.45, -6.525],
			"rotation": {"angle": 45, "axis": "z", "origin": [10.1, 13.925, -9.2]},
			"faces": {
				"north": {"uv": [14.75, 2.375, 15.125, 2], "rotation": 90, "texture": "#4"},
				"east": {"uv": [14.75, 2.875, 15.125, 2.5], "texture": "#4"},
				"south": {"uv": [14.75, 1.875, 15.125, 1.5], "rotation": 270, "texture": "#4"},
				"west": {"uv": [4.25, 14.75, 4.625, 15.125], "rotation": 180, "texture": "#4"},
				"up": {"uv": [1.5, 15.125, 1.875, 14.75], "rotation": 270, "texture": "#4"},
				"down": {"uv": [2, 15.125, 2.375, 14.75], "rotation": 270, "texture": "#4"}
			}
		},
		{
			"name": "Хвост",
			"from": [2.875, 9.2, 10.475],
			"to": [9.875, 13.7, 21.475],
			"rotation": {"angle": -22.5, "axis": "x", "origin": [5.25, 11.2, 14.725]},
			"faces": {
				"north": {"uv": [11, 6.5, 12.125, 4.75], "rotation": 90, "texture": "#4"},
				"east": {"uv": [7.875, 10, 6.75, 12.75], "rotation": 270, "texture": "#4"},
				"south": {"uv": [11, 11, 12.125, 9.25], "rotation": 270, "texture": "#4"},
				"west": {"uv": [9.125, 12.75, 8, 10], "rotation": 270, "texture": "#4"},
				"up": {"uv": [6.5, 3.25, 9.25, 1.5], "rotation": 270, "texture": "#4"},
				"down": {"uv": [7, 5, 9.75, 3.25], "rotation": 270, "texture": "#4"}
			}
		},
		{
			"name": "ХвостВерхн-конец",
			"from": [1.81997, 11.725, 18.85718],
			"to": [6.81997, 13.875, 31.85718],
			"rotation": {"angle": 22.5, "axis": "y", "origin": [6.4, 12.55, 6.55]},
			"faces": {
				"north": {"uv": [0.5, 14, 1, 12.75], "rotation": 90, "texture": "#4"},
				"east": {"uv": [11.5, 11, 11, 14.25], "rotation": 270, "texture": "#4"},
				"south": {"uv": [1, 14, 1.5, 12.75], "rotation": 270, "texture": "#4"},
				"west": {"uv": [12, 3.25, 11.5, 0], "rotation": 270, "texture": "#4"},
				"up": {"uv": [4, 10, 7.25, 8.75], "rotation": 270, "texture": "#4"},
				"down": {"uv": [7.25, 10, 10.5, 8.75], "rotation": 270, "texture": "#4"}
			}
		},
		{
			"name": "Хвост-конец",
			"from": [2.625, 11.7, 18.775],
			"to": [9.625, 13.9, 29.775],
			"rotation": {"angle": 0, "axis": "y", "origin": [6.375, 12.55, 6.6]},
			"faces": {
				"north": {"uv": [9.25, 3.25, 9.75, 1.5], "rotation": 90, "texture": "#4"},
				"east": {"uv": [3.25, 11.5, 2.75, 14.25], "rotation": 270, "texture": "#4"},
				"south": {"uv": [6.25, 13.75, 6.75, 12], "rotation": 270, "texture": "#4"},
				"west": {"uv": [5.5, 14.75, 5, 12], "rotation": 270, "texture": "#4"},
				"up": {"uv": [4, 8.75, 6.75, 7], "rotation": 270, "texture": "#4"},
				"down": {"uv": [6.75, 8.75, 9.5, 7], "rotation": 270, "texture": "#4"}
			}
		},
		{
			"name": "ХвостНижнийПереход",
			"from": [2.6, 11.825, 29.525],
			"to": [3.4, 13.775, 31.075],
			"rotation": {"angle": 0, "axis": "y", "origin": [6.375, 12.55, 6.6]},
			"faces": {
				"north": {"uv": [12.75, 4.75, 13.25, 4.5], "rotation": 90, "texture": "#4"},
				"east": {"uv": [8.75, 14.5, 8.25, 14.875], "rotation": 270, "texture": "#4"},
				"south": {"uv": [13.5, 6.5, 14, 6.25], "rotation": 270, "texture": "#4"},
				"west": {"uv": [15, 8.625, 14.5, 8.25], "rotation": 270, "texture": "#4"},
				"up": {"uv": [5.75, 15, 6.125, 14.75], "rotation": 270, "texture": "#4"},
				"down": {"uv": [14.75, 7.25, 15.125, 7], "rotation": 270, "texture": "#4"}
			}
		},
		{
			"name": "ХвостНижнийУгол",
			"from": [-5.74776, 11.85, 26.06771],
			"to": [-1.49776, 13.75, 28.06771],
			"rotation": {"angle": 22.5, "axis": "y", "origin": [6.375, 12.55, 6.6]},
			"faces": {
				"north": {"uv": [13.25, 5.625, 13.75, 4.5], "rotation": 90, "texture": "#4"},
				"east": {"uv": [2.25, 4.5, 1.75, 5], "rotation": 270, "texture": "#4"},
				"south": {"uv": [9.25, 14.375, 9.75, 13.25], "rotation": 270, "texture": "#4"},
				"west": {"uv": [4.5, 5.5, 4, 5], "rotation": 270, "texture": "#4"},
				"up": {"uv": [13.25, 8.125, 13.75, 7], "rotation": 270, "texture": "#4"},
				"down": {"uv": [13.25, 10.375, 13.75, 9.25], "rotation": 270, "texture": "#4"}
			}
		},
		{
			"name": "ХвостПереходВерхний",
			"from": [4.67705, 11.8, 14.49973],
			"to": [6.75205, 13.8, 18.92473],
			"rotation": {"angle": 22.5, "axis": "y", "origin": [6.375, 12.55, 6.6]},
			"faces": {
				"north": {"uv": [12, 3.25, 12.5, 2.75], "rotation": 90, "texture": "#4"},
				"east": {"uv": [10.25, 13.25, 9.75, 14.375], "rotation": 270, "texture": "#4"},
				"south": {"uv": [12.75, 7.5, 13.25, 7], "rotation": 270, "texture": "#4"},
				"west": {"uv": [14, 12.625, 13.5, 11.5], "rotation": 270, "texture": "#4"},
				"up": {"uv": [13.25, 11, 14.375, 10.5], "rotation": 270, "texture": "#4"},
				"down": {"uv": [13.25, 11.5, 14.375, 11], "rotation": 270, "texture": "#4"}
			}
		},
		{
			"name": "ХвостВерхнийУгол",
			"from": [15.695, 11.825, 23.04633],
			"to": [21.02, 13.775, 27.72133],
			"rotation": {"angle": -22.5, "axis": "y", "origin": [6.375, 12.55, 6.6]},
			"faces": {
				"north": {"uv": [10.25, 13.875, 10.75, 12.5], "rotation": 90, "texture": "#4"},
				"east": {"uv": [14, 12.75, 13.5, 13.875], "rotation": 270, "texture": "#4"},
				"south": {"uv": [0, 14.125, 0.5, 12.75], "rotation": 270, "texture": "#4"},
				"west": {"uv": [14.25, 1.125, 13.75, 0], "rotation": 270, "texture": "#4"},
				"up": {"uv": [1.5, 12.875, 2.625, 11.5], "rotation": 270, "texture": "#4"},
				"down": {"uv": [11.5, 4.625, 12.625, 3.25], "rotation": 270, "texture": "#4"}
			}
		},
		{
			"name": "ПереднЛапа-Право",
			"from": [-4.65806, 11.217, -5.775],
			"to": [0.34194, 12.692, -3.775],
			"rotation": {"angle": -22.5, "axis": "z", "origin": [-0.675, 11.875, -4.775]},
			"faces": {
				"north": {"uv": [15.25, 3.25, 14, 3.625], "texture": "#4"},
				"east": {"uv": [15, 8.75, 14.5, 9.125], "texture": "#4"},
				"south": {"uv": [15, 7.5, 13.75, 7.875], "texture": "#4"},
				"west": {"uv": [9.25, 14.5, 8.75, 14.875], "texture": "#4"},
				"up": {"uv": [13.25, 1, 12.75, 2.25], "rotation": 90, "texture": "#4"},
				"down": {"uv": [13.25, 3.5, 12.75, 2.25], "rotation": 270, "texture": "#4"}
			}
		},
		{
			"name": "ПереднЛапа-Плечо-Право",
			"from": [-0.5071, 12.26422, -5.95],
			"to": [4.4929, 14.03922, -3.95],
			"rotation": {"angle": 22.5, "axis": "z", "origin": [3.2, 12.85, -4.7]},
			"faces": {
				"north": {"uv": [14, 3.5, 12.75, 4], "texture": "#4"},
				"east": {"uv": [13.5, 14, 13, 14.5], "texture": "#4"},
				"south": {"uv": [4.5, 12.75, 3.25, 13.25], "texture": "#4"},
				"west": {"uv": [14.5, 12.5, 14, 13], "texture": "#4"},
				"up": {"uv": [5, 12.75, 4.5, 14], "rotation": 90, "texture": "#4"},
				"down": {"uv": [7.25, 14, 6.75, 12.75], "rotation": 270, "texture": "#4"}
			}
		},
		{
			"name": "ПереднЛапа-Когти-Право",
			"from": [-4.85, 12.9, -6.85],
			"to": [-3.85, 15.9, -2.85],
			"rotation": {"angle": 22.5, "axis": "x", "origin": [-4.35, 13.4, -4.6]},
			"faces": {
				"north": {"uv": [9.25, 14.75, 10, 14.5], "rotation": 90, "texture": "#4"},
				"east": {"uv": [12.25, 10, 13.25, 9.25], "texture": "#4"},
				"south": {"uv": [14.25, 10.25, 15, 10], "rotation": 270, "texture": "#4"},
				"west": {"uv": [12.25, 10, 13.25, 10.75], "rotation": 180, "texture": "#4"},
				"up": {"uv": [9.75, 5, 10.75, 4.75], "rotation": 270, "texture": "#4"},
				"down": {"uv": [11, 7.75, 12, 7.5], "rotation": 270, "texture": "#4"}
			}
		},
		{
			"name": "ПереднЛапа-Лево",
			"from": [-4.32545, 9.03163, -15.125],
			"to": [0.67455, 10.50663, -13.125],
			"rotation": {"angle": 45, "axis": "z", "origin": [-0.9, 9.65, -14.125]},
			"faces": {
				"north": {"uv": [15.25, 6.25, 14, 6.625], "texture": "#4"},
				"east": {"uv": [15, 11, 14.5, 11.375], "texture": "#4"},
				"south": {"uv": [15.25, 3.75, 14, 4.125], "texture": "#4"},
				"west": {"uv": [15, 10.5, 14.5, 10.875], "texture": "#4"},
				"up": {"uv": [7.75, 12.75, 7.25, 14], "rotation": 90, "texture": "#4"},
				"down": {"uv": [8.25, 14, 7.75, 12.75], "rotation": 270, "texture": "#4"}
			}
		},
		{
			"name": "ПереднЛапа-Плечо-Лево",
			"from": [-0.4571, 11.18566, -14.85],
			"to": [4.5429, 12.96066, -12.85],
			"rotation": {"angle": 22.5, "axis": "z", "origin": [3.25, 12.125, -13.85]},
			"faces": {
				"north": {"uv": [14, 6.5, 12.75, 7], "texture": "#4"},
				"east": {"uv": [14, 14, 13.5, 14.5], "texture": "#4"},
				"south": {"uv": [14, 4, 12.75, 4.5], "texture": "#4"},
				"west": {"uv": [14.5, 13, 14, 13.5], "texture": "#4"},
				"up": {"uv": [8.75, 12.75, 8.25, 14], "rotation": 90, "texture": "#4"},
				"down": {"uv": [9.25, 14, 8.75, 12.75], "rotation": 270, "texture": "#4"}
			}
		},
		{
			"name": "ПереднЛапа-Когти-Лево",
			"from": [-5.75, 6.925, -15.975],
			"to": [-2.75, 7.925, -11.975],
			"rotation": {"angle": -22.5, "axis": "x", "origin": [-3, 7.425, -13.725]},
			"faces": {
				"north": {"uv": [15.25, 12.75, 14.5, 13], "texture": "#4"},
				"east": {"uv": [14.75, 5.5, 13.75, 5.75], "texture": "#4"},
				"south": {"uv": [15.25, 12.5, 14.5, 12.75], "texture": "#4"},
				"west": {"uv": [13.25, 10.75, 12.25, 11], "texture": "#4"},
				"up": {"uv": [10.25, 12.5, 9.25, 13.25], "rotation": 90, "texture": "#4"},
				"down": {"uv": [13.5, 12.75, 12.5, 12], "rotation": 270, "texture": "#4"}
			}
		},
		{
			"name": "ЗаднЛапа-Право",
			"from": [0.02837, 11.9, 7.47305],
			"to": [5.02837, 13.9, 9.17305],
			"rotation": {"angle": 22.5, "axis": "z", "origin": [3.8, 13.15, 8.325]},
			"faces": {
				"north": {"uv": [2, 14.25, 1.5, 13], "rotation": 270, "texture": "#4"},
				"east": {"uv": [13, 14.875, 13.5, 14.5], "rotation": 90, "texture": "#4"},
				"south": {"uv": [13, 12.75, 12.5, 14], "rotation": 270, "texture": "#4"},
				"west": {"uv": [14.5, 13.375, 15, 13], "rotation": 270, "texture": "#4"},
				"up": {"uv": [7.75, 14, 6.5, 14.375], "rotation": 180, "texture": "#4"},
				"down": {"uv": [9, 14, 7.75, 14.375], "texture": "#4"}
			}
		},
		{
			"name": "ЗаднЛапа-Бедр-Право",
			"from": [4.02678, 12.4, 6.38744],
			"to": [8.02678, 14.4, 8.38744],
			"rotation": {"angle": 22.5, "axis": "y", "origin": [6.85, 13.4, 7.15]},
			"faces": {
				"north": {"uv": [14.25, 3.25, 13.75, 2.25], "rotation": 270, "texture": "#4"},
				"east": {"uv": [14, 14, 14.5, 13.5], "rotation": 90, "texture": "#4"},
				"south": {"uv": [14.25, 1.25, 13.75, 2.25], "rotation": 270, "texture": "#4"},
				"west": {"uv": [14, 14.5, 14.5, 14], "rotation": 270, "texture": "#4"},
				"up": {"uv": [14.5, 5.75, 13.5, 6.25], "rotation": 180, "texture": "#4"},
				"down": {"uv": [14.5, 8.25, 13.5, 8.75], "texture": "#4"}
			}
		},
		{
			"name": "ЗаднЛапа-Когти-Право",
			"from": [-0.55, 9.925, 6.375],
			"to": [0.45, 13.925, 10.375],
			"rotation": {"angle": 45, "axis": "z", "origin": [0.2, 11.925, 7.875]},
			"faces": {
				"north": {"uv": [13.75, 8.25, 14.75, 8], "rotation": 90, "texture": "#4"},
				"east": {"uv": [10.5, 7.75, 9.5, 8.75], "rotation": 270, "texture": "#4"},
				"south": {"uv": [14, 4.5, 15, 4.25], "rotation": 270, "texture": "#4"},
				"west": {"uv": [12.5, 13, 11.5, 12], "rotation": 270, "texture": "#4"},
				"up": {"uv": [13.75, 10.5, 14.75, 10.25], "rotation": 270, "texture": "#4"},
				"down": {"uv": [14, 7, 15, 6.75], "rotation": 270, "texture": "#4"}
			}
		},
		{
			"name": "ЗаднЛапа-Лево",
			"from": [-0.7276, 4.75, 7.34372],
			"to": [4.2724, 6.75, 9.04372],
			"rotation": {"angle": 22.5, "axis": "y", "origin": [3.275, 5.5, 8.1]},
			"faces": {
				"north": {"uv": [12, 14.25, 11.5, 13], "rotation": 270, "texture": "#4"},
				"east": {"uv": [13.5, 14.875, 14, 14.5], "rotation": 90, "texture": "#4"},
				"south": {"uv": [2.5, 13, 2, 14.25], "rotation": 270, "texture": "#4"},
				"west": {"uv": [14.5, 13.875, 15, 13.5], "rotation": 270, "texture": "#4"},
				"up": {"uv": [15.25, 11.5, 14, 11.875], "rotation": 180, "texture": "#4"},
				"down": {"uv": [15.25, 12, 14, 12.375], "texture": "#4"}
			}
		},
		{
			"name": "ЗаднЛапа-Бедр-Лево",
			"from": [3.55178, 4.3, 5.91244],
			"to": [7.55178, 6.3, 7.91244],
			"rotation": {"angle": 22.5, "axis": "y", "origin": [6.375, 5.55, 6.675]},
			"faces": {
				"north": {"uv": [6.5, 14.75, 6, 13.75], "rotation": 270, "texture": "#4"},
				"east": {"uv": [0, 14.75, 0.5, 14.25], "rotation": 90, "texture": "#4"},
				"south": {"uv": [6, 13.75, 5.5, 14.75], "rotation": 270, "texture": "#4"},
				"west": {"uv": [14.25, 0.5, 14.75, 0], "rotation": 270, "texture": "#4"},
				"up": {"uv": [14.5, 8.75, 13.5, 9.25], "rotation": 180, "texture": "#4"},
				"down": {"uv": [14.75, 4.5, 13.75, 5], "texture": "#4"}
			}
		},
		{
			"name": "ЗаднЛапа-Когти-Лево",
			"from": [-3.05, 5.6, 8.175],
			"to": [0.95, 6.6, 12.175],
			"rotation": {"angle": -45, "axis": "z", "origin": [-1.3, 6.1, 9.425]},
			"faces": {
				"north": {"uv": [15.25, 0.5, 14.25, 0.75], "texture": "#4"},
				"east": {"uv": [15.25, 1.25, 14.25, 1.5], "texture": "#4"},
				"south": {"uv": [15.25, 1, 14.25, 1.25], "texture": "#4"},
				"west": {"uv": [15.25, 0.75, 14.25, 1], "texture": "#4"},
				"up": {"uv": [12.25, 5.75, 13.25, 4.75], "texture": "#4"},
				"down": {"uv": [12.25, 7.5, 13.25, 8.5], "texture": "#4"}
			}
		},
		{
			"name": "СреднПлавн-Плечо-Право",
			"from": [1.71187, 12.675, -3.6744],
			"to": [6.71187, 14.675, -1.6744],
			"rotation": {"angle": 22.5, "axis": "z", "origin": [5.075, 13.425, -2.75]},
			"faces": {
				"north": {"uv": [12, 14.25, 12.5, 13], "rotation": 90, "texture": "#4"},
				"east": {"uv": [2, 14.25, 1.5, 14.75], "rotation": 270, "texture": "#4"},
				"south": {"uv": [13.25, 2.25, 13.75, 1], "rotation": 270, "texture": "#4"},
				"west": {"uv": [14.75, 2, 14.25, 1.5], "rotation": 270, "texture": "#4"},
				"up": {"uv": [13, 14, 13.5, 12.75], "rotation": 270, "texture": "#4"},
				"down": {"uv": [13.25, 3.5, 13.75, 2.25], "rotation": 270, "texture": "#4"}
			}
		},
		{
			"name": "СреднПлавник-Право",
			"from": [-2.35, 11.325, -4.35],
			"to": [0.65, 13.1, 0.65],
			"rotation": {"angle": -45, "axis": "y", "origin": [-1.1, 12.35, 0.65]},
			"faces": {
				"north": {"uv": [10.25, 14.75, 10.75, 14], "rotation": 90, "texture": "#4"},
				"east": {"uv": [3.75, 13.25, 3.25, 14.5], "rotation": 270, "texture": "#4"},
				"south": {"uv": [12.5, 14.75, 13, 14], "rotation": 270, "texture": "#4"},
				"west": {"uv": [4.25, 14.5, 3.75, 13.25], "rotation": 270, "texture": "#4"},
				"up": {"uv": [12.25, 6.5, 13.5, 5.75], "rotation": 270, "texture": "#4"},
				"down": {"uv": [12.25, 9.25, 13.5, 8.5], "rotation": 270, "texture": "#4"}
			}
		},
		{
			"name": "СреднПлавн-Серед-Право",
			"from": [-2.35, 11.325, 0.65],
			"to": [-0.35, 13.1, 4.65],
			"rotation": {"angle": -45, "axis": "y", "origin": [-1.1, 12.35, 0.65]},
			"faces": {
				"north": {"uv": [2, 14.75, 2.5, 14.25], "rotation": 90, "texture": "#4"},
				"east": {"uv": [14.25, 9.25, 13.75, 10.25], "rotation": 270, "texture": "#4"},
				"south": {"uv": [14.25, 2.5, 14.75, 2], "rotation": 270, "texture": "#4"},
				"west": {"uv": [1, 15, 0.5, 14], "rotation": 270, "texture": "#4"},
				"up": {"uv": [13.75, 5.5, 14.75, 5], "rotation": 270, "texture": "#4"},
				"down": {"uv": [13.75, 7.5, 14.75, 7], "rotation": 270, "texture": "#4"}
			}
		},
		{
			"name": "СреднПлавн-Кончик-Право",
			"from": [-2.35, 11.325, 4.65],
			"to": [-1.35, 13.1, 5.65],
			"rotation": {"angle": -45, "axis": "y", "origin": [-1.1, 12.35, 0.65]},
			"faces": {
				"north": {"uv": [14.75, 3.25, 15.25, 3], "rotation": 90, "texture": "#4"},
				"east": {"uv": [5.25, 14.75, 4.75, 15], "rotation": 270, "texture": "#4"},
				"south": {"uv": [14.75, 4.75, 15.25, 4.5], "rotation": 270, "texture": "#4"},
				"west": {"uv": [15.25, 5, 14.75, 4.75], "rotation": 270, "texture": "#4"},
				"up": {"uv": [10.75, 5, 11, 4.75], "rotation": 270, "texture": "#4"},
				"down": {"uv": [11.25, 2.75, 11.5, 2.5], "rotation": 270, "texture": "#4"}
			}
		},
		{
			"name": "СреднПлавник-Лево",
			"from": [1.125, 3.8, -3.55],
			"to": [4.125, 5.575, 1.45],
			"rotation": {"angle": 22.5, "axis": "x", "origin": [2.375, 4.55, 1.45]},
			"faces": {
				"north": {"uv": [10.25, 14.75, 10.75, 14], "rotation": 90, "texture": "#4"},
				"east": {"uv": [3.25, 14.5, 3.75, 13.25], "rotation": 270, "texture": "#4"},
				"south": {"uv": [12.5, 14.75, 13, 14], "rotation": 270, "texture": "#4"},
				"west": {"uv": [3.75, 14.5, 4.25, 13.25], "rotation": 270, "texture": "#4"},
				"up": {"uv": [12.25, 9.25, 13.5, 8.5], "rotation": 270, "texture": "#4"},
				"down": {"uv": [12.25, 6.5, 13.5, 5.75], "rotation": 270, "texture": "#4"}
			}
		},
		{
			"name": "СреднПлавн-Серед-Лево",
			"from": [1.125, 3.8, 1.45],
			"to": [3.125, 5.575, 5.45],
			"rotation": {"angle": 22.5, "axis": "x", "origin": [2.375, 4.55, 1.45]},
			"faces": {
				"north": {"uv": [2, 14.75, 2.5, 14.25], "rotation": 90, "texture": "#4"},
				"east": {"uv": [13.75, 10.25, 14.25, 9.25], "rotation": 270, "texture": "#4"},
				"south": {"uv": [14.25, 2.5, 14.75, 2], "rotation": 270, "texture": "#4"},
				"west": {"uv": [0.5, 15, 1, 14], "rotation": 270, "texture": "#4"},
				"up": {"uv": [13.75, 7.5, 14.75, 7], "rotation": 270, "texture": "#4"},
				"down": {"uv": [13.75, 5.5, 14.75, 5], "rotation": 270, "texture": "#4"}
			}
		},
		{
			"name": "СреднПлавн-Кончик-Лево",
			"from": [1.125, 3.8, 5.45],
			"to": [2.125, 5.575, 6.45],
			"rotation": {"angle": 22.5, "axis": "x", "origin": [2.375, 4.55, 1.45]},
			"faces": {
				"north": {"uv": [14.75, 3.25, 15.25, 3], "rotation": 90, "texture": "#4"},
				"east": {"uv": [4.75, 15, 5.25, 14.75], "rotation": 270, "texture": "#4"},
				"south": {"uv": [14.75, 4.75, 15.25, 4.5], "rotation": 270, "texture": "#4"},
				"west": {"uv": [14.75, 5, 15.25, 4.75], "rotation": 270, "texture": "#4"},
				"up": {"uv": [11.25, 2.75, 11.5, 2.5], "rotation": 270, "texture": "#4"},
				"down": {"uv": [10.75, 5, 11, 4.75], "rotation": 270, "texture": "#4"}
			}
		},
		{
			"name": "СреднПлавн-Плечо-Лево",
			"from": [1.85754, 5.475, -4.63037],
			"to": [6.85754, 7.475, -2.63037],
			"rotation": {"angle": 22.5, "axis": "y", "origin": [5.125, 6.725, -3.475]},
			"faces": {
				"north": {"uv": [12, 14.25, 12.5, 13], "rotation": 90, "texture": "#4"},
				"east": {"uv": [1.5, 14.75, 2, 14.25], "rotation": 270, "texture": "#4"},
				"south": {"uv": [13.25, 2.25, 13.75, 1], "rotation": 270, "texture": "#4"},
				"west": {"uv": [14.25, 2, 14.75, 1.5], "rotation": 270, "texture": "#4"},
				"up": {"uv": [13.25, 3.5, 13.75, 2.25], "rotation": 270, "texture": "#4"},
				"down": {"uv": [13, 14, 13.5, 12.75], "rotation": 270, "texture": "#4"}
			}
		}
	],
	"display": {
		"thirdperson_righthand": {
			"rotation": [-168.81, 74.51, 171.25],
			"translation": [0, 5.5, 3.5],
			"scale": [0.81641, 0.81641, 0.81641]
		},
		"thirdperson_lefthand": {
			"translation": [0, 2, 2.75],
			"scale": [0.28711, 0.28711, 0.28711]
		},
		"ground": {
			"scale": [0.5, 0.5, 0.5]
		},
		"gui": {
			"rotation": [-180, 1.5, -180]
		},
		"head": {
			"translation": [0, -34.5, -33],
			"scale": [1.27539, 1.27539, 1.27539]
		},
		"fixed": {
			"rotation": [0, 90, 0],
			"scale": [0.41211, 0.41211, 0.41211]
		}
	},
	"groups": [
		{
			"name": "nairana",
			"origin": [8, 8, 8],
			"color": 0,
			"children": [
				{
					"name": "ОсновноеТело",
					"origin": [8, 8, 8],
					"color": 0,
					"children": [
						0,
						1,
						2,
						{
							"name": "ПлавникиАнтены",
							"origin": [8, 8, 8],
							"color": 0,
							"children": [
								{
									"name": "Лево",
									"origin": [8, 8, 8],
									"color": 0,
									"children": [3, 4, 5, 6]
								},
								{
									"name": "Право",
									"origin": [8, 8, 8],
									"color": 0,
									"children": [7, 8]
								}
							]
						},
						{
							"name": "ПлавникиСредние",
							"origin": [8, 8, 8],
							"color": 0,
							"children": [
								{
									"name": "Право",
									"origin": [8, 8, 8],
									"color": 0,
									"children": [9, 10, 11, 12]
								},
								{
									"name": "Лево",
									"origin": [8, 8, 8],
									"color": 0,
									"children": [13, 14, 15, 16]
								}
							]
						},
						{
							"name": "Антены",
							"origin": [8, 8, 8],
							"color": 0,
							"children": [17, 18, 19, 20]
						},
						{
							"name": "Хвост",
							"origin": [8, 8, 8],
							"color": 0,
							"children": [21, 22, 23, 24, 25, 26, 27]
						}
					]
				},
				{
					"name": "ПередниеЛапы",
					"origin": [8, 8, 8],
					"color": 0,
					"children": [
						{
							"name": "ПереднПраваяЛапа",
							"origin": [8, 8, 8],
							"color": 0,
							"children": [28, 29, 30]
						},
						{
							"name": "ПереднЛеваяЛапа",
							"origin": [8, 8, 8],
							"color": 0,
							"children": [31, 32, 33]
						}
					]
				},
				{
					"name": "ЗадниеЛапы",
					"origin": [8, 8, 8],
					"color": 0,
					"children": [
						{
							"name": "ЗадняяПраваяЛапа",
							"origin": [8, 8, 8],
							"color": 0,
							"children": [34, 35, 36]
						},
						{
							"name": "ЗадняяЛеваяЛапа",
							"origin": [8, 8, 8],
							"color": 0,
							"children": [37, 38, 39]
						}
					]
				},
				{
					"name": "СредниеПлавники",
					"origin": [8, 8, 8],
					"color": 0,
					"children": [
						{
							"name": "СреднийПлавникПраво",
							"origin": [8, 8, 8],
							"color": 0,
							"children": [40, 41, 42, 43]
						},
						{
							"name": "СреднийПлавникЛево",
							"origin": [8, 8, 8],
							"color": 0,
							"children": [44, 45, 46, 47]
						}
					]
				}
			]
		}
	]
}