{
	"format_version": "1.9.0",
	"credit": "Made with Blockbench",
	"texture_size": [64, 64],
	"textures": {
		"4": "neirana_pattern_b",
		"particle": "block/nairanaT"
	},
	"elements": [
		{
			"name": "Голова",
			"from": [7.0048, 0.2, -15.99633],
			"to": [16.0048, 9.2, -5.99633],
			"rotation": {"angle": -45, "axis": "y", "origin": [7, 4.475, -10.2]},
			"faces": {
				"north": {"uv": [4.75, 3.25, 7, 5.5], "rotation": 90, "texture": "#4"},
				"east": {"uv": [4.75, 2.5, 2.5, 5], "rotation": 270, "texture": "#4"},
				"south": {"uv": [1.75, 5, 4, 7.25], "rotation": 270, "texture": "#4"},
				"west": {"uv": [4.75, 2.5, 2.5, 0], "rotation": 270, "texture": "#4"},
				"up": {"uv": [0, 0, 2.5, 2.25], "rotation": 270, "texture": "#4"},
				"down": {"uv": [0, 2.25, 2.5, 4.5], "rotation": 270, "texture": "#4"}
			}
		},
		{
			"name": "Туловище-Хвост",
			"from": [5.325, -0.35, -1.325],
			"to": [11.325, 6.35, 11.675],
			"rotation": {"angle": 0, "axis": "y", "origin": [9.325, 2.75, 2.925]},
			"faces": {
				"north": {"uv": [9.25, 10, 10.875, 11.5], "rotation": 90, "texture": "#4"},
				"east": {"uv": [6.375, 0, 4.75, 3.25], "rotation": 270, "texture": "#4"},
				"south": {"uv": [10.5, 7.75, 12.125, 9.25], "rotation": 270, "texture": "#4"},
				"west": {"uv": [1.625, 7.75, 0, 4.5], "rotation": 270, "texture": "#4"},
				"up": {"uv": [4, 5.5, 7.25, 7], "rotation": 270, "texture": "#4"},
				"down": {"uv": [6.5, 0, 9.75, 1.5], "rotation": 270, "texture": "#4"}
			}
		},
		{
			"name": "Тело",
			"from": [4.08887, -0.925, -9.41811],
			"to": [12.26387, 6.225, -0.41811],
			"rotation": {"angle": -22.5, "axis": "z", "origin": [9.65, 2.4, -3.5]},
			"faces": {
				"north": {"uv": [9.75, 2.75, 11.5, 4.75], "rotation": 90, "texture": "#4"},
				"east": {"uv": [3.5, 9.25, 1.75, 11.5], "rotation": 270, "texture": "#4"},
				"south": {"uv": [5, 10, 6.75, 12], "rotation": 270, "texture": "#4"},
				"west": {"uv": [1.75, 10, 0, 7.75], "rotation": 270, "texture": "#4"},
				"up": {"uv": [1.75, 7.25, 4, 9.25], "rotation": 270, "texture": "#4"},
				"down": {"uv": [7.25, 5, 9.5, 7], "rotation": 270, "texture": "#4"}
			}
		},
		{
			"name": "ЛевоПлавникКреплАнтена1",
			"from": [1.93454, 1.35, -10.08004],
			"to": [4.43454, 2.075, -8.65504],
			"rotation": {"angle": 0, "axis": "y", "origin": [7, 4.475, -10.2]},
			"faces": {
				"north": {"uv": [2.5, 13.5, 2.625, 14.125], "rotation": 90, "texture": "#4"},
				"east": {"uv": [9.125, 14, 9, 14.375], "rotation": 270, "texture": "#4"},
				"south": {"uv": [10.75, 13.5, 10.875, 14.125], "rotation": 270, "texture": "#4"},
				"west": {"uv": [13.375, 11.875, 13.25, 11.5], "rotation": 270, "texture": "#4"},
				"up": {"uv": [2.5, 14.25, 2.875, 14.875], "rotation": 270, "texture": "#4"},
				"down": {"uv": [14.25, 2.5, 14.625, 3.125], "rotation": 270, "texture": "#4"}
			}
		},
		{
			"name": "ЛевоПлавникКреплАнтена2",
			"from": [4.29446, 1.25, -10.56484],
			"to": [7.29446, 2.175, -8.56484],
			"rotation": {"angle": 0, "axis": "y", "origin": [7, 4.475, -10.2]},
			"faces": {
				"north": {"uv": [1.5, 10, 1.75, 10.75], "rotation": 90, "texture": "#4"},
				"east": {"uv": [4.75, 5, 4.5, 5.5], "rotation": 270, "texture": "#4"},
				"south": {"uv": [1.5, 10.75, 1.75, 11.5], "rotation": 270, "texture": "#4"},
				"west": {"uv": [2.5, 5, 2.25, 4.5], "rotation": 270, "texture": "#4"},
				"up": {"uv": [3.5, 9.25, 4, 10], "rotation": 270, "texture": "#4"},
				"down": {"uv": [10.5, 9.25, 11, 10], "rotation": 270, "texture": "#4"}
			}
		},
		{
			"from": [-2.26757, 1.7, -9.42474],
			"to": [8.30743, 1.7, -4.04974],
			"rotation": {"angle": -22.5, "axis": "y", "origin": [7, 4.475, -10.2]},
			"faces": {
				"north": {"uv": [0, 0, 0, 2.625], "rotation": 90, "texture": "#4"},
				"east": {"uv": [0, 0, 0, 1.375], "rotation": 270, "texture": "#4"},
				"south": {"uv": [0, 0, 0, 2.625], "rotation": 270, "texture": "#4"},
				"west": {"uv": [0, 1.375, 0, 0], "rotation": 270, "texture": "#4"},
				"up": {"uv": [9.5, 5, 10.875, 7.625], "rotation": 270, "texture": "#4"},
				"down": {"uv": [9.75, 0, 11.125, 2.625], "rotation": 270, "texture": "#4"}
			}
		},
		{
			"from": [-2.26758, 7.7, -9.42475],
			"to": [8.30742, 7.7, -4.04975],
			"rotation": {"angle": -22.5, "axis": "y", "origin": [7, 4.475, -10.2]},
			"faces": {
				"north": {"uv": [0, 0, 0, 2.625], "rotation": 90, "texture": "#4"},
				"east": {"uv": [0, 0, 0, 1.375], "rotation": 270, "texture": "#4"},
				"south": {"uv": [0, 0, 0, 2.625], "rotation": 270, "texture": "#4"},
				"west": {"uv": [0, 1.375, 0, 0], "rotation": 270, "texture": "#4"},
				"up": {"uv": [0, 10, 1.375, 12.625], "rotation": 270, "texture": "#4"},
				"down": {"uv": [3.5, 10, 4.875, 12.625], "rotation": 270, "texture": "#4"}
			}
		},
		{
			"name": "ПравоПлавникКреплАнтена2",
			"from": [4.29445, 7.225, -10.56484],
			"to": [7.29445, 8.15, -8.56484],
			"rotation": {"angle": 0, "axis": "y", "origin": [7, 4.475, -10.2]},
			"faces": {
				"north": {"uv": [11.25, 0, 11.5, 0.75], "rotation": 90, "texture": "#4"},
				"east": {"uv": [11.5, 1.5, 11.25, 2], "rotation": 270, "texture": "#4"},
				"south": {"uv": [11.25, 0.75, 11.5, 1.5], "rotation": 270, "texture": "#4"},
				"west": {"uv": [7.25, 5.5, 7, 5], "rotation": 270, "texture": "#4"},
				"up": {"uv": [1, 14, 1.5, 14.75], "rotation": 270, "texture": "#4"},
				"down": {"uv": [4.25, 14, 4.75, 14.75], "rotation": 270, "texture": "#4"}
			}
		},
		{
			"name": "ПравоПлавникКреплАнтена1",
			"from": [1.81079, 7.325, -10.06237],
			"to": [4.31079, 8.05, -8.63737],
			"rotation": {"angle": 0, "axis": "y", "origin": [7, 4.475, -10.2]},
			"faces": {
				"north": {"uv": [4.75, 14, 4.875, 14.625], "rotation": 90, "texture": "#4"},
				"east": {"uv": [10.375, 14.75, 10.25, 15.125], "rotation": 270, "texture": "#4"},
				"south": {"uv": [10, 14.5, 10.125, 15.125], "rotation": 270, "texture": "#4"},
				"west": {"uv": [9.875, 15.125, 9.75, 14.75], "rotation": 270, "texture": "#4"},
				"up": {"uv": [14.25, 9.25, 14.625, 9.875], "rotation": 270, "texture": "#4"},
				"down": {"uv": [10.75, 14.25, 11.125, 14.875], "rotation": 270, "texture": "#4"}
			}
		},
		{
			"from": [2.4, 5.125, 2.75],
			"to": [5.725, 5.125, 9.25],
			"rotation": {"angle": 0, "axis": "y", "origin": [5.525, 7.125, 4.2]},
			"faces": {
				"north": {"uv": [0, 0, 0, 0.875], "rotation": 90, "texture": "#4"},
				"east": {"uv": [0, 0, 0, 1.625], "rotation": 270, "texture": "#4"},
				"south": {"uv": [0, 0, 0, 0.875], "rotation": 270, "texture": "#4"},
				"west": {"uv": [0, 1.625, 0, 0], "rotation": 270, "texture": "#4"},
				"up": {"uv": [11, 6.5, 12.625, 7.375], "rotation": 270, "texture": "#4"},
				"down": {"uv": [9.25, 11.5, 10.875, 12.375], "rotation": 270, "texture": "#4"}
			}
		},
		{
			"name": "ВерхнийПлавникНачалоПраво",
			"from": [4.26529, 4.6, 1.76149],
			"to": [6.16529, 5.55, 3.43649],
			"rotation": {"angle": 45, "axis": "y", "origin": [4.825, 3.15, 2.525]},
			"faces": {
				"north": {"uv": [11.25, 2, 11.5, 2.5], "rotation": 90, "texture": "#4"},
				"east": {"uv": [2.75, 13, 2.5, 13.375], "rotation": 270, "texture": "#4"},
				"south": {"uv": [3.25, 11.5, 3.5, 12], "rotation": 270, "texture": "#4"},
				"west": {"uv": [11, 12.875, 10.75, 12.5], "rotation": 270, "texture": "#4"},
				"up": {"uv": [12, 14.25, 12.375, 14.75], "rotation": 270, "texture": "#4"},
				"down": {"uv": [3.75, 14.5, 4.125, 15], "rotation": 270, "texture": "#4"}
			}
		},
		{
			"name": "ВерхнийПлавникСередПраво",
			"from": [3.5494, 4.75, 2.44635],
			"to": [4.7994, 5.4, 4.97135],
			"rotation": {"angle": -22.5, "axis": "y", "origin": [3.7, 2.95, 3.475]},
			"faces": {
				"north": {"uv": [10.5, 14.75, 10.625, 15.125], "rotation": 90, "texture": "#4"},
				"east": {"uv": [9.375, 14.75, 9.25, 15.375], "rotation": 270, "texture": "#4"},
				"south": {"uv": [11.25, 14.75, 11.375, 15.125], "rotation": 270, "texture": "#4"},
				"west": {"uv": [6.375, 15.375, 6.25, 14.75], "rotation": 270, "texture": "#4"},
				"up": {"uv": [11.25, 14.25, 11.875, 14.625], "rotation": 270, "texture": "#4"},
				"down": {"uv": [3, 14.5, 3.625, 14.875], "rotation": 270, "texture": "#4"}
			}
		},
		{
			"name": "ВерхнийПлавникКонецПраво",
			"from": [2.5994, 4.85, 4.72135],
			"to": [3.5994, 5.3, 6.39635],
			"rotation": {"angle": -22.5, "axis": "y", "origin": [2.6, 2.95, 5.75]},
			"faces": {
				"north": {"uv": [12, 7.5, 12.125, 7.75], "rotation": 90, "texture": "#4"},
				"east": {"uv": [11.875, 14.75, 11.75, 15.125], "rotation": 270, "texture": "#4"},
				"south": {"uv": [3.25, 12.5, 3.375, 12.75], "rotation": 270, "texture": "#4"},
				"west": {"uv": [11.625, 15.125, 11.5, 14.75], "rotation": 270, "texture": "#4"},
				"up": {"uv": [14.75, 5, 15.125, 5.25], "rotation": 270, "texture": "#4"},
				"down": {"uv": [5.25, 14.75, 5.625, 15], "rotation": 270, "texture": "#4"}
			}
		},
		{
			"from": [2.4, 0.925, 2.75],
			"to": [5.725, 0.925, 9.25],
			"rotation": {"angle": 0, "axis": "y", "origin": [5.525, -1.075, 4.2]},
			"faces": {
				"north": {"uv": [0, 0, 0, 0.875], "rotation": 90, "texture": "#4"},
				"east": {"uv": [0, 0, 0, 1.625], "rotation": 270, "texture": "#4"},
				"south": {"uv": [0, 0, 0, 0.875], "rotation": 270, "texture": "#4"},
				"west": {"uv": [0, 1.625, 0, 0], "rotation": 270, "texture": "#4"},
				"up": {"uv": [11.5, 11, 13.125, 11.875], "rotation": 270, "texture": "#4"},
				"down": {"uv": [12, 0, 13.625, 0.875], "rotation": 270, "texture": "#4"}
			}
		},
		{
			"name": "ВерхнийПлавникНачалоЛево",
			"from": [4.26529, 0.45, 1.76149],
			"to": [6.16529, 1.4, 3.43649],
			"rotation": {"angle": 45, "axis": "y", "origin": [4.825, 3.15, 2.525]},
			"faces": {
				"north": {"uv": [3.25, 12, 3.5, 12.5], "rotation": 90, "texture": "#4"},
				"east": {"uv": [4.5, 13.25, 4.25, 13.625], "rotation": 270, "texture": "#4"},
				"south": {"uv": [12.5, 2.75, 12.75, 3.25], "rotation": 270, "texture": "#4"},
				"west": {"uv": [11, 13.375, 10.75, 13], "rotation": 270, "texture": "#4"},
				"up": {"uv": [7.25, 14.5, 7.625, 15], "rotation": 270, "texture": "#4"},
				"down": {"uv": [7.75, 14.5, 8.125, 15], "rotation": 270, "texture": "#4"}
			}
		},
		{
			"name": "ВерхнийПлавникСередЛево",
			"from": [3.5494, 0.6, 2.44635],
			"to": [4.7994, 1.25, 4.97135],
			"rotation": {"angle": -22.5, "axis": "y", "origin": [3.7, 2.95, 3.475]},
			"faces": {
				"north": {"uv": [12, 14.75, 12.125, 15.125], "rotation": 90, "texture": "#4"},
				"east": {"uv": [9.625, 14.75, 9.5, 15.375], "rotation": 270, "texture": "#4"},
				"south": {"uv": [12.25, 14.75, 12.375, 15.125], "rotation": 270, "texture": "#4"},
				"west": {"uv": [14.875, 9.875, 14.75, 9.25], "rotation": 270, "texture": "#4"},
				"up": {"uv": [14.5, 5.75, 15.125, 6.125], "rotation": 270, "texture": "#4"},
				"down": {"uv": [6.5, 14.5, 7.125, 14.875], "rotation": 270, "texture": "#4"}
			}
		},
		{
			"name": "ВерхнийПлавникКонецЛево",
			"from": [2.5994, 0.7, 4.72135],
			"to": [3.5994, 1.15, 6.39635],
			"rotation": {"angle": -22.5, "axis": "y", "origin": [2.6, 2.95, 5.75]},
			"faces": {
				"north": {"uv": [13.25, 8.25, 13.375, 8.5], "rotation": 90, "texture": "#4"},
				"east": {"uv": [12.875, 14.75, 12.75, 15.125], "rotation": 270, "texture": "#4"},
				"south": {"uv": [13.75, 3.25, 13.875, 3.5], "rotation": 270, "texture": "#4"},
				"west": {"uv": [12.625, 15.125, 12.5, 14.75], "rotation": 270, "texture": "#4"},
				"up": {"uv": [14.75, 5.25, 15.125, 5.5], "rotation": 270, "texture": "#4"},
				"down": {"uv": [14.75, 5.5, 15.125, 5.75], "rotation": 270, "texture": "#4"}
			}
		},
		{
			"name": "антенна-Лево",
			"from": [4.27627, 1.47112, -12.58482],
			"to": [11.27627, 1.47112, -9.58482],
			"rotation": {"angle": 22.5, "axis": "x", "origin": [10.725, 4.25, -12.375]},
			"faces": {
				"north": {"uv": [0, 0, 0, 1.75], "rotation": 90, "texture": "#4"},
				"east": {"uv": [0, 0, 0, 0.75], "rotation": 270, "texture": "#4"},
				"south": {"uv": [0, 0, 0, 1.75], "rotation": 270, "texture": "#4"},
				"west": {"uv": [0, 0.75, 0, 0], "rotation": 270, "texture": "#4"},
				"up": {"uv": [12, 1, 12.75, 2.75], "rotation": 270, "texture": "#4"},
				"down": {"uv": [5.5, 12, 6.25, 13.75], "rotation": 270, "texture": "#4"}
			}
		},
		{
			"name": "антенна-Право",
			"from": [4.27627, 6.28978, -12.86596],
			"to": [11.27627, 6.28978, -9.86596],
			"rotation": {"angle": -22.5, "axis": "x", "origin": [10.725, 4.25, -12.35]},
			"faces": {
				"north": {"uv": [0, 0, 0, 1.75], "rotation": 90, "texture": "#4"},
				"east": {"uv": [0, 0, 0, 0.75], "rotation": 270, "texture": "#4"},
				"south": {"uv": [0, 0, 0, 1.75], "rotation": 270, "texture": "#4"},
				"west": {"uv": [0, 0.75, 0, 0], "rotation": 270, "texture": "#4"},
				"up": {"uv": [6.25, 12, 5.5, 13.75], "rotation": 270, "texture": "#4"},
				"down": {"uv": [12.75, 1, 12, 2.75], "rotation": 270, "texture": "#4"}
			}
		},
		{
			"name": "АнтенаШарикЛево",
			"from": [4.35, 0.775, -13],
			"to": [6.025, 2.35, -11.4],
			"rotation": {"angle": -22.5, "axis": "y", "origin": [7.75, 3.475, -9.45]},
			"faces": {
				"north": {"uv": [15.125, 0.375, 14.75, 0], "rotation": 270, "texture": "#4"},
				"east": {"uv": [14, 14.5, 14.375, 14.875], "rotation": 90, "texture": "#4"},
				"south": {"uv": [1.375, 14.75, 1, 15.125], "rotation": 270, "texture": "#4"},
				"west": {"uv": [14.5, 14.5, 14.875, 14.875], "rotation": 270, "texture": "#4"},
				"up": {"uv": [14.5, 14, 14.875, 14.375], "texture": "#4"},
				"down": {"uv": [0, 14.75, 0.375, 15.125], "rotation": 180, "texture": "#4"}
			}
		},
		{
			"name": "АнтенаШарикПраво",
			"from": [4.35, 5.35, -13],
			"to": [6.025, 6.925, -11.4],
			"rotation": {"angle": -22.5, "axis": "y", "origin": [7.75, 3.475, -9.45]},
			"faces": {
				"north": {"uv": [15.125, 2.875, 14.75, 2.5], "rotation": 270, "texture": "#4"},
				"east": {"uv": [1.5, 14.75, 1.875, 15.125], "rotation": 90, "texture": "#4"},
				"south": {"uv": [4.625, 14.75, 4.25, 15.125], "rotation": 270, "texture": "#4"},
				"west": {"uv": [2, 14.75, 2.375, 15.125], "rotation": 270, "texture": "#4"},
				"up": {"uv": [14.75, 1.5, 15.125, 1.875], "texture": "#4"},
				"down": {"uv": [14.75, 2, 15.125, 2.375], "rotation": 180, "texture": "#4"}
			}
		},
		{
			"name": "Хвост",
			"from": [5.825, 0.3, 9],
			"to": [12.825, 4.8, 20],
			"rotation": {"angle": 0, "axis": "x", "origin": [10.45, 2.3, 13.25]},
			"faces": {
				"north": {"uv": [11, 4.75, 12.125, 6.5], "rotation": 90, "texture": "#4"},
				"east": {"uv": [9.125, 10, 8, 12.75], "rotation": 270, "texture": "#4"},
				"south": {"uv": [11, 9.25, 12.125, 11], "rotation": 270, "texture": "#4"},
				"west": {"uv": [7.875, 12.75, 6.75, 10], "rotation": 270, "texture": "#4"},
				"up": {"uv": [6.5, 1.5, 9.25, 3.25], "rotation": 270, "texture": "#4"},
				"down": {"uv": [7, 3.25, 9.75, 5], "rotation": 270, "texture": "#4"}
			}
		},
		{
			"name": "ХвостВерхн-конец",
			"from": [8.88003, 0.45, 18.85718],
			"to": [13.88003, 2.6, 31.85718],
			"rotation": {"angle": -22.5, "axis": "y", "origin": [9.3, 1.275, 6.55]},
			"faces": {
				"north": {"uv": [0.5, 12.75, 1, 14], "rotation": 90, "texture": "#4"},
				"east": {"uv": [12, 0, 11.5, 3.25], "rotation": 270, "texture": "#4"},
				"south": {"uv": [1, 12.75, 1.5, 14], "rotation": 270, "texture": "#4"},
				"west": {"uv": [11.5, 14.25, 11, 11], "rotation": 270, "texture": "#4"},
				"up": {"uv": [4, 8.75, 7.25, 10], "rotation": 270, "texture": "#4"},
				"down": {"uv": [7.25, 8.75, 10.5, 10], "rotation": 270, "texture": "#4"}
			}
		},
		{
			"name": "Хвост-конец",
			"from": [6.075, 0.425, 18.775],
			"to": [13.075, 2.625, 29.775],
			"rotation": {"angle": 0, "axis": "y", "origin": [9.325, 1.275, 6.6]},
			"faces": {
				"north": {"uv": [9.25, 1.5, 9.75, 3.25], "rotation": 90, "texture": "#4"},
				"east": {"uv": [5.5, 12, 5, 14.75], "rotation": 270, "texture": "#4"},
				"south": {"uv": [6.25, 12, 6.75, 13.75], "rotation": 270, "texture": "#4"},
				"west": {"uv": [3.25, 14.25, 2.75, 11.5], "rotation": 270, "texture": "#4"},
				"up": {"uv": [4, 7, 6.75, 8.75], "rotation": 270, "texture": "#4"},
				"down": {"uv": [6.75, 7, 9.5, 8.75], "rotation": 270, "texture": "#4"}
			}
		},
		{
			"name": "ХвостНижнийПереход",
			"from": [12.3, 0.55, 29.525],
			"to": [13.1, 2.5, 31.075],
			"rotation": {"angle": 0, "axis": "y", "origin": [9.325, 1.275, 6.6]},
			"faces": {
				"north": {"uv": [12.75, 4.5, 13.25, 4.75], "rotation": 90, "texture": "#4"},
				"east": {"uv": [15, 8.25, 14.5, 8.625], "rotation": 270, "texture": "#4"},
				"south": {"uv": [13.5, 6.25, 14, 6.5], "rotation": 270, "texture": "#4"},
				"west": {"uv": [8.75, 14.875, 8.25, 14.5], "rotation": 270, "texture": "#4"},
				"up": {"uv": [5.75, 14.75, 6.125, 15], "rotation": 270, "texture": "#4"},
				"down": {"uv": [14.75, 7, 15.125, 7.25], "rotation": 270, "texture": "#4"}
			}
		},
		{
			"name": "ХвостНижнийУгол",
			"from": [17.19776, 0.575, 26.06771],
			"to": [21.44776, 2.475, 28.06771],
			"rotation": {"angle": -22.5, "axis": "y", "origin": [9.325, 1.275, 6.6]},
			"faces": {
				"north": {"uv": [13.25, 4.5, 13.75, 5.625], "rotation": 90, "texture": "#4"},
				"east": {"uv": [4.5, 5, 4, 5.5], "rotation": 270, "texture": "#4"},
				"south": {"uv": [9.25, 13.25, 9.75, 14.375], "rotation": 270, "texture": "#4"},
				"west": {"uv": [2.25, 5, 1.75, 4.5], "rotation": 270, "texture": "#4"},
				"up": {"uv": [13.25, 7, 13.75, 8.125], "rotation": 270, "texture": "#4"},
				"down": {"uv": [13.25, 9.25, 13.75, 10.375], "rotation": 270, "texture": "#4"}
			}
		},
		{
			"name": "ХвостПереходВерхний",
			"from": [8.94795, 0.525, 14.49973],
			"to": [11.02295, 2.525, 18.92473],
			"rotation": {"angle": -22.5, "axis": "y", "origin": [9.325, 1.275, 6.6]},
			"faces": {
				"north": {"uv": [12, 2.75, 12.5, 3.25], "rotation": 90, "texture": "#4"},
				"east": {"uv": [14, 11.5, 13.5, 12.625], "rotation": 270, "texture": "#4"},
				"south": {"uv": [12.75, 7, 13.25, 7.5], "rotation": 270, "texture": "#4"},
				"west": {"uv": [10.25, 14.375, 9.75, 13.25], "rotation": 270, "texture": "#4"},
				"up": {"uv": [13.25, 10.5, 14.375, 11], "rotation": 270, "texture": "#4"},
				"down": {"uv": [13.25, 11, 14.375, 11.5], "rotation": 270, "texture": "#4"}
			}
		},
		{
			"name": "ХвостВерхнийУгол",
			"from": [-5.32, 0.55, 23.04633],
			"to": [0.005, 2.5, 27.72133],
			"rotation": {"angle": 22.5, "axis": "y", "origin": [9.325, 1.275, 6.6]},
			"faces": {
				"north": {"uv": [10.25, 12.5, 10.75, 13.875], "rotation": 90, "texture": "#4"},
				"east": {"uv": [14.25, 0, 13.75, 1.125], "rotation": 270, "texture": "#4"},
				"south": {"uv": [0, 12.75, 0.5, 14.125], "rotation": 270, "texture": "#4"},
				"west": {"uv": [14, 13.875, 13.5, 12.75], "rotation": 270, "texture": "#4"},
				"up": {"uv": [1.5, 11.5, 2.625, 12.875], "rotation": 270, "texture": "#4"},
				"down": {"uv": [11.5, 3.25, 12.625, 4.625], "rotation": 270, "texture": "#4"}
			}
		},
		{
			"name": "ПереднЛапа-Право",
			"from": [14.88306, 8, -5.867],
			"to": [19.88306, 10, -4.392],
			"rotation": {"angle": -22.5, "axis": "z", "origin": [15.9, 9, -5.05]},
			"faces": {
				"north": {"uv": [13.25, 2.25, 12.75, 1], "rotation": 270, "texture": "#4"},
				"east": {"uv": [8.75, 14.5, 9.25, 14.875], "rotation": 90, "texture": "#4"},
				"south": {"uv": [13.25, 2.25, 12.75, 3.5], "rotation": 270, "texture": "#4"},
				"west": {"uv": [14.5, 8.75, 15, 9.125], "rotation": 270, "texture": "#4"},
				"up": {"uv": [13.75, 7.5, 15, 7.875], "texture": "#4"},
				"down": {"uv": [14, 3.25, 15.25, 3.625], "rotation": 180, "texture": "#4"}
			}
		},
		{
			"name": "ПереднЛапа-Плечо-Право",
			"from": [10.8321, 8.35, -4.98922],
			"to": [15.8321, 10.35, -3.21422],
			"rotation": {"angle": 22.5, "axis": "y", "origin": [12.125, 9.6, -3.8]},
			"faces": {
				"north": {"uv": [5, 14, 4.5, 12.75], "rotation": 270, "texture": "#4"},
				"east": {"uv": [14, 12.5, 14.5, 13], "rotation": 90, "texture": "#4"},
				"south": {"uv": [7.25, 12.75, 6.75, 14], "rotation": 270, "texture": "#4"},
				"west": {"uv": [13, 14, 13.5, 14.5], "rotation": 270, "texture": "#4"},
				"up": {"uv": [3.25, 12.75, 4.5, 13.25], "texture": "#4"},
				"down": {"uv": [12.75, 3.5, 14, 4], "rotation": 180, "texture": "#4"}
			}
		},
		{
			"name": "ПереднЛапа-Когти-Право",
			"from": [17.2, 4.725, -5.425],
			"to": [21.2, 7.725, -4.425],
			"rotation": {"angle": 22.5, "axis": "z", "origin": [19.45, 7.225, -4.925]},
			"faces": {
				"north": {"uv": [13.25, 10, 12.25, 9.25], "rotation": 180, "texture": "#4"},
				"east": {"uv": [14.25, 10, 15, 10.25], "rotation": 90, "texture": "#4"},
				"south": {"uv": [13.25, 10, 12.25, 10.75], "texture": "#4"},
				"west": {"uv": [9.25, 14.5, 10, 14.75], "rotation": 270, "texture": "#4"},
				"up": {"uv": [11, 7.5, 12, 7.75], "texture": "#4"},
				"down": {"uv": [9.75, 4.75, 10.75, 5], "rotation": 180, "texture": "#4"}
			}
		},
		{
			"name": "ПереднЛапа-Лево",
			"from": [14.72545, -0.8, -5.83163],
			"to": [19.72545, 1.2, -4.35663],
			"rotation": {"angle": 22.5, "axis": "y", "origin": [16.3, 0.2, -4.975]},
			"faces": {
				"north": {"uv": [7.75, 14, 7.25, 12.75], "rotation": 270, "texture": "#4"},
				"east": {"uv": [14.5, 10.5, 15, 10.875], "rotation": 90, "texture": "#4"},
				"south": {"uv": [8.25, 12.75, 7.75, 14], "rotation": 270, "texture": "#4"},
				"west": {"uv": [14.5, 11, 15, 11.375], "rotation": 270, "texture": "#4"},
				"up": {"uv": [14, 3.75, 15.25, 4.125], "texture": "#4"},
				"down": {"uv": [14, 6.25, 15.25, 6.625], "rotation": 180, "texture": "#4"}
			}
		},
		{
			"name": "ПереднЛапа-Плечо-Лево",
			"from": [10.4821, -1.025, -7.18566],
			"to": [15.4821, 0.975, -5.41066],
			"rotation": {"angle": -22.5, "axis": "y", "origin": [11.775, -0.025, -6.35]},
			"faces": {
				"north": {"uv": [8.75, 14, 8.25, 12.75], "rotation": 270, "texture": "#4"},
				"east": {"uv": [14, 13, 14.5, 13.5], "rotation": 90, "texture": "#4"},
				"south": {"uv": [9.25, 12.75, 8.75, 14], "rotation": 270, "texture": "#4"},
				"west": {"uv": [13.5, 14, 14, 14.5], "rotation": 270, "texture": "#4"},
				"up": {"uv": [12.75, 4, 14, 4.5], "texture": "#4"},
				"down": {"uv": [12.75, 6.5, 14, 7], "rotation": 180, "texture": "#4"}
			}
		},
		{
			"name": "ПереднЛапа-Когти-Лево",
			"from": [18.9, -0.45, -8.4],
			"to": [21.9, 0.55, -4.4],
			"rotation": {"angle": 22.5, "axis": "y", "origin": [19.15, 0.05, -6.15]},
			"faces": {
				"north": {"uv": [14.5, 12.75, 15.25, 13], "texture": "#4"},
				"east": {"uv": [12.25, 10.75, 13.25, 11], "texture": "#4"},
				"south": {"uv": [14.5, 12.5, 15.25, 12.75], "texture": "#4"},
				"west": {"uv": [13.75, 5.5, 14.75, 5.75], "texture": "#4"},
				"up": {"uv": [10.25, 13.25, 9.25, 12.5], "rotation": 90, "texture": "#4"},
				"down": {"uv": [13.5, 12, 12.5, 12.75], "rotation": 270, "texture": "#4"}
			}
		},
		{
			"name": "ЗаднЛапа-Право",
			"from": [10.82163, 5.325, 7.07305],
			"to": [15.82163, 7.325, 8.77305],
			"rotation": {"angle": -22.5, "axis": "z", "origin": [12.05, 6.575, 7.925]},
			"faces": {
				"north": {"uv": [2, 13, 1.5, 14.25], "rotation": 270, "texture": "#4"},
				"east": {"uv": [14.5, 13, 15, 13.375], "rotation": 270, "texture": "#4"},
				"south": {"uv": [13, 14, 12.5, 12.75], "rotation": 270, "texture": "#4"},
				"west": {"uv": [13, 14.5, 13.5, 14.875], "rotation": 90, "texture": "#4"},
				"up": {"uv": [6.5, 14, 7.75, 14.375], "rotation": 180, "texture": "#4"},
				"down": {"uv": [7.75, 14, 9, 14.375], "texture": "#4"}
			}
		},
		{
			"name": "ЗаднЛапа-Бедр-Право",
			"from": [7.67322, 5.8, 6.63744],
			"to": [11.67322, 7.8, 8.63744],
			"rotation": {"angle": 0, "axis": "z", "origin": [8.85, 6.8, 7.4]},
			"faces": {
				"north": {"uv": [14.25, 2.25, 13.75, 3.25], "rotation": 270, "texture": "#4"},
				"east": {"uv": [14, 14, 14.5, 14.5], "rotation": 270, "texture": "#4"},
				"south": {"uv": [14.25, 2.25, 13.75, 1.25], "rotation": 270, "texture": "#4"},
				"west": {"uv": [14, 13.5, 14.5, 14], "rotation": 90, "texture": "#4"},
				"up": {"uv": [13.5, 5.75, 14.5, 6.25], "rotation": 180, "texture": "#4"},
				"down": {"uv": [13.5, 8.25, 14.5, 8.75], "texture": "#4"}
			}
		},
		{
			"name": "ЗаднЛапа-Когти-Право",
			"from": [12.85, 4.025, 5.5],
			"to": [16.85, 5.025, 9.5],
			"rotation": {"angle": 45, "axis": "z", "origin": [14.85, 4.775, 7]},
			"faces": {
				"north": {"uv": [13.75, 8, 14.75, 8.25], "texture": "#4"},
				"east": {"uv": [13.75, 10.25, 14.75, 10.5], "texture": "#4"},
				"south": {"uv": [14, 4.25, 15, 4.5], "texture": "#4"},
				"west": {"uv": [14, 6.75, 15, 7], "texture": "#4"},
				"up": {"uv": [10.5, 8.75, 9.5, 7.75], "texture": "#4"},
				"down": {"uv": [12.5, 12, 11.5, 13], "texture": "#4"}
			}
		},
		{
			"name": "ЗаднЛапа-Лево",
			"from": [11.4276, 0.15, 6.79372],
			"to": [16.4276, 2.15, 8.49372],
			"rotation": {"angle": -22.5, "axis": "y", "origin": [12.425, 0.9, 7.55]},
			"faces": {
				"north": {"uv": [12, 13, 11.5, 14.25], "rotation": 270, "texture": "#4"},
				"east": {"uv": [14.5, 13.5, 15, 13.875], "rotation": 270, "texture": "#4"},
				"south": {"uv": [2.5, 14.25, 2, 13], "rotation": 270, "texture": "#4"},
				"west": {"uv": [13.5, 14.5, 14, 14.875], "rotation": 90, "texture": "#4"},
				"up": {"uv": [14, 11.5, 15.25, 11.875], "rotation": 180, "texture": "#4"},
				"down": {"uv": [14, 12, 15.25, 12.375], "texture": "#4"}
			}
		},
		{
			"name": "ЗаднЛапа-Бедр-Лево",
			"from": [8.24822, -1.1, 6.28744],
			"to": [12.24822, 0.9, 8.28744],
			"rotation": {"angle": 22.5, "axis": "z", "origin": [9.425, 0.15, 7.05]},
			"faces": {
				"north": {"uv": [6.5, 13.75, 6, 14.75], "rotation": 270, "texture": "#4"},
				"east": {"uv": [14.25, 0, 14.75, 0.5], "rotation": 270, "texture": "#4"},
				"south": {"uv": [6, 14.75, 5.5, 13.75], "rotation": 270, "texture": "#4"},
				"west": {"uv": [0, 14.25, 0.5, 14.75], "rotation": 90, "texture": "#4"},
				"up": {"uv": [13.5, 8.75, 14.5, 9.25], "rotation": 180, "texture": "#4"},
				"down": {"uv": [13.75, 4.5, 14.75, 5], "texture": "#4"}
			}
		},
		{
			"name": "ЗаднЛапа-Когти-Лево",
			"from": [16.55, -0.875, 7.2],
			"to": [17.55, 3.125, 11.2],
			"rotation": {"angle": -45, "axis": "z", "origin": [17.05, 1.375, 8.45]},
			"faces": {
				"north": {"uv": [14.25, 0.5, 15.25, 0.75], "rotation": 90, "texture": "#4"},
				"east": {"uv": [13.25, 7.5, 12.25, 8.5], "rotation": 270, "texture": "#4"},
				"south": {"uv": [14.25, 1, 15.25, 1.25], "rotation": 270, "texture": "#4"},
				"west": {"uv": [13.25, 5.75, 12.25, 4.75], "rotation": 270, "texture": "#4"},
				"up": {"uv": [14.25, 0.75, 15.25, 1], "rotation": 270, "texture": "#4"},
				"down": {"uv": [14.25, 1.25, 15.25, 1.5], "rotation": 270, "texture": "#4"}
			}
		},
		{
			"name": "СреднПлавн-Плечо-Право",
			"from": [9.36313, 5.575, -3.4244],
			"to": [14.36313, 7.575, -1.4244],
			"rotation": {"angle": 22.5, "axis": "z", "origin": [11, 6.325, -2.5]},
			"faces": {
				"north": {"uv": [12, 13, 12.5, 14.25], "rotation": 90, "texture": "#4"},
				"east": {"uv": [14.75, 1.5, 14.25, 2], "rotation": 270, "texture": "#4"},
				"south": {"uv": [13.25, 1, 13.75, 2.25], "rotation": 270, "texture": "#4"},
				"west": {"uv": [2, 14.75, 1.5, 14.25], "rotation": 270, "texture": "#4"},
				"up": {"uv": [13, 12.75, 13.5, 14], "rotation": 270, "texture": "#4"},
				"down": {"uv": [13.25, 2.25, 13.75, 3.5], "rotation": 270, "texture": "#4"}
			}
		},
		{
			"name": "СреднПлавник-Право",
			"from": [12.1, 6.35, -0.5],
			"to": [17.1, 8.125, 2.5],
			"rotation": {"angle": -45, "axis": "y", "origin": [17.1, 7.375, 0.75]},
			"faces": {
				"north": {"uv": [4.25, 13.25, 3.75, 14.5], "rotation": 270, "texture": "#4"},
				"east": {"uv": [12.5, 14, 13, 14.75], "rotation": 270, "texture": "#4"},
				"south": {"uv": [3.75, 14.5, 3.25, 13.25], "rotation": 270, "texture": "#4"},
				"west": {"uv": [10.25, 14, 10.75, 14.75], "rotation": 90, "texture": "#4"},
				"up": {"uv": [12.25, 5.75, 13.5, 6.5], "rotation": 180, "texture": "#4"},
				"down": {"uv": [12.25, 8.5, 13.5, 9.25], "texture": "#4"}
			}
		},
		{
			"name": "СреднПлавн-Серед-Право",
			"from": [17.1, 6.35, -0.5],
			"to": [21.1, 8.125, 1.5],
			"rotation": {"angle": -45, "axis": "y", "origin": [17.1, 7.375, 0.75]},
			"faces": {
				"north": {"uv": [1, 14, 0.5, 15], "rotation": 270, "texture": "#4"},
				"east": {"uv": [14.25, 2, 14.75, 2.5], "rotation": 270, "texture": "#4"},
				"south": {"uv": [14.25, 10.25, 13.75, 9.25], "rotation": 270, "texture": "#4"},
				"west": {"uv": [2, 14.25, 2.5, 14.75], "rotation": 90, "texture": "#4"},
				"up": {"uv": [13.75, 5, 14.75, 5.5], "rotation": 180, "texture": "#4"},
				"down": {"uv": [13.75, 7, 14.75, 7.5], "texture": "#4"}
			}
		},
		{
			"name": "СреднПлавн-Кончик-Право",
			"from": [21.1, 6.35, -0.5],
			"to": [22.1, 8.125, 0.5],
			"rotation": {"angle": -45, "axis": "y", "origin": [17.1, 7.375, 0.75]},
			"faces": {
				"north": {"uv": [15.25, 4.75, 14.75, 5], "rotation": 270, "texture": "#4"},
				"east": {"uv": [14.75, 4.5, 15.25, 4.75], "rotation": 270, "texture": "#4"},
				"south": {"uv": [5.25, 15, 4.75, 14.75], "rotation": 270, "texture": "#4"},
				"west": {"uv": [14.75, 3, 15.25, 3.25], "rotation": 90, "texture": "#4"},
				"up": {"uv": [10.75, 4.75, 11, 5], "rotation": 180, "texture": "#4"},
				"down": {"uv": [11.25, 2.5, 11.5, 2.75], "texture": "#4"}
			}
		},
		{
			"name": "СреднПлавник-Лево",
			"from": [13.225, -1.175, -3.3],
			"to": [16.225, 0.6, 1.7],
			"rotation": {"angle": 22.5, "axis": "y", "origin": [14.975, -0.425, 1.7]},
			"faces": {
				"north": {"uv": [10.25, 14, 10.75, 14.75], "rotation": 90, "texture": "#4"},
				"east": {"uv": [3.75, 13.25, 4.25, 14.5], "rotation": 270, "texture": "#4"},
				"south": {"uv": [12.5, 14, 13, 14.75], "rotation": 270, "texture": "#4"},
				"west": {"uv": [3.25, 13.25, 3.75, 14.5], "rotation": 270, "texture": "#4"},
				"up": {"uv": [12.25, 8.5, 13.5, 9.25], "rotation": 270, "texture": "#4"},
				"down": {"uv": [12.25, 5.75, 13.5, 6.5], "rotation": 270, "texture": "#4"}
			}
		},
		{
			"name": "СреднПлавн-Серед-Лево",
			"from": [14.225, -1.175, 1.7],
			"to": [16.225, 0.6, 5.7],
			"rotation": {"angle": 22.5, "axis": "y", "origin": [14.975, -0.425, 1.7]},
			"faces": {
				"north": {"uv": [2, 14.25, 2.5, 14.75], "rotation": 90, "texture": "#4"},
				"east": {"uv": [0.5, 14, 1, 15], "rotation": 270, "texture": "#4"},
				"south": {"uv": [14.25, 2, 14.75, 2.5], "rotation": 270, "texture": "#4"},
				"west": {"uv": [13.75, 9.25, 14.25, 10.25], "rotation": 270, "texture": "#4"},
				"up": {"uv": [13.75, 7, 14.75, 7.5], "rotation": 270, "texture": "#4"},
				"down": {"uv": [13.75, 5, 14.75, 5.5], "rotation": 270, "texture": "#4"}
			}
		},
		{
			"name": "СреднПлавн-Кончик-Лево",
			"from": [15.225, -1.175, 5.7],
			"to": [16.225, 0.6, 6.7],
			"rotation": {"angle": 22.5, "axis": "y", "origin": [14.975, -0.425, 1.7]},
			"faces": {
				"north": {"uv": [14.75, 3, 15.25, 3.25], "rotation": 90, "texture": "#4"},
				"east": {"uv": [14.75, 4.75, 15.25, 5], "rotation": 270, "texture": "#4"},
				"south": {"uv": [14.75, 4.5, 15.25, 4.75], "rotation": 270, "texture": "#4"},
				"west": {"uv": [4.75, 14.75, 5.25, 15], "rotation": 270, "texture": "#4"},
				"up": {"uv": [11.25, 2.5, 11.5, 2.75], "rotation": 270, "texture": "#4"},
				"down": {"uv": [10.75, 4.75, 11, 5], "rotation": 270, "texture": "#4"}
			}
		},
		{
			"name": "СреднПлавн-Плечо-Лево",
			"from": [8.71746, -1.75, -3.73037],
			"to": [13.71746, 0.25, -1.73037],
			"rotation": {"angle": 0, "axis": "y", "origin": [10.45, -0.5, -2.575]},
			"faces": {
				"north": {"uv": [12, 13, 12.5, 14.25], "rotation": 90, "texture": "#4"},
				"east": {"uv": [14.25, 1.5, 14.75, 2], "rotation": 270, "texture": "#4"},
				"south": {"uv": [13.25, 1, 13.75, 2.25], "rotation": 270, "texture": "#4"},
				"west": {"uv": [1.5, 14.25, 2, 14.75], "rotation": 270, "texture": "#4"},
				"up": {"uv": [13.25, 2.25, 13.75, 3.5], "rotation": 270, "texture": "#4"},
				"down": {"uv": [13, 12.75, 13.5, 14], "rotation": 270, "texture": "#4"}
			}
		}
	],
	"display": {
		"thirdperson_righthand": {
			"rotation": [-168.81, 74.51, 171.25],
			"translation": [0, 5.5, 3.5],
			"scale": [0.81641, 0.81641, 0.81641]
		},
		"thirdperson_lefthand": {
			"translation": [0, 2, 2.75],
			"scale": [0.28711, 0.28711, 0.28711]
		},
		"ground": {
			"scale": [0.5, 0.5, 0.5]
		},
		"gui": {
			"rotation": [-180, 1.5, -180]
		},
		"head": {
			"translation": [0, -34.5, -33],
			"scale": [1.27539, 1.27539, 1.27539]
		},
		"fixed": {
			"rotation": [0, 90, 0],
			"scale": [0.41211, 0.41211, 0.41211]
		}
	},
	"groups": [
		{
			"name": "nairana",
			"origin": [8, 8, 8],
			"color": 0,
			"children": [
				{
					"name": "ОсновноеТело",
					"origin": [8, 8, 8],
					"color": 0,
					"children": [
						0,
						1,
						2,
						{
							"name": "ПлавникиАнтены",
							"origin": [8, 8, 8],
							"color": 0,
							"children": [
								{
									"name": "Лево",
									"origin": [8, 8, 8],
									"color": 0,
									"children": [3, 4, 5, 6]
								},
								{
									"name": "Право",
									"origin": [8, 8, 8],
									"color": 0,
									"children": [7, 8]
								}
							]
						},
						{
							"name": "ПлавникиСредние",
							"origin": [8, 8, 8],
							"color": 0,
							"children": [
								{
									"name": "Право",
									"origin": [8, 8, 8],
									"color": 0,
									"children": [9, 10, 11, 12]
								},
								{
									"name": "Лево",
									"origin": [8, 8, 8],
									"color": 0,
									"children": [13, 14, 15, 16]
								}
							]
						},
						{
							"name": "Антены",
							"origin": [8, 8, 8],
							"color": 0,
							"children": [17, 18, 19, 20]
						},
						{
							"name": "Хвост",
							"origin": [8, 8, 8],
							"color": 0,
							"children": [21, 22, 23, 24, 25, 26, 27]
						}
					]
				},
				{
					"name": "ПередниеЛапы",
					"origin": [8, 8, 8],
					"color": 0,
					"children": [
						{
							"name": "ПереднПраваяЛапа",
							"origin": [8, 8, 8],
							"color": 0,
							"children": [28, 29, 30]
						},
						{
							"name": "ПереднЛеваяЛапа",
							"origin": [8, 8, 8],
							"color": 0,
							"children": [31, 32, 33]
						}
					]
				},
				{
					"name": "ЗадниеЛапы",
					"origin": [8, 8, 8],
					"color": 0,
					"children": [
						{
							"name": "ЗадняяПраваяЛапа",
							"origin": [8, 8, 8],
							"color": 0,
							"children": [34, 35, 36]
						},
						{
							"name": "ЗадняяЛеваяЛапа",
							"origin": [8, 8, 8],
							"color": 0,
							"children": [37, 38, 39]
						}
					]
				},
				{
					"name": "СредниеПлавники",
					"origin": [8, 8, 8],
					"color": 0,
					"children": [
						{
							"name": "СреднийПлавникПраво",
							"origin": [8, 8, 8],
							"color": 0,
							"children": [40, 41, 42, 43]
						},
						{
							"name": "СреднийПлавникЛево",
							"origin": [8, 8, 8],
							"color": 0,
							"children": [44, 45, 46, 47]
						}
					]
				}
			]
		}
	]
}