{
	"credit": "Made with Blockbench",
	"texture_size": [64, 64],
	"textures": {
		"3": "NeiranaTDefolt"
	},
	"elements": [
		{
			"name": "Голова",
			"from": [3.59245, -0.5, 21.64857],
			"to": [12.59245, 8.5, 31.64857],
			"rotation": {"angle": 22.5, "axis": "y", "origin": [4.075, 4.25, 25.5]},
			"faces": {
				"north": {"uv": [4, 7.25, 1.75, 5], "rotation": 270, "texture": "#3"},
				"east": {"uv": [2.5, 5, 4.75, 2.5], "rotation": 270, "texture": "#3"},
				"south": {"uv": [7, 5.5, 4.75, 3.25], "rotation": 90, "texture": "#3"},
				"west": {"uv": [2.5, 0, 4.75, 2.5], "rotation": 270, "texture": "#3"},
				"up": {"uv": [0, 2.25, 2.5, 4.5], "rotation": 270, "texture": "#3"},
				"down": {"uv": [0, 0, 2.5, 2.25], "rotation": 270, "texture": "#3"}
			}
		},
		{
			"name": "Туловище-Хвост",
			"from": [8.075, -0.45, 5],
			"to": [14.075, 6.25, 18],
			"rotation": {"angle": 0, "axis": "y", "origin": [12.075, 3.15, 9.75]},
			"faces": {
				"north": {"uv": [12.125, 9.25, 10.5, 7.75], "rotation": 270, "texture": "#3"},
				"east": {"uv": [4.75, 3.25, 6.375, 0], "rotation": 270, "texture": "#3"},
				"south": {"uv": [10.875, 11.5, 9.25, 10], "rotation": 90, "texture": "#3"},
				"west": {"uv": [0, 4.5, 1.625, 7.75], "rotation": 270, "texture": "#3"},
				"up": {"uv": [6.5, 0, 9.75, 1.5], "rotation": 270, "texture": "#3"},
				"down": {"uv": [4, 5.5, 7.25, 7], "rotation": 270, "texture": "#3"}
			}
		},
		{
			"name": "Тело",
			"from": [9.41682, -0.65, 16.28959],
			"to": [17.59182, 6.5, 25.28959],
			"rotation": {"angle": -22.5, "axis": "y", "origin": [12.075, 3.175, 9.75]},
			"faces": {
				"north": {"uv": [6.75, 12, 5, 10], "rotation": 270, "texture": "#3"},
				"east": {"uv": [1.75, 11.5, 3.5, 9.25], "rotation": 270, "texture": "#3"},
				"south": {"uv": [11.5, 4.75, 9.75, 2.75], "rotation": 90, "texture": "#3"},
				"west": {"uv": [0, 7.75, 1.75, 10], "rotation": 270, "texture": "#3"},
				"up": {"uv": [7.25, 5, 9.5, 7], "rotation": 270, "texture": "#3"},
				"down": {"uv": [1.75, 7.25, 4, 9.25], "rotation": 270, "texture": "#3"}
			}
		},
		{
			"name": "ЛевоПлавникКреплАнтена1",
			"from": [-1.36885, 6.3, 24.4073],
			"to": [1.13115, 7.025, 25.8323],
			"rotation": {"angle": -22.5, "axis": "y", "origin": [4.075, 3.975, 25.5]},
			"faces": {
				"north": {"uv": [10.875, 14.125, 10.75, 13.5], "rotation": 270, "texture": "#3"},
				"east": {"uv": [9, 14.375, 9.125, 14], "rotation": 270, "texture": "#3"},
				"south": {"uv": [2.625, 14.125, 2.5, 13.5], "rotation": 90, "texture": "#3"},
				"west": {"uv": [13.25, 11.5, 13.375, 11.875], "rotation": 270, "texture": "#3"},
				"up": {"uv": [14.25, 2.5, 14.625, 3.125], "rotation": 270, "texture": "#3"},
				"down": {"uv": [2.5, 14.25, 2.875, 14.875], "rotation": 270, "texture": "#3"}
			}
		},
		{
			"name": "ЛевоПлавникКреплАнтена2",
			"from": [1.15018, 6.275, 24.33477],
			"to": [4.15018, 7.2, 26.33477],
			"rotation": {"angle": -22.5, "axis": "y", "origin": [4.075, 4.05, 25.5]},
			"faces": {
				"north": {"uv": [1.75, 11.5, 1.5, 10.75], "rotation": 270, "texture": "#3"},
				"east": {"uv": [4.5, 5.5, 4.75, 5], "rotation": 270, "texture": "#3"},
				"south": {"uv": [1.75, 10.75, 1.5, 10], "rotation": 90, "texture": "#3"},
				"west": {"uv": [2.25, 4.5, 2.5, 5], "rotation": 270, "texture": "#3"},
				"up": {"uv": [10.5, 9.25, 11, 10], "rotation": 270, "texture": "#3"},
				"down": {"uv": [3.5, 9.25, 4, 10], "rotation": 270, "texture": "#3"}
			}
		},
		{
			"from": [-5.575, 6.45, 19.7],
			"to": [5, 6.45, 25.075],
			"rotation": {"angle": 0, "axis": "y", "origin": [4.075, 3.75, 25.5]},
			"faces": {
				"north": {"uv": [0, 2.625, 0, 0], "rotation": 270, "texture": "#3"},
				"east": {"uv": [0, 1.375, 0, 0], "rotation": 270, "texture": "#3"},
				"south": {"uv": [0, 2.625, 0, 0], "rotation": 90, "texture": "#3"},
				"west": {"uv": [0, 0, 0, 1.375], "rotation": 270, "texture": "#3"},
				"up": {"uv": [9.75, 0, 11.125, 2.625], "rotation": 270, "texture": "#3"},
				"down": {"uv": [9.5, 5, 10.875, 7.625], "rotation": 270, "texture": "#3"}
			}
		},
		{
			"from": [-5.575, 0.8, 19.7],
			"to": [5, 0.8, 25.075],
			"rotation": {"angle": 0, "axis": "y", "origin": [4.075, 4.05, 25.5]},
			"faces": {
				"north": {"uv": [0, 2.625, 0, 0], "rotation": 270, "texture": "#3"},
				"east": {"uv": [0, 1.375, 0, 0], "rotation": 270, "texture": "#3"},
				"south": {"uv": [0, 2.625, 0, 0], "rotation": 90, "texture": "#3"},
				"west": {"uv": [0, 1.375, 0, 0], "rotation": 270, "texture": "#3"},
				"up": {"uv": [3.5, 10, 4.875, 12.625], "rotation": 270, "texture": "#3"},
				"down": {"uv": [0, 10, 1.375, 12.625], "rotation": 270, "texture": "#3"}
			}
		},
		{
			"name": "ПравоПлавникКреплАнтена2",
			"from": [1.15018, 0.475, 24.33477],
			"to": [4.15018, 1.4, 26.33477],
			"rotation": {"angle": -22.5, "axis": "y", "origin": [4.075, 4.175, 25.5]},
			"faces": {
				"north": {"uv": [11.5, 1.5, 11.25, 0.75], "rotation": 270, "texture": "#3"},
				"east": {"uv": [11.25, 2, 11.5, 1.5], "rotation": 270, "texture": "#3"},
				"south": {"uv": [11.5, 0.75, 11.25, 0], "rotation": 90, "texture": "#3"},
				"west": {"uv": [7, 5, 7.25, 5.5], "rotation": 270, "texture": "#3"},
				"up": {"uv": [4.25, 14, 4.75, 14.75], "rotation": 270, "texture": "#3"},
				"down": {"uv": [1, 14, 1.5, 14.75], "rotation": 270, "texture": "#3"}
			}
		},
		{
			"name": "ПравоПлавникКреплАнтена1",
			"from": [-1.36885, 0.525, 24.4073],
			"to": [1.13115, 1.25, 25.8323],
			"rotation": {"angle": -22.5, "axis": "y", "origin": [4.075, 4.125, 25.5]},
			"faces": {
				"north": {"uv": [10.125, 15.125, 10, 14.5], "rotation": 270, "texture": "#3"},
				"east": {"uv": [10.25, 15.125, 10.375, 14.75], "rotation": 270, "texture": "#3"},
				"south": {"uv": [4.875, 14.625, 4.75, 14], "rotation": 90, "texture": "#3"},
				"west": {"uv": [9.75, 14.75, 9.875, 15.125], "rotation": 270, "texture": "#3"},
				"up": {"uv": [10.75, 14.25, 11.125, 14.875], "rotation": 270, "texture": "#3"},
				"down": {"uv": [14.25, 9.25, 14.625, 9.875], "rotation": 270, "texture": "#3"}
			}
		},
		{
			"from": [5.15, 0.525, 7.425],
			"to": [8.475, 0.525, 13.925],
			"rotation": {"angle": 0, "axis": "y", "origin": [8.275, -1.475, 12.475]},
			"faces": {
				"north": {"uv": [0, 0.875, 0, 0], "rotation": 270, "texture": "#3"},
				"east": {"uv": [0, 1.625, 0, 0], "rotation": 270, "texture": "#3"},
				"south": {"uv": [0, 0.875, 0, 0], "rotation": 90, "texture": "#3"},
				"west": {"uv": [0, 0, 0, 1.625], "rotation": 270, "texture": "#3"},
				"up": {"uv": [9.25, 11.5, 10.875, 12.375], "rotation": 270, "texture": "#3"},
				"down": {"uv": [11, 6.5, 12.625, 7.375], "rotation": 270, "texture": "#3"}
			}
		},
		{
			"name": "ВерхнийПлавникНачалоПраво",
			"from": [7.01529, 0.3, 13.23851],
			"to": [8.91529, 1.25, 14.91351],
			"rotation": {"angle": -45, "axis": "y", "origin": [7.575, 2.7, 14.15]},
			"faces": {
				"north": {"uv": [3.5, 12, 3.25, 11.5], "rotation": 270, "texture": "#3"},
				"east": {"uv": [2.5, 13.375, 2.75, 13], "rotation": 270, "texture": "#3"},
				"south": {"uv": [11.5, 2.5, 11.25, 2], "rotation": 90, "texture": "#3"},
				"west": {"uv": [10.75, 12.5, 11, 12.875], "rotation": 270, "texture": "#3"},
				"up": {"uv": [3.75, 14.5, 4.125, 15], "rotation": 270, "texture": "#3"},
				"down": {"uv": [12, 14.25, 12.375, 14.75], "rotation": 270, "texture": "#3"}
			}
		},
		{
			"name": "ВерхнийПлавникСередПраво",
			"from": [6.2994, 0.325, 11.70365],
			"to": [7.5494, 0.975, 14.22865],
			"rotation": {"angle": 22.5, "axis": "y", "origin": [6.45, 2.775, 13.2]},
			"faces": {
				"north": {"uv": [11.375, 15.125, 11.25, 14.75], "rotation": 270, "texture": "#3"},
				"east": {"uv": [9.25, 15.375, 9.375, 14.75], "rotation": 270, "texture": "#3"},
				"south": {"uv": [10.625, 15.125, 10.5, 14.75], "rotation": 90, "texture": "#3"},
				"west": {"uv": [6.25, 14.75, 6.375, 15.375], "rotation": 270, "texture": "#3"},
				"up": {"uv": [3, 14.5, 3.625, 14.875], "rotation": 270, "texture": "#3"},
				"down": {"uv": [11.25, 14.25, 11.875, 14.625], "rotation": 270, "texture": "#3"}
			}
		},
		{
			"name": "ВерхнийПлавникКонецПраво",
			"from": [5.58149, 0.35, 10.16664],
			"to": [6.58149, 0.8, 11.84164],
			"rotation": {"angle": 0, "axis": "y", "origin": [6.275, 0.475, 11.1]},
			"faces": {
				"north": {"uv": [3.375, 12.75, 3.25, 12.5], "rotation": 270, "texture": "#3"},
				"east": {"uv": [11.75, 15.125, 11.875, 14.75], "rotation": 270, "texture": "#3"},
				"south": {"uv": [12.125, 7.75, 12, 7.5], "rotation": 90, "texture": "#3"},
				"west": {"uv": [11.5, 14.75, 11.625, 15.125], "rotation": 270, "texture": "#3"},
				"up": {"uv": [5.25, 14.75, 5.625, 15], "rotation": 270, "texture": "#3"},
				"down": {"uv": [14.75, 5, 15.125, 5.25], "rotation": 270, "texture": "#3"}
			}
		},
		{
			"from": [5.15, 4.65, 7.425],
			"to": [8.475, 4.65, 13.925],
			"rotation": {"angle": 0, "axis": "y", "origin": [8.275, 6.65, 12.475]},
			"faces": {
				"north": {"uv": [0, 0.875, 0, 0], "rotation": 270, "texture": "#3"},
				"east": {"uv": [0, 1.625, 0, 0], "rotation": 270, "texture": "#3"},
				"south": {"uv": [0, 0.875, 0, 0], "rotation": 90, "texture": "#3"},
				"west": {"uv": [0, 1.625, 0, 0], "rotation": 270, "texture": "#3"},
				"up": {"uv": [12, 0, 13.625, 0.875], "rotation": 270, "texture": "#3"},
				"down": {"uv": [11.5, 11, 13.125, 11.875], "rotation": 270, "texture": "#3"}
			}
		},
		{
			"name": "ВерхнийПлавникНачалоЛево",
			"from": [7.01529, 4.375, 13.23851],
			"to": [8.91529, 5.325, 14.91351],
			"rotation": {"angle": -45, "axis": "y", "origin": [7.575, 2.625, 14.15]},
			"faces": {
				"north": {"uv": [12.75, 3.25, 12.5, 2.75], "rotation": 270, "texture": "#3"},
				"east": {"uv": [4.25, 13.625, 4.5, 13.25], "rotation": 270, "texture": "#3"},
				"south": {"uv": [3.5, 12.5, 3.25, 12], "rotation": 90, "texture": "#3"},
				"west": {"uv": [10.75, 13, 11, 13.375], "rotation": 270, "texture": "#3"},
				"up": {"uv": [7.75, 14.5, 8.125, 15], "rotation": 270, "texture": "#3"},
				"down": {"uv": [7.25, 14.5, 7.625, 15], "rotation": 270, "texture": "#3"}
			}
		},
		{
			"name": "ВерхнийПлавникСередЛево",
			"from": [6.2994, 4.4, 11.70365],
			"to": [7.5494, 5.05, 14.22865],
			"rotation": {"angle": 22.5, "axis": "y", "origin": [6.45, 2.7, 13.2]},
			"faces": {
				"north": {"uv": [12.375, 15.125, 12.25, 14.75], "rotation": 270, "texture": "#3"},
				"east": {"uv": [9.5, 15.375, 9.625, 14.75], "rotation": 270, "texture": "#3"},
				"south": {"uv": [12.125, 15.125, 12, 14.75], "rotation": 90, "texture": "#3"},
				"west": {"uv": [14.75, 9.25, 14.875, 9.875], "rotation": 270, "texture": "#3"},
				"up": {"uv": [6.5, 14.5, 7.125, 14.875], "rotation": 270, "texture": "#3"},
				"down": {"uv": [14.5, 5.75, 15.125, 6.125], "rotation": 270, "texture": "#3"}
			}
		},
		{
			"name": "ВерхнийПлавникКонецЛево",
			"from": [5.5994, 4.425, 10.27865],
			"to": [6.5994, 4.875, 11.95365],
			"rotation": {"angle": 0, "axis": "y", "origin": [5.6, 4.675, 10.925]},
			"faces": {
				"north": {"uv": [13.875, 3.5, 13.75, 3.25], "rotation": 270, "texture": "#3"},
				"east": {"uv": [12.75, 15.125, 12.875, 14.75], "rotation": 270, "texture": "#3"},
				"south": {"uv": [13.375, 8.5, 13.25, 8.25], "rotation": 90, "texture": "#3"},
				"west": {"uv": [12.5, 14.75, 12.625, 15.125], "rotation": 270, "texture": "#3"},
				"up": {"uv": [14.75, 5.5, 15.125, 5.75], "rotation": 270, "texture": "#3"},
				"down": {"uv": [14.75, 5.25, 15.125, 5.5], "rotation": 270, "texture": "#3"}
			}
		},
		{
			"name": "антенна-Лево",
			"from": [0.10127, 6.86365, 26.4726],
			"to": [7.10127, 6.86365, 29.4726],
			"rotation": {"angle": 45, "axis": "x", "origin": [2.575, 6.25, 27.5]},
			"faces": {
				"north": {"uv": [0, 1.75, 0, 0], "rotation": 270, "texture": "#3"},
				"east": {"uv": [0, 0.75, 0, 0], "rotation": 270, "texture": "#3"},
				"south": {"uv": [0, 1.75, 0, 0], "rotation": 90, "texture": "#3"},
				"west": {"uv": [0, 0, 0, 0.75], "rotation": 270, "texture": "#3"},
				"up": {"uv": [5.5, 12, 6.25, 13.75], "rotation": 270, "texture": "#3"},
				"down": {"uv": [12, 1, 12.75, 2.75], "rotation": 270, "texture": "#3"}
			}
		},
		{
			"name": "антенна-Право",
			"from": [0.10127, 1.32008, 26.79756],
			"to": [7.10127, 1.32008, 29.79756],
			"rotation": {"angle": 22.5, "axis": "x", "origin": [4.075, 1, 28.25]},
			"faces": {
				"north": {"uv": [0, 1.75, 0, 0], "rotation": 270, "texture": "#3"},
				"east": {"uv": [0, 0.75, 0, 0], "rotation": 270, "texture": "#3"},
				"south": {"uv": [0, 1.75, 0, 0], "rotation": 90, "texture": "#3"},
				"west": {"uv": [0, 0.75, 0, 0], "rotation": 270, "texture": "#3"},
				"up": {"uv": [12.75, 1, 12, 2.75], "rotation": 270, "texture": "#3"},
				"down": {"uv": [6.25, 12, 5.5, 13.75], "rotation": 270, "texture": "#3"}
			}
		},
		{
			"name": "АнтенаШарикЛево",
			"from": [1.125, 4.53021, 28.33657],
			"to": [2.725, 6.10521, 30.01157],
			"rotation": {"angle": 22.5, "axis": "x", "origin": [1.825, 5.125, 29.1]},
			"faces": {
				"north": {"uv": [14.875, 14.875, 14.5, 14.5], "rotation": 270, "texture": "#3"},
				"east": {"uv": [1, 15.125, 1.375, 14.75], "rotation": 270, "texture": "#3"},
				"south": {"uv": [14.375, 14.875, 14, 14.5], "rotation": 90, "texture": "#3"},
				"west": {"uv": [14.75, 0, 15.125, 0.375], "rotation": 270, "texture": "#3"},
				"up": {"uv": [0, 14.75, 0.375, 15.125], "rotation": 270, "texture": "#3"},
				"down": {"uv": [14.5, 14, 14.875, 14.375], "rotation": 270, "texture": "#3"}
			}
		},
		{
			"name": "АнтенаШарикПраво",
			"from": [1.125, 0.05, 28.725],
			"to": [2.725, 1.625, 30.4],
			"rotation": {"angle": 45, "axis": "x", "origin": [1.95, 0.675, 29.425]},
			"faces": {
				"north": {"uv": [2.375, 15.125, 2, 14.75], "rotation": 270, "texture": "#3"},
				"east": {"uv": [4.25, 15.125, 4.625, 14.75], "rotation": 270, "texture": "#3"},
				"south": {"uv": [1.875, 15.125, 1.5, 14.75], "rotation": 90, "texture": "#3"},
				"west": {"uv": [14.75, 2.5, 15.125, 2.875], "rotation": 270, "texture": "#3"},
				"up": {"uv": [14.75, 2, 15.125, 2.375], "rotation": 270, "texture": "#3"},
				"down": {"uv": [14.75, 1.5, 15.125, 1.875], "rotation": 270, "texture": "#3"}
			}
		},
		{
			"name": "Хвост",
			"from": [8.45, 1.07446, -4.25867],
			"to": [15.45, 5.57446, 6.74133],
			"rotation": {"angle": -22.5, "axis": "x", "origin": [12.075, 4.05, 4.8]},
			"faces": {
				"north": {"uv": [12.125, 11, 11, 9.25], "rotation": 270, "texture": "#3"},
				"east": {"uv": [8, 12.75, 9.125, 10], "rotation": 270, "texture": "#3"},
				"south": {"uv": [12.125, 6.5, 11, 4.75], "rotation": 90, "texture": "#3"},
				"west": {"uv": [6.75, 10, 7.875, 12.75], "rotation": 270, "texture": "#3"},
				"up": {"uv": [7, 3.25, 9.75, 5], "rotation": 270, "texture": "#3"},
				"down": {"uv": [6.5, 1.5, 9.25, 3.25], "rotation": 270, "texture": "#3"}
			}
		},
		{
			"name": "ХвостВерхн-конец",
			"from": [11.63003, -0.55, -15.98218],
			"to": [16.63003, 1.6, -2.98218],
			"rotation": {"angle": 22.5, "axis": "y", "origin": [12.05, 0.775, 9.325]},
			"faces": {
				"north": {"uv": [1.5, 14, 1, 12.75], "rotation": 270, "texture": "#3"},
				"east": {"uv": [11.5, 3.25, 12, 0], "rotation": 270, "texture": "#3"},
				"south": {"uv": [1, 14, 0.5, 12.75], "rotation": 90, "texture": "#3"},
				"west": {"uv": [11, 11, 11.5, 14.25], "rotation": 270, "texture": "#3"},
				"up": {"uv": [7.25, 8.75, 10.5, 10], "rotation": 270, "texture": "#3"},
				"down": {"uv": [4, 8.75, 7.25, 10], "rotation": 270, "texture": "#3"}
			}
		},
		{
			"name": "Хвост-конец",
			"from": [8.825, -0.575, -13.9],
			"to": [15.825, 1.625, -2.9],
			"rotation": {"angle": 0, "axis": "y", "origin": [12.075, 0.775, 9.275]},
			"faces": {
				"north": {"uv": [6.75, 13.75, 6.25, 12], "rotation": 270, "texture": "#3"},
				"east": {"uv": [5, 14.75, 5.5, 12], "rotation": 270, "texture": "#3"},
				"south": {"uv": [9.75, 3.25, 9.25, 1.5], "rotation": 90, "texture": "#3"},
				"west": {"uv": [2.75, 11.5, 3.25, 14.25], "rotation": 270, "texture": "#3"},
				"up": {"uv": [6.75, 7, 9.5, 8.75], "rotation": 270, "texture": "#3"},
				"down": {"uv": [4, 7, 6.75, 8.75], "rotation": 270, "texture": "#3"}
			}
		},
		{
			"name": "ХвостНижнийПереход",
			"from": [15.05, -0.45, -15.2],
			"to": [15.85, 1.5, -13.65],
			"rotation": {"angle": 0, "axis": "y", "origin": [12.075, 0.775, 9.275]},
			"faces": {
				"north": {"uv": [14, 6.5, 13.5, 6.25], "rotation": 270, "texture": "#3"},
				"east": {"uv": [14.5, 8.625, 15, 8.25], "rotation": 270, "texture": "#3"},
				"south": {"uv": [13.25, 4.75, 12.75, 4.5], "rotation": 90, "texture": "#3"},
				"west": {"uv": [8.25, 14.5, 8.75, 14.875], "rotation": 270, "texture": "#3"},
				"up": {"uv": [14.75, 7, 15.125, 7.25], "rotation": 270, "texture": "#3"},
				"down": {"uv": [5.75, 14.75, 6.125, 15], "rotation": 270, "texture": "#3"}
			}
		},
		{
			"name": "ХвостНижнийУгол",
			"from": [19.94776, -0.425, -12.19271],
			"to": [24.19776, 1.475, -10.19271],
			"rotation": {"angle": 22.5, "axis": "y", "origin": [12.075, 0.775, 9.275]},
			"faces": {
				"north": {"uv": [9.75, 14.375, 9.25, 13.25], "rotation": 270, "texture": "#3"},
				"east": {"uv": [4, 5.5, 4.5, 5], "rotation": 270, "texture": "#3"},
				"south": {"uv": [13.75, 5.625, 13.25, 4.5], "rotation": 90, "texture": "#3"},
				"west": {"uv": [1.75, 4.5, 2.25, 5], "rotation": 270, "texture": "#3"},
				"up": {"uv": [13.25, 9.25, 13.75, 10.375], "rotation": 270, "texture": "#3"},
				"down": {"uv": [13.25, 7, 13.75, 8.125], "rotation": 270, "texture": "#3"}
			}
		},
		{
			"name": "ХвостПереходВерхний",
			"from": [11.69795, -0.275, -3.04973],
			"to": [13.77295, 1.725, 1.37527],
			"rotation": {"angle": 22.5, "axis": "y", "origin": [12.075, 0.975, 9.275]},
			"faces": {
				"north": {"uv": [13.25, 7.5, 12.75, 7], "rotation": 270, "texture": "#3"},
				"east": {"uv": [13.5, 12.625, 14, 11.5], "rotation": 270, "texture": "#3"},
				"south": {"uv": [12.5, 3.25, 12, 2.75], "rotation": 90, "texture": "#3"},
				"west": {"uv": [9.75, 13.25, 10.25, 14.375], "rotation": 270, "texture": "#3"},
				"up": {"uv": [13.25, 11, 14.375, 11.5], "rotation": 270, "texture": "#3"},
				"down": {"uv": [13.25, 10.5, 14.375, 11], "rotation": 270, "texture": "#3"}
			}
		},
		{
			"name": "ХвостВерхнийУгол",
			"from": [-2.57, -0.45, -11.84633],
			"to": [2.755, 1.5, -7.17133],
			"rotation": {"angle": -22.5, "axis": "y", "origin": [12.075, 0.775, 9.275]},
			"faces": {
				"north": {"uv": [0.5, 14.125, 0, 12.75], "rotation": 270, "texture": "#3"},
				"east": {"uv": [13.75, 1.125, 14.25, 0], "rotation": 270, "texture": "#3"},
				"south": {"uv": [10.75, 13.875, 10.25, 12.5], "rotation": 90, "texture": "#3"},
				"west": {"uv": [13.5, 12.75, 14, 13.875], "rotation": 270, "texture": "#3"},
				"up": {"uv": [11.5, 3.25, 12.625, 4.625], "rotation": 270, "texture": "#3"},
				"down": {"uv": [1.5, 11.5, 2.625, 12.875], "rotation": 270, "texture": "#3"}
			}
		},
		{
			"name": "ПереднЛапа-Плечо-Право",
			"from": [9.82144, 6.55, 22.16066],
			"to": [14.82144, 8.55, 23.93566],
			"rotation": {"angle": -45, "axis": "z", "origin": [12.175, 7.3, 23.1]},
			"faces": {
				"north": {"uv": [7.25, 14, 6.75, 12.75], "rotation": 270, "texture": "#3"},
				"east": {"uv": [14, 13, 14.5, 12.5], "rotation": 90, "texture": "#3"},
				"south": {"uv": [5, 12.75, 4.5, 14], "rotation": 270, "texture": "#3"},
				"west": {"uv": [13, 14.5, 13.5, 14], "rotation": 270, "texture": "#3"},
				"up": {"uv": [3.25, 13.25, 4.5, 12.75], "texture": "#3"},
				"down": {"uv": [12.75, 4, 14, 3.5], "rotation": 180, "texture": "#3"}
			}
		},
		{
			"name": "ПереднЛапа-Право",
			"from": [14.14029, 1.08649, 22.175],
			"to": [15.61529, 6.08649, 24.175],
			"rotation": {"angle": 22.5, "axis": "z", "origin": [14.95, 4.05, 22.925]},
			"faces": {
				"north": {"uv": [13.75, 7.875, 15, 7.5], "rotation": 90, "texture": "#3"},
				"east": {"uv": [12.75, 2.25, 13.25, 1], "rotation": 180, "texture": "#3"},
				"south": {"uv": [14, 3.625, 15.25, 3.25], "rotation": 270, "texture": "#3"},
				"west": {"uv": [12.75, 2.25, 13.25, 3.5], "texture": "#3"},
				"up": {"uv": [15, 8.75, 14.5, 9.125], "rotation": 90, "texture": "#3"},
				"down": {"uv": [9.25, 14.5, 8.75, 14.875], "rotation": 90, "texture": "#3"}
			}
		},
		{
			"name": "ПереднЛапа-Когти-Право",
			"from": [15.025, -1.3, 21.2],
			"to": [16.025, 1.7, 25.2],
			"rotation": {"angle": -22.5, "axis": "z", "origin": [16.025, -0.05, 22.95]},
			"faces": {
				"north": {"uv": [14.25, 10.25, 15, 10], "rotation": 90, "texture": "#3"},
				"east": {"uv": [12.25, 10, 13.25, 9.25], "rotation": 180, "texture": "#3"},
				"south": {"uv": [9.25, 14.75, 10, 14.5], "rotation": 270, "texture": "#3"},
				"west": {"uv": [12.25, 10, 13.25, 10.75], "texture": "#3"},
				"up": {"uv": [12, 7.5, 11, 7.75], "rotation": 90, "texture": "#3"},
				"down": {"uv": [10.75, 4.75, 9.75, 5], "rotation": 90, "texture": "#3"}
			}
		},
		{
			"name": "ПереднЛапа-Когти-Лево",
			"from": [17.525, -3.35, 25.225],
			"to": [20.525, 0.65, 26.225],
			"rotation": {"angle": 45, "axis": "y", "origin": [18.85, -1.1, 26.225]},
			"faces": {
				"north": {"uv": [13.5, 12.75, 12.5, 12], "rotation": 270, "texture": "#3"},
				"east": {"uv": [12.25, 11, 13.25, 10.75], "rotation": 90, "texture": "#3"},
				"south": {"uv": [10.25, 12.5, 9.25, 13.25], "rotation": 270, "texture": "#3"},
				"west": {"uv": [13.75, 5.75, 14.75, 5.5], "rotation": 270, "texture": "#3"},
				"up": {"uv": [14.5, 12.75, 15.25, 12.5], "texture": "#3"},
				"down": {"uv": [14.5, 13, 15.25, 12.75], "rotation": 180, "texture": "#3"}
			}
		},
		{
			"name": "ПереднЛапа-Лево",
			"from": [13.18963, -1.675, 25.10761],
			"to": [18.18963, 0.325, 26.58261],
			"rotation": {"angle": -22.5, "axis": "y", "origin": [16.15, -0.925, 26.3]},
			"faces": {
				"north": {"uv": [8.25, 14, 7.75, 12.75], "rotation": 270, "texture": "#3"},
				"east": {"uv": [14.5, 10.875, 15, 10.5], "rotation": 90, "texture": "#3"},
				"south": {"uv": [7.75, 12.75, 7.25, 14], "rotation": 270, "texture": "#3"},
				"west": {"uv": [14.5, 11.375, 15, 11], "rotation": 270, "texture": "#3"},
				"up": {"uv": [14, 4.125, 15.25, 3.75], "texture": "#3"},
				"down": {"uv": [14, 6.625, 15.25, 6.25], "rotation": 180, "texture": "#3"}
			}
		},
		{
			"name": "ПереднЛапа-Плечо-Лево",
			"from": [9.59111, -1.875, 22.68744],
			"to": [14.59111, 0.125, 24.46244],
			"rotation": {"angle": -45, "axis": "y", "origin": [12.475, -0.875, 23.45]},
			"faces": {
				"north": {"uv": [9.25, 14, 8.75, 12.75], "rotation": 270, "texture": "#3"},
				"east": {"uv": [14, 13.5, 14.5, 13], "rotation": 90, "texture": "#3"},
				"south": {"uv": [8.75, 12.75, 8.25, 14], "rotation": 270, "texture": "#3"},
				"west": {"uv": [13.5, 14.5, 14, 14], "rotation": 270, "texture": "#3"},
				"up": {"uv": [12.75, 4.5, 14, 4], "texture": "#3"},
				"down": {"uv": [12.75, 7, 14, 6.5], "rotation": 180, "texture": "#3"}
			}
		},
		{
			"name": "ЗаднЛапа-Бедр-Право",
			"from": [11.39111, 4.85, 8.69111],
			"to": [15.39111, 6.85, 10.69111],
			"rotation": {"angle": -22.5, "axis": "z", "origin": [13.275, 6.1, 9.575]},
			"faces": {
				"north": {"uv": [14.25, 1.25, 13.75, 2.25], "rotation": 270, "texture": "#3"},
				"east": {"uv": [14, 14.5, 14.5, 14], "rotation": 270, "texture": "#3"},
				"south": {"uv": [14.25, 3.25, 13.75, 2.25], "rotation": 270, "texture": "#3"},
				"west": {"uv": [14, 14, 14.5, 13.5], "rotation": 90, "texture": "#3"},
				"up": {"uv": [13.5, 6.25, 14.5, 5.75], "rotation": 180, "texture": "#3"},
				"down": {"uv": [13.5, 8.75, 14.5, 8.25], "texture": "#3"}
			}
		},
		{
			"name": "ЗаднЛапа-Право",
			"from": [13.80709, 0.90891, 8.65],
			"to": [15.50709, 5.90891, 10.65],
			"rotation": {"angle": 0, "axis": "y", "origin": [14.55, 2.2, 9.55]},
			"faces": {
				"north": {"uv": [7.75, 14.375, 9, 14], "rotation": 90, "texture": "#3"},
				"east": {"uv": [12.5, 14, 13, 12.75], "texture": "#3"},
				"south": {"uv": [6.5, 14.375, 7.75, 14], "rotation": 270, "texture": "#3"},
				"west": {"uv": [1.5, 13, 2, 14.25], "rotation": 180, "texture": "#3"},
				"up": {"uv": [13.5, 14.5, 13, 14.875], "rotation": 90, "texture": "#3"},
				"down": {"uv": [15, 13, 14.5, 13.375], "rotation": 90, "texture": "#3"}
			}
		},
		{
			"name": "ЗаднЛапа-Когти-Право",
			"from": [13.225, -1.7, 7.475],
			"to": [14.225, 2.3, 11.475],
			"rotation": {"angle": 45, "axis": "z", "origin": [14.05, 1.95, 9.55]},
			"faces": {
				"north": {"uv": [14, 7, 15, 6.75], "rotation": 90, "texture": "#3"},
				"east": {"uv": [9.5, 8.75, 10.5, 7.75], "texture": "#3"},
				"south": {"uv": [13.75, 10.5, 14.75, 10.25], "rotation": 270, "texture": "#3"},
				"west": {"uv": [11.5, 12, 12.5, 13], "rotation": 180, "texture": "#3"},
				"up": {"uv": [14.75, 8, 13.75, 8.25], "rotation": 90, "texture": "#3"},
				"down": {"uv": [15, 4.25, 14, 4.5], "rotation": 90, "texture": "#3"}
			}
		},
		{
			"name": "ЗаднЛапа-Когти-Лево",
			"from": [16.175, -0.62515, 2.0117],
			"to": [20.175, 0.37485, 6.0117],
			"rotation": {"angle": 0, "axis": "y", "origin": [18.3, -1.3, 4.05]},
			"faces": {
				"north": {"uv": [15.25, 1, 14.25, 1.25], "texture": "#3"},
				"east": {"uv": [15.25, 0.75, 14.25, 1], "texture": "#3"},
				"south": {"uv": [15.25, 0.5, 14.25, 0.75], "texture": "#3"},
				"west": {"uv": [15.25, 1.25, 14.25, 1.5], "texture": "#3"},
				"up": {"uv": [13.25, 4.75, 12.25, 5.75], "texture": "#3"},
				"down": {"uv": [13.25, 8.5, 12.25, 7.5], "texture": "#3"}
			}
		},
		{
			"name": "ЗаднЛапа-Лево",
			"from": [15.7559, -0.8, 2.32008],
			"to": [17.4559, 1.2, 7.32008],
			"rotation": {"angle": -45, "axis": "y", "origin": [15.05, 4.45, 4.3]},
			"faces": {
				"north": {"uv": [14.5, 13.875, 15, 13.5], "rotation": 270, "texture": "#3"},
				"east": {"uv": [12, 14.25, 11.5, 13], "rotation": 270, "texture": "#3"},
				"south": {"uv": [13.5, 14.875, 14, 14.5], "rotation": 90, "texture": "#3"},
				"west": {"uv": [2.5, 13, 2, 14.25], "rotation": 270, "texture": "#3"},
				"up": {"uv": [15.25, 11.5, 14, 11.875], "rotation": 270, "texture": "#3"},
				"down": {"uv": [15.25, 12, 14, 12.375], "rotation": 270, "texture": "#3"}
			}
		},
		{
			"name": "ЗаднЛапа-Бедр-Лево",
			"from": [11.54896, -1.075, 6.18818],
			"to": [13.54896, 0.925, 10.18818],
			"rotation": {"angle": -45, "axis": "y", "origin": [12.15, 0.175, 8.375]},
			"faces": {
				"north": {"uv": [14.25, 0.5, 14.75, 0], "rotation": 270, "texture": "#3"},
				"east": {"uv": [6.5, 14.75, 6, 13.75], "rotation": 270, "texture": "#3"},
				"south": {"uv": [0, 14.75, 0.5, 14.25], "rotation": 90, "texture": "#3"},
				"west": {"uv": [6, 13.75, 5.5, 14.75], "rotation": 270, "texture": "#3"},
				"up": {"uv": [14.5, 8.75, 13.5, 9.25], "rotation": 270, "texture": "#3"},
				"down": {"uv": [14.75, 4.5, 13.75, 5], "rotation": 270, "texture": "#3"}
			}
		},
		{
			"name": "СреднПлавн-Плечо-Право",
			"from": [10.52619, 5.275, 17.50806],
			"to": [15.52619, 7.275, 19.50806],
			"rotation": {"angle": -22.5, "axis": "z", "origin": [12.625, 6.275, 18.775]},
			"faces": {
				"north": {"uv": [13.25, 2.25, 13.75, 1], "rotation": 270, "texture": "#3"},
				"east": {"uv": [14.75, 2, 14.25, 1.5], "rotation": 270, "texture": "#3"},
				"south": {"uv": [12, 14.25, 12.5, 13], "rotation": 90, "texture": "#3"},
				"west": {"uv": [2, 14.25, 1.5, 14.75], "rotation": 270, "texture": "#3"},
				"up": {"uv": [13.5, 12.75, 13, 14], "rotation": 270, "texture": "#3"},
				"down": {"uv": [13.75, 2.25, 13.25, 3.5], "rotation": 270, "texture": "#3"}
			}
		},
		{
			"name": "СреднПлавник-Право",
			"from": [14.05, 1.025, 15.5],
			"to": [15.825, 4.025, 20.5],
			"rotation": {"angle": -45, "axis": "x", "origin": [15.075, 2.275, 15.5]},
			"faces": {
				"north": {"uv": [13, 14, 12.5, 14.75], "texture": "#3"},
				"east": {"uv": [13.5, 5.75, 12.25, 6.5], "texture": "#3"},
				"south": {"uv": [10.75, 14, 10.25, 14.75], "texture": "#3"},
				"west": {"uv": [13.5, 8.5, 12.25, 9.25], "texture": "#3"},
				"up": {"uv": [3.75, 13.25, 3.25, 14.5], "texture": "#3"},
				"down": {"uv": [4.25, 14.5, 3.75, 13.25], "texture": "#3"}
			}
		},
		{
			"name": "СреднПлавн-Серед-Право",
			"from": [14.05, 1.45, 11.075],
			"to": [15.825, 3.45, 15.075],
			"rotation": {"angle": -45, "axis": "x", "origin": [15.075, 2.7, 15.075]},
			"faces": {
				"north": {"uv": [14.75, 2, 14.25, 2.5], "texture": "#3"},
				"east": {"uv": [14.75, 5, 13.75, 5.5], "texture": "#3"},
				"south": {"uv": [2.5, 14.25, 2, 14.75], "texture": "#3"},
				"west": {"uv": [14.75, 7, 13.75, 7.5], "texture": "#3"},
				"up": {"uv": [14.25, 9.25, 13.75, 10.25], "texture": "#3"},
				"down": {"uv": [1, 15, 0.5, 14], "texture": "#3"}
			}
		},
		{
			"name": "СреднПлавн-Кончик-Право",
			"from": [14.05, 0.9, 10.575],
			"to": [15.825, 1.9, 11.575],
			"rotation": {"angle": -22.5, "axis": "x", "origin": [15.075, 2.15, 15.575]},
			"faces": {
				"north": {"uv": [15.25, 4.5, 14.75, 4.75], "texture": "#3"},
				"east": {"uv": [11, 4.75, 10.75, 5], "texture": "#3"},
				"south": {"uv": [15.25, 3, 14.75, 3.25], "texture": "#3"},
				"west": {"uv": [11.5, 2.5, 11.25, 2.75], "texture": "#3"},
				"up": {"uv": [5.25, 14.75, 4.75, 15], "texture": "#3"},
				"down": {"uv": [15.25, 5, 14.75, 4.75], "texture": "#3"}
			}
		},
		{
			"name": "СреднПлавн-Кончик-Лево",
			"from": [16.575, -1.575, 8.25],
			"to": [17.575, 0.2, 9.25],
			"rotation": {"angle": -22.5, "axis": "y", "origin": [16.325, -0.825, 13.25]},
			"faces": {
				"north": {"uv": [14.75, 4.75, 15.25, 4.5], "rotation": 270, "texture": "#3"},
				"east": {"uv": [15.25, 5, 14.75, 4.75], "rotation": 270, "texture": "#3"},
				"south": {"uv": [14.75, 3.25, 15.25, 3], "rotation": 90, "texture": "#3"},
				"west": {"uv": [5.25, 14.75, 4.75, 15], "rotation": 270, "texture": "#3"},
				"up": {"uv": [11.5, 2.5, 11.25, 2.75], "rotation": 270, "texture": "#3"},
				"down": {"uv": [11, 4.75, 10.75, 5], "rotation": 270, "texture": "#3"}
			}
		},
		{
			"name": "СреднПлавн-Серед-Лево",
			"from": [15.575, -1.575, 9.25],
			"to": [17.575, 0.2, 13.25],
			"rotation": {"angle": -22.5, "axis": "y", "origin": [16.325, -0.825, 13.25]},
			"faces": {
				"north": {"uv": [14.25, 2.5, 14.75, 2], "rotation": 270, "texture": "#3"},
				"east": {"uv": [1, 15, 0.5, 14], "rotation": 270, "texture": "#3"},
				"south": {"uv": [2, 14.75, 2.5, 14.25], "rotation": 90, "texture": "#3"},
				"west": {"uv": [14.25, 9.25, 13.75, 10.25], "rotation": 270, "texture": "#3"},
				"up": {"uv": [14.75, 7, 13.75, 7.5], "rotation": 270, "texture": "#3"},
				"down": {"uv": [14.75, 5, 13.75, 5.5], "rotation": 270, "texture": "#3"}
			}
		},
		{
			"name": "СреднПлавник-Лево",
			"from": [14.575, -1.575, 13.25],
			"to": [17.575, 0.2, 18.25],
			"rotation": {"angle": -22.5, "axis": "y", "origin": [16.325, -0.825, 13.25]},
			"faces": {
				"north": {"uv": [12.5, 14.75, 13, 14], "rotation": 270, "texture": "#3"},
				"east": {"uv": [4.25, 14.5, 3.75, 13.25], "rotation": 270, "texture": "#3"},
				"south": {"uv": [10.25, 14.75, 10.75, 14], "rotation": 90, "texture": "#3"},
				"west": {"uv": [3.75, 13.25, 3.25, 14.5], "rotation": 270, "texture": "#3"},
				"up": {"uv": [13.5, 8.5, 12.25, 9.25], "rotation": 270, "texture": "#3"},
				"down": {"uv": [13.5, 5.75, 12.25, 6.5], "rotation": 270, "texture": "#3"}
			}
		},
		{
			"name": "СреднПлавн-Плечо-Лево",
			"from": [10.3903, -1.625, 17.66489],
			"to": [15.3903, 0.375, 19.66489],
			"rotation": {"angle": 22.5, "axis": "y", "origin": [12.075, -0.625, 18.625]},
			"faces": {
				"north": {"uv": [13.25, 2.25, 13.75, 1], "rotation": 270, "texture": "#3"},
				"east": {"uv": [14.75, 2, 14.25, 1.5], "rotation": 270, "texture": "#3"},
				"south": {"uv": [12, 14.25, 12.5, 13], "rotation": 90, "texture": "#3"},
				"west": {"uv": [2, 14.25, 1.5, 14.75], "rotation": 270, "texture": "#3"},
				"up": {"uv": [13.75, 2.25, 13.25, 3.5], "rotation": 270, "texture": "#3"},
				"down": {"uv": [13.5, 12.75, 13, 14], "rotation": 270, "texture": "#3"}
			}
		}
	],
	"display": {
		"thirdperson_righthand": {
			"rotation": [-168.81, 74.51, 171.25],
			"translation": [0, 5.5, 3.5],
			"scale": [0.81641, 0.81641, 0.81641]
		},
		"thirdperson_lefthand": {
			"translation": [0, 2, 2.75],
			"scale": [0.28711, 0.28711, 0.28711]
		},
		"ground": {
			"scale": [0.5, 0.5, 0.5]
		},
		"gui": {
			"rotation": [-180, 1.5, -180]
		},
		"head": {
			"translation": [0, -34.5, -33],
			"scale": [1.27539, 1.27539, 1.27539]
		},
		"fixed": {
			"rotation": [0, 90, 0],
			"scale": [0.41211, 0.41211, 0.41211]
		}
	},
	"groups": [
		{
			"name": "nairana",
			"origin": [8, 8, 8],
			"color": 0,
			"children": [
				{
					"name": "ОсновноеТело",
					"origin": [8, 8, 8],
					"color": 0,
					"children": [
						0,
						1,
						2,
						{
							"name": "ПлавникиАнтены",
							"origin": [8, 8, 8],
							"color": 0,
							"children": [
								{
									"name": "Лево",
									"origin": [8, 8, 8],
									"color": 0,
									"children": [3, 4, 5, 6]
								},
								{
									"name": "Право",
									"origin": [8, 8, 8],
									"color": 0,
									"children": [7, 8]
								}
							]
						},
						{
							"name": "ПлавникиСредние",
							"origin": [8, 8, 8],
							"color": 0,
							"children": [
								{
									"name": "Право",
									"origin": [8, 8, 8],
									"color": 0,
									"children": [9, 10, 11, 12]
								},
								{
									"name": "Лево",
									"origin": [8, 8, 8],
									"color": 0,
									"children": [13, 14, 15, 16]
								}
							]
						},
						{
							"name": "Антены",
							"origin": [8, 8, 8],
							"color": 0,
							"children": [17, 18, 19, 20]
						},
						{
							"name": "Хвост",
							"origin": [8, 8, 8],
							"color": 0,
							"children": [21, 22, 23, 24, 25, 26, 27]
						}
					]
				},
				{
					"name": "ПередниеЛапы",
					"origin": [8, 8, 8],
					"color": 0,
					"children": [
						{
							"name": "ПереднПраваяЛапа",
							"origin": [8, 8, 8],
							"color": 0,
							"children": [28, 29, 30]
						},
						{
							"name": "ПереднЛеваяЛапа",
							"origin": [8, 8, 8],
							"color": 0,
							"children": [31, 32, 33]
						}
					]
				},
				{
					"name": "ЗадниеЛапы",
					"origin": [8, 8, 8],
					"color": 0,
					"children": [
						{
							"name": "ЗадняяПраваяЛапа",
							"origin": [8, 8, 8],
							"color": 0,
							"children": [34, 35, 36]
						},
						{
							"name": "ЗадняяЛеваяЛапа",
							"origin": [8, 8, 8],
							"color": 0,
							"children": [37, 38, 39]
						}
					]
				},
				{
					"name": "СредниеПлавники",
					"origin": [8, 8, 8],
					"color": 0,
					"children": [
						{
							"name": "СреднийПлавникПраво",
							"origin": [8, 8, 8],
							"color": 0,
							"children": [40, 41, 42, 43]
						},
						{
							"name": "СреднийПлавникЛево",
							"origin": [8, 8, 8],
							"color": 0,
							"children": [44, 45, 46, 47]
						}
					]
				}
			]
		}
	]
}