{
	"format_version": "1.9.0",
	"credit": "Made with Blockbench",
	"texture_size": [64, 64],
	"textures": {
		"4": "neirana_pattern_b",
		"particle": "block/nairanaT"
	},
	"elements": [
		{
			"name": "Голова",
			"from": [2.225, 1.6202, -15.59633],
			"to": [11.225, 10.6202, -5.59633],
			"rotation": {"angle": 0, "axis": "y", "origin": [7, 9.375, -6.3]},
			"faces": {
				"north": {"uv": [4.75, 3.25, 7, 5.5], "texture": "#4"},
				"east": {"uv": [0, 0, 2.5, 2.25], "texture": "#4"},
				"south": {"uv": [1.75, 5, 4, 7.25], "texture": "#4"},
				"west": {"uv": [0, 2.25, 2.5, 4.5], "texture": "#4"},
				"up": {"uv": [4.75, 2.5, 2.5, 0], "texture": "#4"},
				"down": {"uv": [4.75, 2.5, 2.5, 5], "texture": "#4"}
			}
		},
		{
			"name": "Туловище-Хвост",
			"from": [4.625, 2, -2],
			"to": [11.325, 8, 11],
			"rotation": {"angle": 0, "axis": "y", "origin": [7.725, 4, 2.25]},
			"faces": {
				"north": {"uv": [9.25, 10, 10.875, 11.5], "texture": "#4"},
				"east": {"uv": [4, 5.5, 7.25, 7], "texture": "#4"},
				"south": {"uv": [10.5, 7.75, 12.125, 9.25], "texture": "#4"},
				"west": {"uv": [6.5, 0, 9.75, 1.5], "texture": "#4"},
				"up": {"uv": [1.625, 7.75, 0, 4.5], "texture": "#4"},
				"down": {"uv": [6.375, 0, 4.75, 3.25], "texture": "#4"}
			}
		},
		{
			"name": "Тело",
			"from": [4.4, 1.21113, -8.16811],
			"to": [11.55, 9.38613, 0.83189],
			"rotation": {"angle": 0, "axis": "y", "origin": [7.725, 3.825, -2.25]},
			"faces": {
				"north": {"uv": [9.75, 2.75, 11.5, 4.75], "texture": "#4"},
				"east": {"uv": [1.75, 7.25, 4, 9.25], "texture": "#4"},
				"south": {"uv": [5, 10, 6.75, 12], "texture": "#4"},
				"west": {"uv": [7.25, 5, 9.5, 7], "texture": "#4"},
				"up": {"uv": [1.75, 10, 0, 7.75], "texture": "#4"},
				"down": {"uv": [3.5, 9.25, 1.75, 11.5], "texture": "#4"}
			}
		},
		{
			"name": "ЛевоПлавникКреплАнтена1",
			"from": [3.425, 10.63232, -9.39738],
			"to": [4.15, 13.13232, -7.97238],
			"rotation": {"angle": 45, "axis": "x", "origin": [7, 9.375, -6.3]},
			"faces": {
				"north": {"uv": [2.5, 13.5, 2.625, 14.125], "texture": "#4"},
				"east": {"uv": [2.5, 14.25, 2.875, 14.875], "texture": "#4"},
				"south": {"uv": [10.75, 13.5, 10.875, 14.125], "texture": "#4"},
				"west": {"uv": [14.25, 2.5, 14.625, 3.125], "texture": "#4"},
				"up": {"uv": [13.375, 11.875, 13.25, 11.5], "texture": "#4"},
				"down": {"uv": [9.125, 14, 9, 14.375], "texture": "#4"}
			}
		},
		{
			"name": "ЛевоПлавникКреплАнтена2",
			"from": [3.325, 7.6133, -9.89985],
			"to": [4.25, 10.6133, -7.89985],
			"rotation": {"angle": 45, "axis": "x", "origin": [7, 9.375, -6.3]},
			"faces": {
				"north": {"uv": [1.5, 10, 1.75, 10.75], "texture": "#4"},
				"east": {"uv": [3.5, 9.25, 4, 10], "texture": "#4"},
				"south": {"uv": [1.5, 10.75, 1.75, 11.5], "texture": "#4"},
				"west": {"uv": [10.5, 9.25, 11, 10], "texture": "#4"},
				"up": {"uv": [2.5, 5, 2.25, 4.5], "texture": "#4"},
				"down": {"uv": [4.75, 5, 4.5, 5.5], "texture": "#4"}
			}
		},
		{
			"from": [3.775, 7.95, -9.075],
			"to": [3.775, 18.525, -3.7],
			"rotation": {"angle": 22.5, "axis": "x", "origin": [7, 9.375, -6.3]},
			"faces": {
				"north": {"uv": [0, 0, 0, 2.625], "texture": "#4"},
				"east": {"uv": [9.5, 5, 10.875, 7.625], "texture": "#4"},
				"south": {"uv": [0, 0, 0, 2.625], "texture": "#4"},
				"west": {"uv": [9.75, 0, 11.125, 2.625], "texture": "#4"},
				"up": {"uv": [0, 1.375, 0, 0], "texture": "#4"},
				"down": {"uv": [0, 0, 0, 1.375], "texture": "#4"}
			}
		},
		{
			"from": [9.725, 7.95, -9.075],
			"to": [9.725, 18.525, -3.7],
			"rotation": {"angle": 22.5, "axis": "x", "origin": [7, 9.375, -6.3]},
			"faces": {
				"north": {"uv": [0, 0, 0, 2.625], "texture": "#4"},
				"east": {"uv": [0, 10, 1.375, 12.625], "texture": "#4"},
				"south": {"uv": [0, 0, 0, 2.625], "texture": "#4"},
				"west": {"uv": [3.5, 10, 4.875, 12.625], "texture": "#4"},
				"up": {"uv": [0, 1.375, 0, 0], "texture": "#4"},
				"down": {"uv": [0, 0, 0, 1.375], "texture": "#4"}
			}
		},
		{
			"name": "ПравоПлавникКреплАнтена2",
			"from": [9.25, 7.6133, -9.89985],
			"to": [10.175, 10.6133, -7.89985],
			"rotation": {"angle": 45, "axis": "x", "origin": [7, 9.375, -6.3]},
			"faces": {
				"north": {"uv": [11.25, 0, 11.5, 0.75], "texture": "#4"},
				"east": {"uv": [1, 14, 1.5, 14.75], "texture": "#4"},
				"south": {"uv": [11.25, 0.75, 11.5, 1.5], "texture": "#4"},
				"west": {"uv": [4.25, 14, 4.75, 14.75], "texture": "#4"},
				"up": {"uv": [7.25, 5.5, 7, 5], "texture": "#4"},
				"down": {"uv": [11.5, 1.5, 11.25, 2], "texture": "#4"}
			}
		},
		{
			"name": "ПравоПлавникКреплАнтена1",
			"from": [9.35, 10.63232, -9.39738],
			"to": [10.075, 13.13232, -7.97238],
			"rotation": {"angle": 45, "axis": "x", "origin": [7, 9.375, -6.3]},
			"faces": {
				"north": {"uv": [4.75, 14, 4.875, 14.625], "texture": "#4"},
				"east": {"uv": [14.25, 9.25, 14.625, 9.875], "texture": "#4"},
				"south": {"uv": [10, 14.5, 10.125, 15.125], "texture": "#4"},
				"west": {"uv": [10.75, 14.25, 11.125, 14.875], "texture": "#4"},
				"up": {"uv": [9.875, 15.125, 9.75, 14.75], "texture": "#4"},
				"down": {"uv": [10.375, 14.75, 10.25, 15.125], "texture": "#4"}
			}
		},
		{
			"from": [10.1, 7.6, 2.075],
			"to": [10.1, 10.925, 8.575],
			"rotation": {"angle": 0, "axis": "y", "origin": [12.1, 7.8, 3.525]},
			"faces": {
				"north": {"uv": [0, 0, 0, 0.875], "texture": "#4"},
				"east": {"uv": [11, 6.5, 12.625, 7.375], "texture": "#4"},
				"south": {"uv": [0, 0, 0, 0.875], "texture": "#4"},
				"west": {"uv": [9.25, 11.5, 10.875, 12.375], "texture": "#4"},
				"up": {"uv": [0, 1.625, 0, 0], "texture": "#4"},
				"down": {"uv": [0, 0, 0, 1.625], "texture": "#4"}
			}
		},
		{
			"name": "ВерхнийПлавникНачалоПраво",
			"from": [9.575, 7.15971, 1.08649],
			"to": [10.525, 9.05971, 2.76149],
			"rotation": {"angle": 45, "axis": "x", "origin": [8.125, 8.5, 1.85]},
			"faces": {
				"north": {"uv": [11.25, 2, 11.5, 2.5], "texture": "#4"},
				"east": {"uv": [12, 14.25, 12.375, 14.75], "texture": "#4"},
				"south": {"uv": [3.25, 11.5, 3.5, 12], "texture": "#4"},
				"west": {"uv": [3.75, 14.5, 4.125, 15], "texture": "#4"},
				"up": {"uv": [11, 12.875, 10.75, 12.5], "texture": "#4"},
				"down": {"uv": [2.75, 13, 2.5, 13.375], "texture": "#4"}
			}
		},
		{
			"name": "ВерхнийПлавникСередПраво",
			"from": [9.725, 8.5256, 1.77135],
			"to": [10.375, 9.7756, 4.29635],
			"rotation": {"angle": -22.5, "axis": "x", "origin": [7.925, 9.625, 2.8]},
			"faces": {
				"north": {"uv": [10.5, 14.75, 10.625, 15.125], "texture": "#4"},
				"east": {"uv": [11.25, 14.25, 11.875, 14.625], "texture": "#4"},
				"south": {"uv": [11.25, 14.75, 11.375, 15.125], "texture": "#4"},
				"west": {"uv": [3, 14.5, 3.625, 14.875], "texture": "#4"},
				"up": {"uv": [6.375, 15.375, 6.25, 14.75], "texture": "#4"},
				"down": {"uv": [9.375, 14.75, 9.25, 15.375], "texture": "#4"}
			}
		},
		{
			"name": "ВерхнийПлавникКонецПраво",
			"from": [9.825, 9.7256, 4.04635],
			"to": [10.275, 10.7256, 5.72135],
			"rotation": {"angle": -22.5, "axis": "x", "origin": [7.925, 10.725, 5.075]},
			"faces": {
				"north": {"uv": [12, 7.5, 12.125, 7.75], "texture": "#4"},
				"east": {"uv": [14.75, 5, 15.125, 5.25], "texture": "#4"},
				"south": {"uv": [3.25, 12.5, 3.375, 12.75], "texture": "#4"},
				"west": {"uv": [5.25, 14.75, 5.625, 15], "texture": "#4"},
				"up": {"uv": [11.625, 15.125, 11.5, 14.75], "texture": "#4"},
				"down": {"uv": [11.875, 14.75, 11.75, 15.125], "texture": "#4"}
			}
		},
		{
			"from": [5.9, 7.6, 2.075],
			"to": [5.9, 10.925, 8.575],
			"rotation": {"angle": 0, "axis": "y", "origin": [3.9, 7.8, 3.525]},
			"faces": {
				"north": {"uv": [0, 0, 0, 0.875], "texture": "#4"},
				"east": {"uv": [11.5, 11, 13.125, 11.875], "texture": "#4"},
				"south": {"uv": [0, 0, 0, 0.875], "texture": "#4"},
				"west": {"uv": [12, 0, 13.625, 0.875], "texture": "#4"},
				"up": {"uv": [0, 1.625, 0, 0], "texture": "#4"},
				"down": {"uv": [0, 0, 0, 1.625], "texture": "#4"}
			}
		},
		{
			"name": "ВерхнийПлавникНачалоЛево",
			"from": [5.425, 7.15971, 1.08649],
			"to": [6.375, 9.05971, 2.76149],
			"rotation": {"angle": 45, "axis": "x", "origin": [8.125, 8.5, 1.85]},
			"faces": {
				"north": {"uv": [3.25, 12, 3.5, 12.5], "texture": "#4"},
				"east": {"uv": [7.25, 14.5, 7.625, 15], "texture": "#4"},
				"south": {"uv": [12.5, 2.75, 12.75, 3.25], "texture": "#4"},
				"west": {"uv": [7.75, 14.5, 8.125, 15], "texture": "#4"},
				"up": {"uv": [11, 13.375, 10.75, 13], "texture": "#4"},
				"down": {"uv": [4.5, 13.25, 4.25, 13.625], "texture": "#4"}
			}
		},
		{
			"name": "ВерхнийПлавникСередЛево",
			"from": [5.575, 8.5256, 1.77135],
			"to": [6.225, 9.7756, 4.29635],
			"rotation": {"angle": -22.5, "axis": "x", "origin": [7.925, 9.625, 2.8]},
			"faces": {
				"north": {"uv": [12, 14.75, 12.125, 15.125], "texture": "#4"},
				"east": {"uv": [14.5, 5.75, 15.125, 6.125], "texture": "#4"},
				"south": {"uv": [12.25, 14.75, 12.375, 15.125], "texture": "#4"},
				"west": {"uv": [6.5, 14.5, 7.125, 14.875], "texture": "#4"},
				"up": {"uv": [14.875, 9.875, 14.75, 9.25], "texture": "#4"},
				"down": {"uv": [9.625, 14.75, 9.5, 15.375], "texture": "#4"}
			}
		},
		{
			"name": "ВерхнийПлавникКонецЛево",
			"from": [5.675, 9.7256, 4.04635],
			"to": [6.125, 10.7256, 5.72135],
			"rotation": {"angle": -22.5, "axis": "x", "origin": [7.925, 10.725, 5.075]},
			"faces": {
				"north": {"uv": [13.25, 8.25, 13.375, 8.5], "texture": "#4"},
				"east": {"uv": [14.75, 5.25, 15.125, 5.5], "texture": "#4"},
				"south": {"uv": [13.75, 3.25, 13.875, 3.5], "texture": "#4"},
				"west": {"uv": [14.75, 5.5, 15.125, 5.75], "texture": "#4"},
				"up": {"uv": [12.625, 15.125, 12.5, 14.75], "texture": "#4"},
				"down": {"uv": [12.875, 14.75, 12.75, 15.125], "texture": "#4"}
			}
		},
		{
			"name": "антенна-Лево",
			"from": [4.225, 7.99873, -14.14439],
			"to": [4.225, 14.99873, -11.14439],
			"rotation": {"angle": -22.5, "axis": "y", "origin": [4.225, 11.475, -13]},
			"faces": {
				"north": {"uv": [0, 0, 0, 1.75], "texture": "#4"},
				"east": {"uv": [12, 1, 12.75, 2.75], "texture": "#4"},
				"south": {"uv": [0, 0, 0, 1.75], "texture": "#4"},
				"west": {"uv": [5.5, 12, 6.25, 13.75], "texture": "#4"},
				"up": {"uv": [0, 0.75, 0, 0], "texture": "#4"},
				"down": {"uv": [0, 0, 0, 0.75], "texture": "#4"}
			}
		},
		{
			"name": "антенна-Право",
			"from": [9.275, 7.99873, -14.14439],
			"to": [9.275, 14.99873, -11.14439],
			"rotation": {"angle": 22.5, "axis": "y", "origin": [9.275, 11.475, -13]},
			"faces": {
				"north": {"uv": [0, 0, 0, 1.75], "texture": "#4"},
				"east": {"uv": [6.25, 12, 5.5, 13.75], "texture": "#4"},
				"south": {"uv": [0, 0, 0, 1.75], "texture": "#4"},
				"west": {"uv": [12.75, 1, 12, 2.75], "texture": "#4"},
				"up": {"uv": [0, 0.75, 0, 0], "texture": "#4"},
				"down": {"uv": [0, 0, 0, 0.75], "texture": "#4"}
			}
		},
		{
			"name": "АнтенаШарикЛево",
			"from": [3.675, 12.375, -14.325],
			"to": [5.25, 13.975, -12.65],
			"rotation": {"angle": 0, "axis": "y", "origin": [4.175, 12.8, -13.4]},
			"faces": {
				"north": {"uv": [14, 14.5, 14.375, 14.875], "texture": "#4"},
				"east": {"uv": [14.5, 14, 14.875, 14.375], "texture": "#4"},
				"south": {"uv": [14.5, 14.5, 14.875, 14.875], "texture": "#4"},
				"west": {"uv": [0, 14.75, 0.375, 15.125], "texture": "#4"},
				"up": {"uv": [15.125, 0.375, 14.75, 0], "texture": "#4"},
				"down": {"uv": [1.375, 14.75, 1, 15.125], "texture": "#4"}
			}
		},
		{
			"name": "АнтенаШарикПраво",
			"from": [8.25, 12.375, -14.325],
			"to": [9.825, 13.975, -12.65],
			"rotation": {"angle": 0, "axis": "y", "origin": [9.05, 12.975, -13.525]},
			"faces": {
				"north": {"uv": [1.5, 14.75, 1.875, 15.125], "texture": "#4"},
				"east": {"uv": [14.75, 1.5, 15.125, 1.875], "texture": "#4"},
				"south": {"uv": [2, 14.75, 2.375, 15.125], "texture": "#4"},
				"west": {"uv": [14.75, 2, 15.125, 2.375], "texture": "#4"},
				"up": {"uv": [15.125, 2.875, 14.75, 2.5], "texture": "#4"},
				"down": {"uv": [4.625, 14.75, 4.25, 15.125], "texture": "#4"}
			}
		},
		{
			"name": "Хвост",
			"from": [4.575, 0.625, 10.925],
			"to": [9.075, 7.625, 21.925],
			"rotation": {"angle": 0, "axis": "y", "origin": [6.575, 3, 15.175]},
			"faces": {
				"north": {"uv": [11, 4.75, 12.125, 6.5], "texture": "#4"},
				"east": {"uv": [6.5, 1.5, 9.25, 3.25], "texture": "#4"},
				"south": {"uv": [11, 9.25, 12.125, 11], "texture": "#4"},
				"west": {"uv": [7, 3.25, 9.75, 5], "texture": "#4"},
				"up": {"uv": [7.875, 12.75, 6.75, 10], "texture": "#4"},
				"down": {"uv": [9.125, 10, 8, 12.75], "texture": "#4"}
			}
		},
		{
			"name": "ХвостВерхн-конец",
			"from": [6.625, -0.55503, 18.43218],
			"to": [8.775, 4.44497, 31.43218],
			"rotation": {"angle": -22.5, "axis": "x", "origin": [7.45, 4.025, 6.125]},
			"faces": {
				"north": {"uv": [0.5, 12.75, 1, 14], "texture": "#4"},
				"east": {"uv": [4, 8.75, 7.25, 10], "texture": "#4"},
				"south": {"uv": [1, 12.75, 1.5, 14], "texture": "#4"},
				"west": {"uv": [7.25, 8.75, 10.5, 10], "texture": "#4"},
				"up": {"uv": [11.5, 14.25, 11, 11], "texture": "#4"},
				"down": {"uv": [12, 0, 11.5, 3.25], "texture": "#4"}
			}
		},
		{
			"name": "Хвост-конец",
			"from": [6.6, 0.25, 18.35],
			"to": [8.8, 7.25, 29.35],
			"rotation": {"angle": 0, "axis": "y", "origin": [7.45, 4, 6.175]},
			"faces": {
				"north": {"uv": [9.25, 1.5, 9.75, 3.25], "texture": "#4"},
				"east": {"uv": [4, 7, 6.75, 8.75], "texture": "#4"},
				"south": {"uv": [6.25, 12, 6.75, 13.75], "texture": "#4"},
				"west": {"uv": [6.75, 7, 9.5, 8.75], "texture": "#4"},
				"up": {"uv": [3.25, 14.25, 2.75, 11.5], "texture": "#4"},
				"down": {"uv": [5.5, 12, 5, 14.75], "texture": "#4"}
			}
		},
		{
			"name": "ХвостНижнийПереход",
			"from": [6.725, 0.225, 29.1],
			"to": [8.675, 1.025, 30.65],
			"rotation": {"angle": 0, "axis": "y", "origin": [7.45, 4, 6.175]},
			"faces": {
				"north": {"uv": [12.75, 4.5, 13.25, 4.75], "texture": "#4"},
				"east": {"uv": [5.75, 14.75, 6.125, 15], "texture": "#4"},
				"south": {"uv": [13.5, 6.25, 14, 6.5], "texture": "#4"},
				"west": {"uv": [14.75, 7, 15.125, 7.25], "texture": "#4"},
				"up": {"uv": [8.75, 14.875, 8.25, 14.5], "texture": "#4"},
				"down": {"uv": [15, 8.25, 14.5, 8.625], "texture": "#4"}
			}
		},
		{
			"name": "ХвостНижнийУгол",
			"from": [6.75, -8.12276, 25.64271],
			"to": [8.65, -3.87276, 27.64271],
			"rotation": {"angle": -22.5, "axis": "x", "origin": [7.45, 4, 6.175]},
			"faces": {
				"north": {"uv": [13.25, 4.5, 13.75, 5.625], "texture": "#4"},
				"east": {"uv": [13.25, 7, 13.75, 8.125], "texture": "#4"},
				"south": {"uv": [9.25, 13.25, 9.75, 14.375], "texture": "#4"},
				"west": {"uv": [13.25, 9.25, 13.75, 10.375], "texture": "#4"},
				"up": {"uv": [2.25, 5, 1.75, 4.5], "texture": "#4"},
				"down": {"uv": [4.5, 5, 4, 5.5], "texture": "#4"}
			}
		},
		{
			"name": "ХвостПереходВерхний",
			"from": [6.7, 2.30205, 14.07473],
			"to": [8.7, 4.37705, 18.49973],
			"rotation": {"angle": -22.5, "axis": "x", "origin": [7.45, 4, 6.175]},
			"faces": {
				"north": {"uv": [12, 2.75, 12.5, 3.25], "texture": "#4"},
				"east": {"uv": [13.25, 10.5, 14.375, 11], "texture": "#4"},
				"south": {"uv": [12.75, 7, 13.25, 7.5], "texture": "#4"},
				"west": {"uv": [13.25, 11, 14.375, 11.5], "texture": "#4"},
				"up": {"uv": [10.25, 14.375, 9.75, 13.25], "texture": "#4"},
				"down": {"uv": [14, 11.5, 13.5, 12.625], "texture": "#4"}
			}
		},
		{
			"name": "ХвостВерхнийУгол",
			"from": [6.725, 13.32, 22.62133],
			"to": [8.675, 18.645, 27.29633],
			"rotation": {"angle": 22.5, "axis": "x", "origin": [7.45, 4, 6.175]},
			"faces": {
				"north": {"uv": [10.25, 12.5, 10.75, 13.875], "texture": "#4"},
				"east": {"uv": [1.5, 11.5, 2.625, 12.875], "texture": "#4"},
				"south": {"uv": [0, 12.75, 0.5, 14.125], "texture": "#4"},
				"west": {"uv": [11.5, 3.25, 12.625, 4.625], "texture": "#4"},
				"up": {"uv": [14, 13.875, 13.5, 12.75], "texture": "#4"},
				"down": {"uv": [14.25, 0, 13.75, 1.125], "texture": "#4"}
			}
		},
		{
			"name": "ПереднЛапа-Право",
			"from": [13.88306, 0.192, -10.975],
			"to": [18.88306, 1.667, -8.975],
			"rotation": {"angle": 22.5, "axis": "y", "origin": [14.9, 0.85, -9.975]},
			"faces": {
				"north": {"uv": [14, 3.25, 15.25, 3.625], "texture": "#4"},
				"east": {"uv": [8.75, 14.5, 9.25, 14.875], "texture": "#4"},
				"south": {"uv": [13.75, 7.5, 15, 7.875], "texture": "#4"},
				"west": {"uv": [14.5, 8.75, 15, 9.125], "texture": "#4"},
				"up": {"uv": [13.25, 2.25, 12.75, 1], "rotation": 90, "texture": "#4"},
				"down": {"uv": [13.25, 2.25, 12.75, 3.5], "rotation": 270, "texture": "#4"}
			}
		},
		{
			"name": "ПереднЛапа-Плечо-Право",
			"from": [10.5321, 1.55, -10.31422],
			"to": [15.5321, 3.55, -8.53922],
			"rotation": {"angle": -22.5, "axis": "z", "origin": [11.825, 2.8, -9.125]},
			"faces": {
				"north": {"uv": [5, 14, 4.5, 12.75], "rotation": 270, "texture": "#4"},
				"east": {"uv": [14, 12.5, 14.5, 13], "rotation": 90, "texture": "#4"},
				"south": {"uv": [7.25, 12.75, 6.75, 14], "rotation": 270, "texture": "#4"},
				"west": {"uv": [13, 14, 13.5, 14.5], "rotation": 270, "texture": "#4"},
				"up": {"uv": [3.25, 12.75, 4.5, 13.25], "texture": "#4"},
				"down": {"uv": [12.75, 3.5, 14, 4], "rotation": 180, "texture": "#4"}
			}
		},
		{
			"name": "ПереднЛапа-Когти-Право",
			"from": [16.4, 0, -13.95],
			"to": [20.4, 1, -10.95],
			"rotation": {"angle": -22.5, "axis": "y", "origin": [18.65, 0.5, -11.45]},
			"faces": {
				"north": {"uv": [9.75, 4.75, 10.75, 5], "texture": "#4"},
				"east": {"uv": [14.25, 10, 15, 10.25], "texture": "#4"},
				"south": {"uv": [11, 7.5, 12, 7.75], "texture": "#4"},
				"west": {"uv": [9.25, 14.5, 10, 14.75], "texture": "#4"},
				"up": {"uv": [13.25, 10, 12.25, 9.25], "texture": "#4"},
				"down": {"uv": [13.25, 10, 12.25, 10.75], "texture": "#4"}
			}
		},
		{
			"name": "ПереднЛапа-Лево",
			"from": [-2.15, 0.30663, -13.85045],
			"to": [-0.15, 1.78163, -8.85045],
			"rotation": {"angle": 22.5, "axis": "y", "origin": [-1.15, 0.925, -10.425]},
			"faces": {
				"north": {"uv": [14.5, 10.5, 15, 10.875], "texture": "#4"},
				"east": {"uv": [14, 3.75, 15.25, 4.125], "texture": "#4"},
				"south": {"uv": [14.5, 11, 15, 11.375], "texture": "#4"},
				"west": {"uv": [14, 6.25, 15.25, 6.625], "texture": "#4"},
				"up": {"uv": [7.75, 14, 7.25, 12.75], "texture": "#4"},
				"down": {"uv": [8.25, 12.75, 7.75, 14], "texture": "#4"}
			}
		},
		{
			"name": "ПереднЛапа-Плечо-Лево",
			"from": [-1.6071, 1.7, -10.28566],
			"to": [3.3929, 3.7, -8.51066],
			"rotation": {"angle": 22.5, "axis": "z", "origin": [2.1, 2.7, -9.45]},
			"faces": {
				"north": {"uv": [8.75, 14, 8.25, 12.75], "rotation": 90, "texture": "#4"},
				"east": {"uv": [13.5, 14, 14, 14.5], "rotation": 90, "texture": "#4"},
				"south": {"uv": [9.25, 12.75, 8.75, 14], "rotation": 90, "texture": "#4"},
				"west": {"uv": [14, 13, 14.5, 13.5], "rotation": 270, "texture": "#4"},
				"up": {"uv": [12.75, 6.5, 14, 7], "texture": "#4"},
				"down": {"uv": [12.75, 4, 14, 4.5], "rotation": 180, "texture": "#4"}
			}
		},
		{
			"name": "ПереднЛапа-Когти-Лево",
			"from": [-4.225, 0, -15.55],
			"to": [-0.225, 1, -12.55],
			"rotation": {"angle": 22.5, "axis": "y", "origin": [-1.975, 0.5, -12.8]},
			"faces": {
				"north": {"uv": [12.25, 10.75, 13.25, 11], "texture": "#4"},
				"east": {"uv": [14.5, 12.5, 15.25, 12.75], "texture": "#4"},
				"south": {"uv": [13.75, 5.5, 14.75, 5.75], "texture": "#4"},
				"west": {"uv": [14.5, 12.75, 15.25, 13], "texture": "#4"},
				"up": {"uv": [10.25, 13.25, 9.25, 12.5], "texture": "#4"},
				"down": {"uv": [13.5, 12, 12.5, 12.75], "texture": "#4"}
			}
		},
		{
			"name": "ЗаднЛапа-Право",
			"from": [11.925, 1.14805, 5.84663],
			"to": [13.925, 2.84805, 10.84663],
			"rotation": {"angle": 22.5, "axis": "x", "origin": [13.175, 2, 7.075]},
			"faces": {
				"north": {"uv": [13, 14.5, 13.5, 14.875], "texture": "#4"},
				"east": {"uv": [6.5, 14, 7.75, 14.375], "texture": "#4"},
				"south": {"uv": [14.5, 13, 15, 13.375], "texture": "#4"},
				"west": {"uv": [7.75, 14, 9, 14.375], "texture": "#4"},
				"up": {"uv": [13, 14, 12.5, 12.75], "texture": "#4"},
				"down": {"uv": [2, 13, 1.5, 14.25], "texture": "#4"}
			}
		},
		{
			"name": "ЗаднЛапа-Бедр-Право",
			"from": [11.3, 1.82678, 5.66244],
			"to": [13.3, 5.82678, 7.66244],
			"rotation": {"angle": 0, "axis": "y", "origin": [12.3, 4.65, 6.425]},
			"faces": {
				"north": {"uv": [14.25, 2.25, 13.75, 3.25], "rotation": 180, "texture": "#4"},
				"east": {"uv": [13.5, 5.75, 14.5, 6.25], "rotation": 270, "texture": "#4"},
				"south": {"uv": [14.25, 2.25, 13.75, 1.25], "texture": "#4"},
				"west": {"uv": [13.5, 8.25, 14.5, 8.75], "rotation": 90, "texture": "#4"},
				"up": {"uv": [14, 13.5, 14.5, 14], "rotation": 180, "texture": "#4"},
				"down": {"uv": [14, 14, 14.5, 14.5], "texture": "#4"}
			}
		},
		{
			"name": "ЗаднЛапа-Когти-Право",
			"from": [11.275, 0, 9.35],
			"to": [15.275, 1, 13.35],
			"rotation": {"angle": 22.5, "axis": "y", "origin": [13.275, 0.75, 10.85]},
			"faces": {
				"north": {"uv": [13.75, 8, 14.75, 8.25], "texture": "#4"},
				"east": {"uv": [13.75, 10.25, 14.75, 10.5], "texture": "#4"},
				"south": {"uv": [14, 4.25, 15, 4.5], "texture": "#4"},
				"west": {"uv": [14, 6.75, 15, 7], "texture": "#4"},
				"up": {"uv": [10.5, 8.75, 9.5, 7.75], "texture": "#4"},
				"down": {"uv": [12.5, 12, 11.5, 13], "texture": "#4"}
			}
		},
		{
			"name": "ЗаднЛапа-Лево",
			"from": [2.025, 1.24372, 5.7776],
			"to": [4.025, 2.94372, 10.7776],
			"rotation": {"angle": 22.5, "axis": "x", "origin": [2.775, 2, 6.775]},
			"faces": {
				"north": {"uv": [13.5, 14.5, 14, 14.875], "texture": "#4"},
				"east": {"uv": [14, 11.5, 15.25, 11.875], "texture": "#4"},
				"south": {"uv": [14.5, 13.5, 15, 13.875], "texture": "#4"},
				"west": {"uv": [14, 12, 15.25, 12.375], "texture": "#4"},
				"up": {"uv": [2.5, 14.25, 2, 13], "texture": "#4"},
				"down": {"uv": [12, 13, 11.5, 14.25], "texture": "#4"}
			}
		},
		{
			"name": "ЗаднЛапа-Бедр-Лево",
			"from": [2.65, 1.82678, 5.66244],
			"to": [4.65, 5.82678, 7.66244],
			"rotation": {"angle": 0, "axis": "y", "origin": [3.9, 4.65, 6.425]},
			"faces": {
				"north": {"uv": [6.5, 13.75, 6, 14.75], "rotation": 180, "texture": "#4"},
				"east": {"uv": [13.5, 8.75, 14.5, 9.25], "rotation": 270, "texture": "#4"},
				"south": {"uv": [6, 14.75, 5.5, 13.75], "texture": "#4"},
				"west": {"uv": [13.75, 4.5, 14.75, 5], "rotation": 90, "texture": "#4"},
				"up": {"uv": [0, 14.25, 0.5, 14.75], "rotation": 180, "texture": "#4"},
				"down": {"uv": [14.25, 0, 14.75, 0.5], "texture": "#4"}
			}
		},
		{
			"name": "ЗаднЛапа-Когти-Лево",
			"from": [1.025, 0, 9.275],
			"to": [5.025, 1, 13.275],
			"rotation": {"angle": -22.5, "axis": "y", "origin": [3.275, 0.5, 10.525]},
			"faces": {
				"north": {"uv": [14.25, 0.5, 15.25, 0.75], "texture": "#4"},
				"east": {"uv": [14.25, 0.75, 15.25, 1], "texture": "#4"},
				"south": {"uv": [14.25, 1, 15.25, 1.25], "texture": "#4"},
				"west": {"uv": [14.25, 1.25, 15.25, 1.5], "texture": "#4"},
				"up": {"uv": [13.25, 5.75, 12.25, 4.75], "texture": "#4"},
				"down": {"uv": [13.25, 7.5, 12.25, 8.5], "texture": "#4"}
			}
		},
		{
			"name": "СреднПлавн-Плечо-Право",
			"from": [11.275, 0.26187, -2.8244],
			"to": [13.275, 5.26187, -0.8244],
			"rotation": {"angle": 45, "axis": "x", "origin": [12.025, 3.625, -1.9]},
			"faces": {
				"north": {"uv": [12, 13, 12.5, 14.25], "texture": "#4"},
				"east": {"uv": [13, 12.75, 13.5, 14], "texture": "#4"},
				"south": {"uv": [13.25, 1, 13.75, 2.25], "texture": "#4"},
				"west": {"uv": [13.25, 2.25, 13.75, 3.5], "texture": "#4"},
				"up": {"uv": [2, 14.75, 1.5, 14.25], "texture": "#4"},
				"down": {"uv": [14.75, 1.5, 14.25, 2], "texture": "#4"}
			}
		},
		{
			"name": "СреднПлавник-Право",
			"from": [15.15, 0, -5.875],
			"to": [16.925, 3, -0.875],
			"rotation": {"angle": 45, "axis": "y", "origin": [16.175, 1.25, -0.875]},
			"faces": {
				"north": {"uv": [10.25, 14, 10.75, 14.75], "texture": "#4"},
				"east": {"uv": [12.25, 5.75, 13.5, 6.5], "texture": "#4"},
				"south": {"uv": [12.5, 14, 13, 14.75], "texture": "#4"},
				"west": {"uv": [12.25, 8.5, 13.5, 9.25], "texture": "#4"},
				"up": {"uv": [3.75, 14.5, 3.25, 13.25], "texture": "#4"},
				"down": {"uv": [4.25, 13.25, 3.75, 14.5], "texture": "#4"}
			}
		},
		{
			"name": "СреднПлавн-Серед-Право",
			"from": [15.15, 0, -0.875],
			"to": [16.925, 2, 3.125],
			"rotation": {"angle": 45, "axis": "y", "origin": [16.175, 1.25, -0.875]},
			"faces": {
				"north": {"uv": [2, 14.25, 2.5, 14.75], "texture": "#4"},
				"east": {"uv": [13.75, 5, 14.75, 5.5], "texture": "#4"},
				"south": {"uv": [14.25, 2, 14.75, 2.5], "texture": "#4"},
				"west": {"uv": [13.75, 7, 14.75, 7.5], "texture": "#4"},
				"up": {"uv": [14.25, 10.25, 13.75, 9.25], "texture": "#4"},
				"down": {"uv": [1, 14, 0.5, 15], "texture": "#4"}
			}
		},
		{
			"name": "СреднПлавн-Кончик-Право",
			"from": [15.15, 0, 3.125],
			"to": [16.925, 1, 4.125],
			"rotation": {"angle": 45, "axis": "y", "origin": [16.175, 1.25, -0.875]},
			"faces": {
				"north": {"uv": [14.75, 3, 15.25, 3.25], "texture": "#4"},
				"east": {"uv": [10.75, 4.75, 11, 5], "texture": "#4"},
				"south": {"uv": [14.75, 4.5, 15.25, 4.75], "texture": "#4"},
				"west": {"uv": [11.25, 2.5, 11.5, 2.75], "texture": "#4"},
				"up": {"uv": [5.25, 15, 4.75, 14.75], "texture": "#4"},
				"down": {"uv": [15.25, 4.75, 14.75, 5], "texture": "#4"}
			}
		},
		{
			"name": "СреднПлавник-Лево",
			"from": [-0.775, 0, -6.175],
			"to": [1, 3, -1.175],
			"rotation": {"angle": -45, "axis": "y", "origin": [-0.025, 1.25, -1.175]},
			"faces": {
				"north": {"uv": [10.25, 14, 10.75, 14.75], "texture": "#4"},
				"east": {"uv": [12.25, 8.5, 13.5, 9.25], "texture": "#4"},
				"south": {"uv": [12.5, 14, 13, 14.75], "texture": "#4"},
				"west": {"uv": [12.25, 5.75, 13.5, 6.5], "texture": "#4"},
				"up": {"uv": [3.25, 13.25, 3.75, 14.5], "texture": "#4"},
				"down": {"uv": [3.75, 13.25, 4.25, 14.5], "texture": "#4"}
			}
		},
		{
			"name": "СреднПлавн-Серед-Лево",
			"from": [-0.775, 0, -1.175],
			"to": [1, 2, 2.825],
			"rotation": {"angle": -45, "axis": "y", "origin": [-0.025, 1.25, -1.175]},
			"faces": {
				"north": {"uv": [2, 14.25, 2.5, 14.75], "texture": "#4"},
				"east": {"uv": [13.75, 7, 14.75, 7.5], "texture": "#4"},
				"south": {"uv": [14.25, 2, 14.75, 2.5], "texture": "#4"},
				"west": {"uv": [13.75, 5, 14.75, 5.5], "texture": "#4"},
				"up": {"uv": [13.75, 9.25, 14.25, 10.25], "texture": "#4"},
				"down": {"uv": [0.5, 14, 1, 15], "texture": "#4"}
			}
		},
		{
			"name": "СреднПлавн-Кончик-Лево",
			"from": [-0.775, 0, 2.825],
			"to": [1, 1, 3.825],
			"rotation": {"angle": -45, "axis": "y", "origin": [-0.025, 1.25, -1.175]},
			"faces": {
				"north": {"uv": [14.75, 3, 15.25, 3.25], "texture": "#4"},
				"east": {"uv": [11.25, 2.5, 11.5, 2.75], "texture": "#4"},
				"south": {"uv": [14.75, 4.5, 15.25, 4.75], "texture": "#4"},
				"west": {"uv": [10.75, 4.75, 11, 5], "texture": "#4"},
				"up": {"uv": [4.75, 14.75, 5.25, 15], "texture": "#4"},
				"down": {"uv": [14.75, 4.75, 15.25, 5], "texture": "#4"}
			}
		},
		{
			"name": "СреднПлавн-Плечо-Лево",
			"from": [2.725, 0.35754, -2.63037],
			"to": [4.725, 5.35754, -0.63037],
			"rotation": {"angle": 45, "axis": "x", "origin": [3.975, 3.625, -1.475]},
			"faces": {
				"north": {"uv": [12, 13, 12.5, 14.25], "texture": "#4"},
				"east": {"uv": [13.25, 2.25, 13.75, 3.5], "texture": "#4"},
				"south": {"uv": [13.25, 1, 13.75, 2.25], "texture": "#4"},
				"west": {"uv": [13, 12.75, 13.5, 14], "texture": "#4"},
				"up": {"uv": [1.5, 14.25, 2, 14.75], "texture": "#4"},
				"down": {"uv": [14.25, 1.5, 14.75, 2], "texture": "#4"}
			}
		}
	],
	"display": {
		"thirdperson_righthand": {
			"rotation": [-168.81, 74.51, 171.25],
			"translation": [0, 5.5, 3.5],
			"scale": [0.81641, 0.81641, 0.81641]
		},
		"thirdperson_lefthand": {
			"translation": [0, 2, 2.75],
			"scale": [0.28711, 0.28711, 0.28711]
		},
		"ground": {
			"scale": [0.5, 0.5, 0.5]
		},
		"gui": {
			"rotation": [-180, 1.5, -180]
		},
		"head": {
			"translation": [0, -34.5, -33],
			"scale": [1.27539, 1.27539, 1.27539]
		},
		"fixed": {
			"rotation": [0, 90, 0],
			"scale": [0.41211, 0.41211, 0.41211]
		}
	},
	"groups": [
		{
			"name": "nairana",
			"origin": [8, 8, 8],
			"color": 0,
			"children": [
				{
					"name": "ОсновноеТело",
					"origin": [8, 8, 8],
					"color": 0,
					"children": [
						0,
						1,
						2,
						{
							"name": "ПлавникиАнтены",
							"origin": [8, 8, 8],
							"color": 0,
							"children": [
								{
									"name": "Лево",
									"origin": [8, 8, 8],
									"color": 0,
									"children": [3, 4, 5, 6]
								},
								{
									"name": "Право",
									"origin": [8, 8, 8],
									"color": 0,
									"children": [7, 8]
								}
							]
						},
						{
							"name": "ПлавникиСредние",
							"origin": [8, 8, 8],
							"color": 0,
							"children": [
								{
									"name": "Право",
									"origin": [8, 8, 8],
									"color": 0,
									"children": [9, 10, 11, 12]
								},
								{
									"name": "Лево",
									"origin": [8, 8, 8],
									"color": 0,
									"children": [13, 14, 15, 16]
								}
							]
						},
						{
							"name": "Антены",
							"origin": [8, 8, 8],
							"color": 0,
							"children": [17, 18, 19, 20]
						},
						{
							"name": "Хвост",
							"origin": [8, 8, 8],
							"color": 0,
							"children": [21, 22, 23, 24, 25, 26, 27]
						}
					]
				},
				{
					"name": "ПередниеЛапы",
					"origin": [8, 8, 8],
					"color": 0,
					"children": [
						{
							"name": "ПереднПраваяЛапа",
							"origin": [8, 8, 8],
							"color": 0,
							"children": [28, 29, 30]
						},
						{
							"name": "ПереднЛеваяЛапа",
							"origin": [8, 8, 8],
							"color": 0,
							"children": [31, 32, 33]
						}
					]
				},
				{
					"name": "ЗадниеЛапы",
					"origin": [8, 8, 8],
					"color": 0,
					"children": [
						{
							"name": "ЗадняяПраваяЛапа",
							"origin": [8, 8, 8],
							"color": 0,
							"children": [34, 35, 36]
						},
						{
							"name": "ЗадняяЛеваяЛапа",
							"origin": [8, 8, 8],
							"color": 0,
							"children": [37, 38, 39]
						}
					]
				},
				{
					"name": "СредниеПлавники",
					"origin": [8, 8, 8],
					"color": 0,
					"children": [
						{
							"name": "СреднийПлавникПраво",
							"origin": [8, 8, 8],
							"color": 0,
							"children": [40, 41, 42, 43]
						},
						{
							"name": "СреднийПлавникЛево",
							"origin": [8, 8, 8],
							"color": 0,
							"children": [44, 45, 46, 47]
						}
					]
				}
			]
		}
	]
}