{
	"format_version": "1.9.0",
	"credit": "Made with Blockbench",
	"texture_size": [64, 64],
	"textures": {
		"4": "neirana_pattern_b",
		"particle": "block/nairanaT"
	},
	"elements": [
		{
			"name": "Голова",
			"from": [2.2452, -0.8, -15.99633],
			"to": [11.2452, 8.2, -5.99633],
			"rotation": {"angle": 22.5, "axis": "y", "origin": [11.25, 3.475, -10.2]},
			"faces": {
				"north": {"uv": [4.75, 5.5, 7, 3.25], "rotation": 90, "texture": "#4"},
				"east": {"uv": [4.75, 0, 2.5, 2.5], "rotation": 270, "texture": "#4"},
				"south": {"uv": [1.75, 7.25, 4, 5], "rotation": 270, "texture": "#4"},
				"west": {"uv": [4.75, 5, 2.5, 2.5], "rotation": 270, "texture": "#4"},
				"up": {"uv": [0, 2.25, 2.5, 0], "rotation": 270, "texture": "#4"},
				"down": {"uv": [0, 4.5, 2.5, 2.25], "rotation": 270, "texture": "#4"}
			}
		},
		{
			"name": "Туловище-Хвост",
			"from": [4.675, -0.35, -1.325],
			"to": [10.675, 6.35, 11.675],
			"rotation": {"angle": 0, "axis": "y", "origin": [6.675, 2.75, 2.925]},
			"faces": {
				"north": {"uv": [9.25, 11.5, 10.875, 10], "rotation": 90, "texture": "#4"},
				"east": {"uv": [1.625, 4.5, 0, 7.75], "rotation": 270, "texture": "#4"},
				"south": {"uv": [10.5, 9.25, 12.125, 7.75], "rotation": 270, "texture": "#4"},
				"west": {"uv": [6.375, 3.25, 4.75, 0], "rotation": 270, "texture": "#4"},
				"up": {"uv": [4, 7, 7.25, 5.5], "rotation": 270, "texture": "#4"},
				"down": {"uv": [6.5, 1.5, 9.75, 0], "rotation": 270, "texture": "#4"}
			}
		},
		{
			"name": "Тело",
			"from": [3.31113, -0.075, -9.41811],
			"to": [11.48613, 7.075, -0.41811],
			"rotation": {"angle": 0, "axis": "y", "origin": [5.925, 3.25, -3.5]},
			"faces": {
				"north": {"uv": [9.75, 4.75, 11.5, 2.75], "rotation": 90, "texture": "#4"},
				"east": {"uv": [1.75, 7.75, 0, 10], "rotation": 270, "texture": "#4"},
				"south": {"uv": [5, 12, 6.75, 10], "rotation": 270, "texture": "#4"},
				"west": {"uv": [3.5, 11.5, 1.75, 9.25], "rotation": 270, "texture": "#4"},
				"up": {"uv": [1.75, 9.25, 4, 7.25], "rotation": 270, "texture": "#4"},
				"down": {"uv": [7.25, 7, 9.5, 5], "rotation": 270, "texture": "#4"}
			}
		},
		{
			"name": "ЛевоПлавникКреплАнтена1",
			"from": [13.81546, 0.35, -10.08004],
			"to": [16.31546, 1.075, -8.65504],
			"rotation": {"angle": -22.5, "axis": "y", "origin": [11.25, 3.475, -10.2]},
			"faces": {
				"north": {"uv": [2.5, 14.125, 2.625, 13.5], "rotation": 90, "texture": "#4"},
				"east": {"uv": [13.375, 11.5, 13.25, 11.875], "rotation": 270, "texture": "#4"},
				"south": {"uv": [10.75, 14.125, 10.875, 13.5], "rotation": 270, "texture": "#4"},
				"west": {"uv": [9.125, 14.375, 9, 14], "rotation": 270, "texture": "#4"},
				"up": {"uv": [2.5, 14.875, 2.875, 14.25], "rotation": 270, "texture": "#4"},
				"down": {"uv": [14.25, 3.125, 14.625, 2.5], "rotation": 270, "texture": "#4"}
			}
		},
		{
			"name": "ЛевоПлавникКреплАнтена2",
			"from": [10.95554, 0.25, -10.56484],
			"to": [13.95554, 1.175, -8.56484],
			"rotation": {"angle": -22.5, "axis": "y", "origin": [11.25, 3.475, -10.2]},
			"faces": {
				"north": {"uv": [1.5, 10.75, 1.75, 10], "rotation": 90, "texture": "#4"},
				"east": {"uv": [2.5, 4.5, 2.25, 5], "rotation": 270, "texture": "#4"},
				"south": {"uv": [1.5, 11.5, 1.75, 10.75], "rotation": 270, "texture": "#4"},
				"west": {"uv": [4.75, 5.5, 4.5, 5], "rotation": 270, "texture": "#4"},
				"up": {"uv": [3.5, 10, 4, 9.25], "rotation": 270, "texture": "#4"},
				"down": {"uv": [10.5, 10, 11, 9.25], "rotation": 270, "texture": "#4"}
			}
		},
		{
			"from": [9.94257, 0.7, -9.42474],
			"to": [20.51757, 0.7, -4.04974],
			"rotation": {"angle": 0, "axis": "y", "origin": [11.25, 3.475, -10.2]},
			"faces": {
				"north": {"uv": [0, 2.625, 0, 0], "rotation": 90, "texture": "#4"},
				"east": {"uv": [0, 0, 0, 1.375], "rotation": 270, "texture": "#4"},
				"south": {"uv": [0, 2.625, 0, 0], "rotation": 270, "texture": "#4"},
				"west": {"uv": [0, 1.375, 0, 0], "rotation": 270, "texture": "#4"},
				"up": {"uv": [9.5, 7.625, 10.875, 5], "rotation": 270, "texture": "#4"},
				"down": {"uv": [9.75, 2.625, 11.125, 0], "rotation": 270, "texture": "#4"}
			}
		},
		{
			"from": [9.94258, 6.7, -9.42475],
			"to": [20.51758, 6.7, -4.04975],
			"rotation": {"angle": 0, "axis": "y", "origin": [11.25, 3.475, -10.2]},
			"faces": {
				"north": {"uv": [0, 2.625, 0, 0], "rotation": 90, "texture": "#4"},
				"east": {"uv": [0, 0, 0, 1.375], "rotation": 270, "texture": "#4"},
				"south": {"uv": [0, 2.625, 0, 0], "rotation": 270, "texture": "#4"},
				"west": {"uv": [0, 1.375, 0, 0], "rotation": 270, "texture": "#4"},
				"up": {"uv": [0, 12.625, 1.375, 10], "rotation": 270, "texture": "#4"},
				"down": {"uv": [3.5, 12.625, 4.875, 10], "rotation": 270, "texture": "#4"}
			}
		},
		{
			"name": "ПравоПлавникКреплАнтена2",
			"from": [10.95555, 6.225, -10.56484],
			"to": [13.95555, 7.15, -8.56484],
			"rotation": {"angle": -22.5, "axis": "y", "origin": [11.25, 3.475, -10.2]},
			"faces": {
				"north": {"uv": [11.25, 0.75, 11.5, 0], "rotation": 90, "texture": "#4"},
				"east": {"uv": [7.25, 5, 7, 5.5], "rotation": 270, "texture": "#4"},
				"south": {"uv": [11.25, 1.5, 11.5, 0.75], "rotation": 270, "texture": "#4"},
				"west": {"uv": [11.5, 2, 11.25, 1.5], "rotation": 270, "texture": "#4"},
				"up": {"uv": [1, 14.75, 1.5, 14], "rotation": 270, "texture": "#4"},
				"down": {"uv": [4.25, 14.75, 4.75, 14], "rotation": 270, "texture": "#4"}
			}
		},
		{
			"name": "ПравоПлавникКреплАнтена1",
			"from": [13.93921, 6.325, -10.06237],
			"to": [16.43921, 7.05, -8.63737],
			"rotation": {"angle": -22.5, "axis": "y", "origin": [11.25, 3.475, -10.2]},
			"faces": {
				"north": {"uv": [4.75, 14.625, 4.875, 14], "rotation": 90, "texture": "#4"},
				"east": {"uv": [9.875, 14.75, 9.75, 15.125], "rotation": 270, "texture": "#4"},
				"south": {"uv": [10, 15.125, 10.125, 14.5], "rotation": 270, "texture": "#4"},
				"west": {"uv": [10.375, 15.125, 10.25, 14.75], "rotation": 270, "texture": "#4"},
				"up": {"uv": [14.25, 9.875, 14.625, 9.25], "rotation": 270, "texture": "#4"},
				"down": {"uv": [10.75, 14.875, 11.125, 14.25], "rotation": 270, "texture": "#4"}
			}
		},
		{
			"from": [10.275, 5.125, 2.75],
			"to": [13.6, 5.125, 9.25],
			"rotation": {"angle": 0, "axis": "y", "origin": [10.475, 7.125, 4.2]},
			"faces": {
				"north": {"uv": [0, 0.875, 0, 0], "rotation": 90, "texture": "#4"},
				"east": {"uv": [0, 0, 0, 1.625], "rotation": 270, "texture": "#4"},
				"south": {"uv": [0, 0.875, 0, 0], "rotation": 270, "texture": "#4"},
				"west": {"uv": [0, 1.625, 0, 0], "rotation": 270, "texture": "#4"},
				"up": {"uv": [11, 7.375, 12.625, 6.5], "rotation": 270, "texture": "#4"},
				"down": {"uv": [9.25, 12.375, 10.875, 11.5], "rotation": 270, "texture": "#4"}
			}
		},
		{
			"name": "ВерхнийПлавникНачалоПраво",
			"from": [9.83471, 4.6, 1.76149],
			"to": [11.73471, 5.55, 3.43649],
			"rotation": {"angle": -45, "axis": "y", "origin": [11.175, 3.15, 2.525]},
			"faces": {
				"north": {"uv": [11.25, 2.5, 11.5, 2], "rotation": 90, "texture": "#4"},
				"east": {"uv": [11, 12.5, 10.75, 12.875], "rotation": 270, "texture": "#4"},
				"south": {"uv": [3.25, 12, 3.5, 11.5], "rotation": 270, "texture": "#4"},
				"west": {"uv": [2.75, 13.375, 2.5, 13], "rotation": 270, "texture": "#4"},
				"up": {"uv": [12, 14.75, 12.375, 14.25], "rotation": 270, "texture": "#4"},
				"down": {"uv": [3.75, 15, 4.125, 14.5], "rotation": 270, "texture": "#4"}
			}
		},
		{
			"name": "ВерхнийПлавникСередПраво",
			"from": [11.2006, 4.75, 2.44635],
			"to": [12.4506, 5.4, 4.97135],
			"rotation": {"angle": 22.5, "axis": "y", "origin": [12.3, 2.95, 3.475]},
			"faces": {
				"north": {"uv": [10.5, 15.125, 10.625, 14.75], "rotation": 90, "texture": "#4"},
				"east": {"uv": [6.375, 14.75, 6.25, 15.375], "rotation": 270, "texture": "#4"},
				"south": {"uv": [11.25, 15.125, 11.375, 14.75], "rotation": 270, "texture": "#4"},
				"west": {"uv": [9.375, 15.375, 9.25, 14.75], "rotation": 270, "texture": "#4"},
				"up": {"uv": [11.25, 14.625, 11.875, 14.25], "rotation": 270, "texture": "#4"},
				"down": {"uv": [3, 14.875, 3.625, 14.5], "rotation": 270, "texture": "#4"}
			}
		},
		{
			"name": "ВерхнийПлавникКонецПраво",
			"from": [12.4006, 4.85, 4.72135],
			"to": [13.4006, 5.3, 6.39635],
			"rotation": {"angle": 22.5, "axis": "y", "origin": [13.4, 2.95, 5.75]},
			"faces": {
				"north": {"uv": [12, 7.75, 12.125, 7.5], "rotation": 90, "texture": "#4"},
				"east": {"uv": [11.625, 14.75, 11.5, 15.125], "rotation": 270, "texture": "#4"},
				"south": {"uv": [3.25, 12.75, 3.375, 12.5], "rotation": 270, "texture": "#4"},
				"west": {"uv": [11.875, 15.125, 11.75, 14.75], "rotation": 270, "texture": "#4"},
				"up": {"uv": [14.75, 5.25, 15.125, 5], "rotation": 270, "texture": "#4"},
				"down": {"uv": [5.25, 15, 5.625, 14.75], "rotation": 270, "texture": "#4"}
			}
		},
		{
			"from": [10.275, 0.925, 2.75],
			"to": [13.6, 0.925, 9.25],
			"rotation": {"angle": 0, "axis": "y", "origin": [10.475, -1.075, 4.2]},
			"faces": {
				"north": {"uv": [0, 0.875, 0, 0], "rotation": 90, "texture": "#4"},
				"east": {"uv": [0, 0, 0, 1.625], "rotation": 270, "texture": "#4"},
				"south": {"uv": [0, 0.875, 0, 0], "rotation": 270, "texture": "#4"},
				"west": {"uv": [0, 1.625, 0, 0], "rotation": 270, "texture": "#4"},
				"up": {"uv": [11.5, 11.875, 13.125, 11], "rotation": 270, "texture": "#4"},
				"down": {"uv": [12, 0.875, 13.625, 0], "rotation": 270, "texture": "#4"}
			}
		},
		{
			"name": "ВерхнийПлавникНачалоЛево",
			"from": [9.83471, 0.45, 1.76149],
			"to": [11.73471, 1.4, 3.43649],
			"rotation": {"angle": -45, "axis": "y", "origin": [11.175, 3.15, 2.525]},
			"faces": {
				"north": {"uv": [3.25, 12.5, 3.5, 12], "rotation": 90, "texture": "#4"},
				"east": {"uv": [11, 13, 10.75, 13.375], "rotation": 270, "texture": "#4"},
				"south": {"uv": [12.5, 3.25, 12.75, 2.75], "rotation": 270, "texture": "#4"},
				"west": {"uv": [4.5, 13.625, 4.25, 13.25], "rotation": 270, "texture": "#4"},
				"up": {"uv": [7.25, 15, 7.625, 14.5], "rotation": 270, "texture": "#4"},
				"down": {"uv": [7.75, 15, 8.125, 14.5], "rotation": 270, "texture": "#4"}
			}
		},
		{
			"name": "ВерхнийПлавникСередЛево",
			"from": [11.2006, 0.6, 2.44635],
			"to": [12.4506, 1.25, 4.97135],
			"rotation": {"angle": 22.5, "axis": "y", "origin": [12.3, 2.95, 3.475]},
			"faces": {
				"north": {"uv": [12, 15.125, 12.125, 14.75], "rotation": 90, "texture": "#4"},
				"east": {"uv": [14.875, 9.25, 14.75, 9.875], "rotation": 270, "texture": "#4"},
				"south": {"uv": [12.25, 15.125, 12.375, 14.75], "rotation": 270, "texture": "#4"},
				"west": {"uv": [9.625, 15.375, 9.5, 14.75], "rotation": 270, "texture": "#4"},
				"up": {"uv": [14.5, 6.125, 15.125, 5.75], "rotation": 270, "texture": "#4"},
				"down": {"uv": [6.5, 14.875, 7.125, 14.5], "rotation": 270, "texture": "#4"}
			}
		},
		{
			"name": "ВерхнийПлавникКонецЛево",
			"from": [12.4006, 0.7, 4.72135],
			"to": [13.4006, 1.15, 6.39635],
			"rotation": {"angle": 22.5, "axis": "y", "origin": [13.4, 2.95, 5.75]},
			"faces": {
				"north": {"uv": [13.25, 8.5, 13.375, 8.25], "rotation": 90, "texture": "#4"},
				"east": {"uv": [12.625, 14.75, 12.5, 15.125], "rotation": 270, "texture": "#4"},
				"south": {"uv": [13.75, 3.5, 13.875, 3.25], "rotation": 270, "texture": "#4"},
				"west": {"uv": [12.875, 15.125, 12.75, 14.75], "rotation": 270, "texture": "#4"},
				"up": {"uv": [14.75, 5.5, 15.125, 5.25], "rotation": 270, "texture": "#4"},
				"down": {"uv": [14.75, 5.75, 15.125, 5.5], "rotation": 270, "texture": "#4"}
			}
		},
		{
			"name": "антенна-Лево",
			"from": [7.72373, 1.47112, -13.33482],
			"to": [14.72373, 1.47112, -10.33482],
			"rotation": {"angle": 22.5, "axis": "x", "origin": [8.275, 4.25, -13.125]},
			"faces": {
				"north": {"uv": [0, 1.75, 0, 0], "rotation": 90, "texture": "#4"},
				"east": {"uv": [0, 0, 0, 0.75], "rotation": 270, "texture": "#4"},
				"south": {"uv": [0, 1.75, 0, 0], "rotation": 270, "texture": "#4"},
				"west": {"uv": [0, 0.75, 0, 0], "rotation": 270, "texture": "#4"},
				"up": {"uv": [12, 2.75, 12.75, 1], "rotation": 270, "texture": "#4"},
				"down": {"uv": [5.5, 13.75, 6.25, 12], "rotation": 270, "texture": "#4"}
			}
		},
		{
			"name": "антенна-Право",
			"from": [7.72373, 6.28978, -13.61596],
			"to": [14.72373, 6.28978, -10.61596],
			"rotation": {"angle": -22.5, "axis": "x", "origin": [8.275, 4.25, -13.1]},
			"faces": {
				"north": {"uv": [0, 1.75, 0, 0], "rotation": 90, "texture": "#4"},
				"east": {"uv": [0, 0, 0, 0.75], "rotation": 270, "texture": "#4"},
				"south": {"uv": [0, 1.75, 0, 0], "rotation": 270, "texture": "#4"},
				"west": {"uv": [0, 0.75, 0, 0], "rotation": 270, "texture": "#4"},
				"up": {"uv": [6.25, 13.75, 5.5, 12], "rotation": 270, "texture": "#4"},
				"down": {"uv": [12.75, 2.75, 12, 1], "rotation": 270, "texture": "#4"}
			}
		},
		{
			"name": "АнтенаШарикЛево",
			"from": [12.975, 0.775, -13.75],
			"to": [14.65, 2.35, -12.15],
			"rotation": {"angle": 22.5, "axis": "y", "origin": [11.25, 3.475, -10.2]},
			"faces": {
				"north": {"uv": [15.125, 0, 14.75, 0.375], "rotation": 270, "texture": "#4"},
				"east": {"uv": [14.5, 14.875, 14.875, 14.5], "rotation": 270, "texture": "#4"},
				"south": {"uv": [1.375, 15.125, 1, 14.75], "rotation": 270, "texture": "#4"},
				"west": {"uv": [14, 14.875, 14.375, 14.5], "rotation": 90, "texture": "#4"},
				"up": {"uv": [14.875, 14, 14.5, 14.375], "texture": "#4"},
				"down": {"uv": [0.375, 14.75, 0, 15.125], "rotation": 180, "texture": "#4"}
			}
		},
		{
			"name": "АнтенаШарикПраво",
			"from": [12.975, 5.35, -13.75],
			"to": [14.65, 6.925, -12.15],
			"rotation": {"angle": 22.5, "axis": "y", "origin": [11.25, 3.475, -10.2]},
			"faces": {
				"north": {"uv": [15.125, 2.5, 14.75, 2.875], "rotation": 270, "texture": "#4"},
				"east": {"uv": [2, 15.125, 2.375, 14.75], "rotation": 270, "texture": "#4"},
				"south": {"uv": [4.625, 15.125, 4.25, 14.75], "rotation": 270, "texture": "#4"},
				"west": {"uv": [1.5, 15.125, 1.875, 14.75], "rotation": 90, "texture": "#4"},
				"up": {"uv": [15.125, 1.5, 14.75, 1.875], "texture": "#4"},
				"down": {"uv": [15.125, 2, 14.75, 2.375], "rotation": 180, "texture": "#4"}
			}
		},
		{
			"name": "Хвост",
			"from": [3.175, 0.3, 9],
			"to": [10.175, 4.8, 20],
			"rotation": {"angle": 22.5, "axis": "x", "origin": [5.55, 2.3, 13.25]},
			"faces": {
				"north": {"uv": [11, 6.5, 12.125, 4.75], "rotation": 90, "texture": "#4"},
				"east": {"uv": [7.875, 10, 6.75, 12.75], "rotation": 270, "texture": "#4"},
				"south": {"uv": [11, 11, 12.125, 9.25], "rotation": 270, "texture": "#4"},
				"west": {"uv": [9.125, 12.75, 8, 10], "rotation": 270, "texture": "#4"},
				"up": {"uv": [6.5, 3.25, 9.25, 1.5], "rotation": 270, "texture": "#4"},
				"down": {"uv": [7, 5, 9.75, 3.25], "rotation": 270, "texture": "#4"}
			}
		},
		{
			"name": "ХвостВерхн-конец",
			"from": [2.11997, -0.25, 18.85718],
			"to": [7.11997, 1.9, 31.85718],
			"rotation": {"angle": 22.5, "axis": "y", "origin": [6.7, 0.575, 6.55]},
			"faces": {
				"north": {"uv": [0.5, 14, 1, 12.75], "rotation": 90, "texture": "#4"},
				"east": {"uv": [11.5, 11, 11, 14.25], "rotation": 270, "texture": "#4"},
				"south": {"uv": [1, 14, 1.5, 12.75], "rotation": 270, "texture": "#4"},
				"west": {"uv": [12, 3.25, 11.5, 0], "rotation": 270, "texture": "#4"},
				"up": {"uv": [4, 10, 7.25, 8.75], "rotation": 270, "texture": "#4"},
				"down": {"uv": [7.25, 10, 10.5, 8.75], "rotation": 270, "texture": "#4"}
			}
		},
		{
			"name": "Хвост-конец",
			"from": [2.925, -0.275, 18.775],
			"to": [9.925, 1.925, 29.775],
			"rotation": {"angle": 0, "axis": "y", "origin": [6.675, 0.575, 6.6]},
			"faces": {
				"north": {"uv": [9.25, 3.25, 9.75, 1.5], "rotation": 90, "texture": "#4"},
				"east": {"uv": [3.25, 11.5, 2.75, 14.25], "rotation": 270, "texture": "#4"},
				"south": {"uv": [6.25, 13.75, 6.75, 12], "rotation": 270, "texture": "#4"},
				"west": {"uv": [5.5, 14.75, 5, 12], "rotation": 270, "texture": "#4"},
				"up": {"uv": [4, 8.75, 6.75, 7], "rotation": 270, "texture": "#4"},
				"down": {"uv": [6.75, 8.75, 9.5, 7], "rotation": 270, "texture": "#4"}
			}
		},
		{
			"name": "ХвостНижнийПереход",
			"from": [2.9, -0.15, 29.525],
			"to": [3.7, 1.8, 31.075],
			"rotation": {"angle": 0, "axis": "y", "origin": [6.675, 0.575, 6.6]},
			"faces": {
				"north": {"uv": [12.75, 4.75, 13.25, 4.5], "rotation": 90, "texture": "#4"},
				"east": {"uv": [8.75, 14.5, 8.25, 14.875], "rotation": 270, "texture": "#4"},
				"south": {"uv": [13.5, 6.5, 14, 6.25], "rotation": 270, "texture": "#4"},
				"west": {"uv": [15, 8.625, 14.5, 8.25], "rotation": 270, "texture": "#4"},
				"up": {"uv": [5.75, 15, 6.125, 14.75], "rotation": 270, "texture": "#4"},
				"down": {"uv": [14.75, 7.25, 15.125, 7], "rotation": 270, "texture": "#4"}
			}
		},
		{
			"name": "ХвостНижнийУгол",
			"from": [-5.44776, -0.125, 26.06771],
			"to": [-1.19776, 1.775, 28.06771],
			"rotation": {"angle": 22.5, "axis": "y", "origin": [6.675, 0.575, 6.6]},
			"faces": {
				"north": {"uv": [13.25, 5.625, 13.75, 4.5], "rotation": 90, "texture": "#4"},
				"east": {"uv": [2.25, 4.5, 1.75, 5], "rotation": 270, "texture": "#4"},
				"south": {"uv": [9.25, 14.375, 9.75, 13.25], "rotation": 270, "texture": "#4"},
				"west": {"uv": [4.5, 5.5, 4, 5], "rotation": 270, "texture": "#4"},
				"up": {"uv": [13.25, 8.125, 13.75, 7], "rotation": 270, "texture": "#4"},
				"down": {"uv": [13.25, 10.375, 13.75, 9.25], "rotation": 270, "texture": "#4"}
			}
		},
		{
			"name": "ХвостПереходВерхний",
			"from": [4.97705, -0.175, 14.49973],
			"to": [7.05205, 1.825, 18.92473],
			"rotation": {"angle": 22.5, "axis": "y", "origin": [6.675, 0.575, 6.6]},
			"faces": {
				"north": {"uv": [12, 3.25, 12.5, 2.75], "rotation": 90, "texture": "#4"},
				"east": {"uv": [10.25, 13.25, 9.75, 14.375], "rotation": 270, "texture": "#4"},
				"south": {"uv": [12.75, 7.5, 13.25, 7], "rotation": 270, "texture": "#4"},
				"west": {"uv": [14, 12.625, 13.5, 11.5], "rotation": 270, "texture": "#4"},
				"up": {"uv": [13.25, 11, 14.375, 10.5], "rotation": 270, "texture": "#4"},
				"down": {"uv": [13.25, 11.5, 14.375, 11], "rotation": 270, "texture": "#4"}
			}
		},
		{
			"name": "ХвостВерхнийУгол",
			"from": [15.995, -0.15, 23.04633],
			"to": [21.32, 1.8, 27.72133],
			"rotation": {"angle": -22.5, "axis": "y", "origin": [6.675, 0.575, 6.6]},
			"faces": {
				"north": {"uv": [10.25, 13.875, 10.75, 12.5], "rotation": 90, "texture": "#4"},
				"east": {"uv": [14, 12.75, 13.5, 13.875], "rotation": 270, "texture": "#4"},
				"south": {"uv": [0, 14.125, 0.5, 12.75], "rotation": 270, "texture": "#4"},
				"west": {"uv": [14.25, 1.125, 13.75, 0], "rotation": 270, "texture": "#4"},
				"up": {"uv": [1.5, 12.875, 2.625, 11.5], "rotation": 270, "texture": "#4"},
				"down": {"uv": [11.5, 4.625, 12.625, 3.25], "rotation": 270, "texture": "#4"}
			}
		},
		{
			"name": "ПереднЛапа-Право",
			"from": [-0.225, 2.56694, -7.017],
			"to": [1.775, 7.56694, -5.542],
			"rotation": {"angle": -22.5, "axis": "z", "origin": [0.775, 6.55, -6.2]},
			"faces": {
				"north": {"uv": [12.75, 2.25, 13.25, 1], "rotation": 180, "texture": "#4"},
				"east": {"uv": [14, 3.625, 15.25, 3.25], "rotation": 270, "texture": "#4"},
				"south": {"uv": [12.75, 2.25, 13.25, 3.5], "texture": "#4"},
				"west": {"uv": [13.75, 7.875, 15, 7.5], "rotation": 90, "texture": "#4"},
				"up": {"uv": [15, 8.75, 14.5, 9.125], "texture": "#4"},
				"down": {"uv": [9.25, 14.5, 8.75, 14.875], "rotation": 180, "texture": "#4"}
			}
		},
		{
			"name": "ПереднЛапа-Плечо-Право",
			"from": [0.1679, 7.45, -6.88922],
			"to": [5.1679, 9.45, -5.11422],
			"rotation": {"angle": 22.5, "axis": "z", "origin": [3.875, 8.7, -5.7]},
			"faces": {
				"north": {"uv": [5, 12.75, 4.5, 14], "rotation": 270, "texture": "#4"},
				"east": {"uv": [13, 14.5, 13.5, 14], "rotation": 270, "texture": "#4"},
				"south": {"uv": [7.25, 14, 6.75, 12.75], "rotation": 270, "texture": "#4"},
				"west": {"uv": [14, 13, 14.5, 12.5], "rotation": 90, "texture": "#4"},
				"up": {"uv": [4.5, 12.75, 3.25, 13.25], "texture": "#4"},
				"down": {"uv": [14, 3.5, 12.75, 4], "rotation": 180, "texture": "#4"}
			}
		},
		{
			"name": "ПереднЛапа-Когти-Право",
			"from": [-2.375, 0.9, -6.525],
			"to": [1.625, 3.9, -5.525],
			"rotation": {"angle": 22.5, "axis": "y", "origin": [-0.625, 3.4, -6.025]},
			"faces": {
				"north": {"uv": [12.25, 10, 13.25, 9.25], "rotation": 180, "texture": "#4"},
				"east": {"uv": [9.25, 14.75, 10, 14.5], "rotation": 270, "texture": "#4"},
				"south": {"uv": [12.25, 10, 13.25, 10.75], "texture": "#4"},
				"west": {"uv": [14.25, 10.25, 15, 10], "rotation": 90, "texture": "#4"},
				"up": {"uv": [12, 7.5, 11, 7.75], "texture": "#4"},
				"down": {"uv": [10.75, 4.75, 9.75, 5], "rotation": 180, "texture": "#4"}
			}
		},
		{
			"name": "ПереднЛапа-Лево",
			"from": [-3.22545, -0.8, -8.08163],
			"to": [1.77455, 1.2, -6.60663],
			"rotation": {"angle": -45, "axis": "y", "origin": [0.2, 0.2, -7.225]},
			"faces": {
				"north": {"uv": [7.75, 12.75, 7.25, 14], "rotation": 270, "texture": "#4"},
				"east": {"uv": [14.5, 11.375, 15, 11], "rotation": 270, "texture": "#4"},
				"south": {"uv": [8.25, 14, 7.75, 12.75], "rotation": 270, "texture": "#4"},
				"west": {"uv": [14.5, 10.875, 15, 10.5], "rotation": 90, "texture": "#4"},
				"up": {"uv": [15.25, 3.75, 14, 4.125], "texture": "#4"},
				"down": {"uv": [15.25, 6.25, 14, 6.625], "rotation": 180, "texture": "#4"}
			}
		},
		{
			"name": "ПереднЛапа-Плечо-Лево",
			"from": [0.5179, -2.275, -7.18566],
			"to": [5.5179, -0.275, -5.41066],
			"rotation": {"angle": -22.5, "axis": "z", "origin": [4.225, -1.275, -6.35]},
			"faces": {
				"north": {"uv": [8.75, 12.75, 8.25, 14], "rotation": 270, "texture": "#4"},
				"east": {"uv": [13.5, 14.5, 14, 14], "rotation": 270, "texture": "#4"},
				"south": {"uv": [9.25, 14, 8.75, 12.75], "rotation": 270, "texture": "#4"},
				"west": {"uv": [14, 13.5, 14.5, 13], "rotation": 90, "texture": "#4"},
				"up": {"uv": [14, 4, 12.75, 4.5], "texture": "#4"},
				"down": {"uv": [14, 6.5, 12.75, 7], "rotation": 180, "texture": "#4"}
			}
		},
		{
			"name": "ПереднЛапа-Когти-Лево",
			"from": [-4.6, -2.2, -9.5],
			"to": [-1.6, 1.8, -8.5],
			"rotation": {"angle": 45, "axis": "x", "origin": [-1.85, 0.05, -9]},
			"faces": {
				"north": {"uv": [10.25, 12.5, 9.25, 13.25], "rotation": 270, "texture": "#4"},
				"east": {"uv": [13.75, 5.75, 14.75, 5.5], "rotation": 270, "texture": "#4"},
				"south": {"uv": [13.5, 12.75, 12.5, 12], "rotation": 270, "texture": "#4"},
				"west": {"uv": [12.25, 11, 13.25, 10.75], "rotation": 90, "texture": "#4"},
				"up": {"uv": [15.25, 12.5, 14.5, 12.75], "texture": "#4"},
				"down": {"uv": [15.25, 12.75, 14.5, 13], "rotation": 180, "texture": "#4"}
			}
		},
		{
			"name": "ЗаднЛапа-Право",
			"from": [3.2, 1.42837, 6.77305],
			"to": [5.2, 6.42837, 8.47305],
			"rotation": {"angle": -45, "axis": "z", "origin": [3.95, 5.2, 7.625]},
			"faces": {
				"north": {"uv": [1.5, 13, 2, 14.25], "rotation": 180, "texture": "#4"},
				"east": {"uv": [7.75, 14.375, 9, 14], "rotation": 90, "texture": "#4"},
				"south": {"uv": [12.5, 14, 13, 12.75], "texture": "#4"},
				"west": {"uv": [6.5, 14.375, 7.75, 14], "rotation": 270, "texture": "#4"},
				"up": {"uv": [13.5, 14.5, 13, 14.875], "rotation": 180, "texture": "#4"},
				"down": {"uv": [15, 13, 14.5, 13.375], "texture": "#4"}
			}
		},
		{
			"name": "ЗаднЛапа-Бедр-Право",
			"from": [4.32678, 5.8, 6.63744],
			"to": [8.32678, 7.8, 8.63744],
			"rotation": {"angle": 22.5, "axis": "z", "origin": [7.15, 6.8, 7.4]},
			"faces": {
				"north": {"uv": [14.25, 3.25, 13.75, 2.25], "rotation": 270, "texture": "#4"},
				"east": {"uv": [14, 14, 14.5, 13.5], "rotation": 90, "texture": "#4"},
				"south": {"uv": [14.25, 1.25, 13.75, 2.25], "rotation": 270, "texture": "#4"},
				"west": {"uv": [14, 14.5, 14.5, 14], "rotation": 270, "texture": "#4"},
				"up": {"uv": [14.5, 5.75, 13.5, 6.25], "rotation": 180, "texture": "#4"},
				"down": {"uv": [14.5, 8.25, 13.5, 8.75], "texture": "#4"}
			}
		},
		{
			"name": "ЗаднЛапа-Когти-Право",
			"from": [-0.575, 2.725, 5.5],
			"to": [3.425, 3.725, 9.5],
			"rotation": {"angle": 22.5, "axis": "x", "origin": [1.425, 3.475, 7]},
			"faces": {
				"north": {"uv": [14.75, 8, 13.75, 8.25], "texture": "#4"},
				"east": {"uv": [15, 6.75, 14, 7], "texture": "#4"},
				"south": {"uv": [15, 4.25, 14, 4.5], "texture": "#4"},
				"west": {"uv": [14.75, 10.25, 13.75, 10.5], "texture": "#4"},
				"up": {"uv": [9.5, 8.75, 10.5, 7.75], "texture": "#4"},
				"down": {"uv": [11.5, 12, 12.5, 13], "texture": "#4"}
			}
		},
		{
			"name": "ЗаднЛапа-Лево",
			"from": [-0.4276, -0.75, 6.76872],
			"to": [4.5724, 1.25, 8.46872],
			"rotation": {"angle": 0, "axis": "y", "origin": [3.575, 0, 7.525]},
			"faces": {
				"north": {"uv": [12, 14.25, 11.5, 13], "rotation": 270, "texture": "#4"},
				"east": {"uv": [13.5, 14.875, 14, 14.5], "rotation": 90, "texture": "#4"},
				"south": {"uv": [2.5, 13, 2, 14.25], "rotation": 270, "texture": "#4"},
				"west": {"uv": [14.5, 13.875, 15, 13.5], "rotation": 270, "texture": "#4"},
				"up": {"uv": [15.25, 11.5, 14, 11.875], "rotation": 180, "texture": "#4"},
				"down": {"uv": [15.25, 12, 14, 12.375], "texture": "#4"}
			}
		},
		{
			"name": "ЗаднЛапа-Бедр-Лево",
			"from": [3.75178, -1.1, 6.28744],
			"to": [7.75178, 0.9, 8.28744],
			"rotation": {"angle": 0, "axis": "y", "origin": [6.575, 0.15, 7.05]},
			"faces": {
				"north": {"uv": [6.5, 14.75, 6, 13.75], "rotation": 270, "texture": "#4"},
				"east": {"uv": [0, 14.75, 0.5, 14.25], "rotation": 90, "texture": "#4"},
				"south": {"uv": [6, 13.75, 5.5, 14.75], "rotation": 270, "texture": "#4"},
				"west": {"uv": [14.25, 0.5, 14.75, 0], "rotation": 270, "texture": "#4"},
				"up": {"uv": [14.5, 8.75, 13.5, 9.25], "rotation": 180, "texture": "#4"},
				"down": {"uv": [14.75, 4.5, 13.75, 5], "texture": "#4"}
			}
		},
		{
			"name": "ЗаднЛапа-Когти-Лево",
			"from": [-0.75, -1.325, 5.675],
			"to": [0.25, 2.675, 9.675],
			"rotation": {"angle": -45, "axis": "z", "origin": [-0.25, 0.925, 6.925]},
			"faces": {
				"north": {"uv": [14.25, 0.75, 15.25, 0.5], "rotation": 90, "texture": "#4"},
				"east": {"uv": [13.25, 4.75, 12.25, 5.75], "rotation": 270, "texture": "#4"},
				"south": {"uv": [14.25, 1.25, 15.25, 1], "rotation": 270, "texture": "#4"},
				"west": {"uv": [13.25, 8.5, 12.25, 7.5], "rotation": 270, "texture": "#4"},
				"up": {"uv": [14.25, 1, 15.25, 0.75], "rotation": 270, "texture": "#4"},
				"down": {"uv": [14.25, 1.5, 15.25, 1.25], "rotation": 270, "texture": "#4"}
			}
		},
		{
			"name": "СреднПлавн-Плечо-Право",
			"from": [2.01187, 6.425, -3.4244],
			"to": [7.01187, 8.425, -1.4244],
			"rotation": {"angle": 0, "axis": "y", "origin": [5.375, 7.175, -2.5]},
			"faces": {
				"north": {"uv": [12, 14.25, 12.5, 13], "rotation": 90, "texture": "#4"},
				"east": {"uv": [2, 14.25, 1.5, 14.75], "rotation": 270, "texture": "#4"},
				"south": {"uv": [13.25, 2.25, 13.75, 1], "rotation": 270, "texture": "#4"},
				"west": {"uv": [14.75, 2, 14.25, 1.5], "rotation": 270, "texture": "#4"},
				"up": {"uv": [13, 14, 13.5, 12.75], "rotation": 270, "texture": "#4"},
				"down": {"uv": [13.25, 3.5, 13.75, 2.25], "rotation": 270, "texture": "#4"}
			}
		},
		{
			"name": "СреднПлавник-Право",
			"from": [-0.05, 3.7, -3.1],
			"to": [1.725, 8.7, -0.1],
			"rotation": {"angle": -22.5, "axis": "z", "origin": [0.7, 3.7, -1.85]},
			"faces": {
				"north": {"uv": [3.75, 13.25, 4.25, 14.5], "rotation": 180, "texture": "#4"},
				"east": {"uv": [12.25, 9.25, 13.5, 8.5], "rotation": 90, "texture": "#4"},
				"south": {"uv": [3.25, 14.5, 3.75, 13.25], "texture": "#4"},
				"west": {"uv": [12.25, 6.5, 13.5, 5.75], "rotation": 270, "texture": "#4"},
				"up": {"uv": [10.75, 14, 10.25, 14.75], "rotation": 180, "texture": "#4"},
				"down": {"uv": [13, 14, 12.5, 14.75], "texture": "#4"}
			}
		},
		{
			"name": "СреднПлавн-Серед-Право",
			"from": [-0.05, -0.3, -3.1],
			"to": [1.725, 3.7, -1.1],
			"rotation": {"angle": -22.5, "axis": "z", "origin": [0.7, 3.7, -1.85]},
			"faces": {
				"north": {"uv": [0.5, 14, 1, 15], "rotation": 180, "texture": "#4"},
				"east": {"uv": [13.75, 7.5, 14.75, 7], "rotation": 90, "texture": "#4"},
				"south": {"uv": [13.75, 10.25, 14.25, 9.25], "texture": "#4"},
				"west": {"uv": [13.75, 5.5, 14.75, 5], "rotation": 270, "texture": "#4"},
				"up": {"uv": [2.5, 14.25, 2, 14.75], "rotation": 180, "texture": "#4"},
				"down": {"uv": [14.75, 2, 14.25, 2.5], "texture": "#4"}
			}
		},
		{
			"name": "СреднПлавн-Кончик-Право",
			"from": [-0.05, -1.3, -3.1],
			"to": [1.725, -0.3, -2.1],
			"rotation": {"angle": -22.5, "axis": "z", "origin": [0.7, 3.7, -1.85]},
			"faces": {
				"north": {"uv": [14.75, 4.75, 15.25, 5], "rotation": 180, "texture": "#4"},
				"east": {"uv": [11.25, 2.75, 11.5, 2.5], "rotation": 90, "texture": "#4"},
				"south": {"uv": [4.75, 15, 5.25, 14.75], "texture": "#4"},
				"west": {"uv": [10.75, 5, 11, 4.75], "rotation": 270, "texture": "#4"},
				"up": {"uv": [15.25, 3, 14.75, 3.25], "rotation": 180, "texture": "#4"},
				"down": {"uv": [15.25, 4.5, 14.75, 4.75], "texture": "#4"}
			}
		},
		{
			"name": "СреднПлавник-Лево",
			"from": [-2.075, -0.2, -3.3],
			"to": [0.925, 1.575, 1.7],
			"rotation": {"angle": -45, "axis": "y", "origin": [-0.825, 0.55, 1.7]},
			"faces": {
				"north": {"uv": [10.25, 14.75, 10.75, 14], "rotation": 90, "texture": "#4"},
				"east": {"uv": [3.25, 14.5, 3.75, 13.25], "rotation": 270, "texture": "#4"},
				"south": {"uv": [12.5, 14.75, 13, 14], "rotation": 270, "texture": "#4"},
				"west": {"uv": [3.75, 14.5, 4.25, 13.25], "rotation": 270, "texture": "#4"},
				"up": {"uv": [12.25, 9.25, 13.5, 8.5], "rotation": 270, "texture": "#4"},
				"down": {"uv": [12.25, 6.5, 13.5, 5.75], "rotation": 270, "texture": "#4"}
			}
		},
		{
			"name": "СреднПлавн-Серед-Лево",
			"from": [-2.075, -0.2, 1.7],
			"to": [-0.075, 1.575, 5.7],
			"rotation": {"angle": -45, "axis": "y", "origin": [-0.825, 0.55, 1.7]},
			"faces": {
				"north": {"uv": [2, 14.75, 2.5, 14.25], "rotation": 90, "texture": "#4"},
				"east": {"uv": [13.75, 10.25, 14.25, 9.25], "rotation": 270, "texture": "#4"},
				"south": {"uv": [14.25, 2.5, 14.75, 2], "rotation": 270, "texture": "#4"},
				"west": {"uv": [0.5, 15, 1, 14], "rotation": 270, "texture": "#4"},
				"up": {"uv": [13.75, 7.5, 14.75, 7], "rotation": 270, "texture": "#4"},
				"down": {"uv": [13.75, 5.5, 14.75, 5], "rotation": 270, "texture": "#4"}
			}
		},
		{
			"name": "СреднПлавн-Кончик-Лево",
			"from": [-2.075, -0.2, 5.7],
			"to": [-1.075, 1.575, 6.7],
			"rotation": {"angle": -45, "axis": "y", "origin": [-0.825, 0.55, 1.7]},
			"faces": {
				"north": {"uv": [14.75, 3.25, 15.25, 3], "rotation": 90, "texture": "#4"},
				"east": {"uv": [4.75, 15, 5.25, 14.75], "rotation": 270, "texture": "#4"},
				"south": {"uv": [14.75, 4.75, 15.25, 4.5], "rotation": 270, "texture": "#4"},
				"west": {"uv": [14.75, 5, 15.25, 4.75], "rotation": 270, "texture": "#4"},
				"up": {"uv": [11.25, 2.75, 11.5, 2.5], "rotation": 270, "texture": "#4"},
				"down": {"uv": [10.75, 5, 11, 4.75], "rotation": 270, "texture": "#4"}
			}
		},
		{
			"name": "СреднПлавн-Плечо-Лево",
			"from": [2.15754, -0.15, -4.38037],
			"to": [7.15754, 1.85, -2.38037],
			"rotation": {"angle": 22.5, "axis": "y", "origin": [5.425, 1.1, -3.225]},
			"faces": {
				"north": {"uv": [12, 14.25, 12.5, 13], "rotation": 90, "texture": "#4"},
				"east": {"uv": [1.5, 14.75, 2, 14.25], "rotation": 270, "texture": "#4"},
				"south": {"uv": [13.25, 2.25, 13.75, 1], "rotation": 270, "texture": "#4"},
				"west": {"uv": [14.25, 2, 14.75, 1.5], "rotation": 270, "texture": "#4"},
				"up": {"uv": [13.25, 3.5, 13.75, 2.25], "rotation": 270, "texture": "#4"},
				"down": {"uv": [13, 14, 13.5, 12.75], "rotation": 270, "texture": "#4"}
			}
		}
	],
	"display": {
		"thirdperson_righthand": {
			"rotation": [-168.81, 74.51, 171.25],
			"translation": [0, 5.5, 3.5],
			"scale": [0.81641, 0.81641, 0.81641]
		},
		"thirdperson_lefthand": {
			"translation": [0, 2, 2.75],
			"scale": [0.28711, 0.28711, 0.28711]
		},
		"ground": {
			"scale": [0.5, 0.5, 0.5]
		},
		"gui": {
			"rotation": [-180, 1.5, -180]
		},
		"head": {
			"translation": [0, -34.5, -33],
			"scale": [1.27539, 1.27539, 1.27539]
		},
		"fixed": {
			"rotation": [0, 90, 0],
			"scale": [0.41211, 0.41211, 0.41211]
		}
	},
	"groups": [
		{
			"name": "nairana",
			"origin": [8, 8, 8],
			"color": 0,
			"children": [
				{
					"name": "ОсновноеТело",
					"origin": [8, 8, 8],
					"color": 0,
					"children": [
						0,
						1,
						2,
						{
							"name": "ПлавникиАнтены",
							"origin": [8, 8, 8],
							"color": 0,
							"children": [
								{
									"name": "Лево",
									"origin": [8, 8, 8],
									"color": 0,
									"children": [3, 4, 5, 6]
								},
								{
									"name": "Право",
									"origin": [8, 8, 8],
									"color": 0,
									"children": [7, 8]
								}
							]
						},
						{
							"name": "ПлавникиСредние",
							"origin": [8, 8, 8],
							"color": 0,
							"children": [
								{
									"name": "Право",
									"origin": [8, 8, 8],
									"color": 0,
									"children": [9, 10, 11, 12]
								},
								{
									"name": "Лево",
									"origin": [8, 8, 8],
									"color": 0,
									"children": [13, 14, 15, 16]
								}
							]
						},
						{
							"name": "Антены",
							"origin": [8, 8, 8],
							"color": 0,
							"children": [17, 18, 19, 20]
						},
						{
							"name": "Хвост",
							"origin": [8, 8, 8],
							"color": 0,
							"children": [21, 22, 23, 24, 25, 26, 27]
						}
					]
				},
				{
					"name": "ПередниеЛапы",
					"origin": [8, 8, 8],
					"color": 0,
					"children": [
						{
							"name": "ПереднПраваяЛапа",
							"origin": [8, 8, 8],
							"color": 0,
							"children": [28, 29, 30]
						},
						{
							"name": "ПереднЛеваяЛапа",
							"origin": [8, 8, 8],
							"color": 0,
							"children": [31, 32, 33]
						}
					]
				},
				{
					"name": "ЗадниеЛапы",
					"origin": [8, 8, 8],
					"color": 0,
					"children": [
						{
							"name": "ЗадняяПраваяЛапа",
							"origin": [8, 8, 8],
							"color": 0,
							"children": [34, 35, 36]
						},
						{
							"name": "ЗадняяЛеваяЛапа",
							"origin": [8, 8, 8],
							"color": 0,
							"children": [37, 38, 39]
						}
					]
				},
				{
					"name": "СредниеПлавники",
					"origin": [8, 8, 8],
					"color": 0,
					"children": [
						{
							"name": "СреднийПлавникПраво",
							"origin": [8, 8, 8],
							"color": 0,
							"children": [40, 41, 42, 43]
						},
						{
							"name": "СреднийПлавникЛево",
							"origin": [8, 8, 8],
							"color": 0,
							"children": [44, 45, 46, 47]
						}
					]
				}
			]
		}
	]
}