{
	"format_version": "1.9.0",
	"credit": "Made with Blockbench",
	"texture_size": [64, 64],
	"textures": {
		"4": "neirana_pattern_b",
		"particle": "block/nairanaT"
	},
	"elements": [
		{
			"name": "Голова",
			"from": [4.7548, -0.8, -15.99633],
			"to": [13.7548, 8.2, -5.99633],
			"rotation": {"angle": -22.5, "axis": "y", "origin": [4.75, 3.475, -10.2]},
			"faces": {
				"north": {"uv": [4.75, 3.25, 7, 5.5], "rotation": 90, "texture": "#4"},
				"east": {"uv": [4.75, 2.5, 2.5, 5], "rotation": 270, "texture": "#4"},
				"south": {"uv": [1.75, 5, 4, 7.25], "rotation": 270, "texture": "#4"},
				"west": {"uv": [4.75, 2.5, 2.5, 0], "rotation": 270, "texture": "#4"},
				"up": {"uv": [0, 0, 2.5, 2.25], "rotation": 270, "texture": "#4"},
				"down": {"uv": [0, 2.25, 2.5, 4.5], "rotation": 270, "texture": "#4"}
			}
		},
		{
			"name": "Туловище-Хвост",
			"from": [5.325, -0.35, -1.325],
			"to": [11.325, 6.35, 11.675],
			"rotation": {"angle": 0, "axis": "y", "origin": [9.325, 2.75, 2.925]},
			"faces": {
				"north": {"uv": [9.25, 10, 10.875, 11.5], "rotation": 90, "texture": "#4"},
				"east": {"uv": [6.375, 0, 4.75, 3.25], "rotation": 270, "texture": "#4"},
				"south": {"uv": [10.5, 7.75, 12.125, 9.25], "rotation": 270, "texture": "#4"},
				"west": {"uv": [1.625, 7.75, 0, 4.5], "rotation": 270, "texture": "#4"},
				"up": {"uv": [4, 5.5, 7.25, 7], "rotation": 270, "texture": "#4"},
				"down": {"uv": [6.5, 0, 9.75, 1.5], "rotation": 270, "texture": "#4"}
			}
		},
		{
			"name": "Тело",
			"from": [4.51387, -0.075, -9.41811],
			"to": [12.68887, 7.075, -0.41811],
			"rotation": {"angle": 0, "axis": "x", "origin": [10.075, 3.25, -3.5]},
			"faces": {
				"north": {"uv": [9.75, 2.75, 11.5, 4.75], "rotation": 90, "texture": "#4"},
				"east": {"uv": [3.5, 9.25, 1.75, 11.5], "rotation": 270, "texture": "#4"},
				"south": {"uv": [5, 10, 6.75, 12], "rotation": 270, "texture": "#4"},
				"west": {"uv": [1.75, 10, 0, 7.75], "rotation": 270, "texture": "#4"},
				"up": {"uv": [1.75, 7.25, 4, 9.25], "rotation": 270, "texture": "#4"},
				"down": {"uv": [7.25, 5, 9.5, 7], "rotation": 270, "texture": "#4"}
			}
		},
		{
			"name": "ЛевоПлавникКреплАнтена1",
			"from": [-0.31546, 0.35, -10.08004],
			"to": [2.18454, 1.075, -8.65504],
			"rotation": {"angle": 22.5, "axis": "y", "origin": [4.75, 3.475, -10.2]},
			"faces": {
				"north": {"uv": [2.5, 13.5, 2.625, 14.125], "rotation": 90, "texture": "#4"},
				"east": {"uv": [9.125, 14, 9, 14.375], "rotation": 270, "texture": "#4"},
				"south": {"uv": [10.75, 13.5, 10.875, 14.125], "rotation": 270, "texture": "#4"},
				"west": {"uv": [13.375, 11.875, 13.25, 11.5], "rotation": 270, "texture": "#4"},
				"up": {"uv": [2.5, 14.25, 2.875, 14.875], "rotation": 270, "texture": "#4"},
				"down": {"uv": [14.25, 2.5, 14.625, 3.125], "rotation": 270, "texture": "#4"}
			}
		},
		{
			"name": "ЛевоПлавникКреплАнтена2",
			"from": [2.04446, 0.25, -10.56484],
			"to": [5.04446, 1.175, -8.56484],
			"rotation": {"angle": 22.5, "axis": "y", "origin": [4.75, 3.475, -10.2]},
			"faces": {
				"north": {"uv": [1.5, 10, 1.75, 10.75], "rotation": 90, "texture": "#4"},
				"east": {"uv": [4.75, 5, 4.5, 5.5], "rotation": 270, "texture": "#4"},
				"south": {"uv": [1.5, 10.75, 1.75, 11.5], "rotation": 270, "texture": "#4"},
				"west": {"uv": [2.5, 5, 2.25, 4.5], "rotation": 270, "texture": "#4"},
				"up": {"uv": [3.5, 9.25, 4, 10], "rotation": 270, "texture": "#4"},
				"down": {"uv": [10.5, 9.25, 11, 10], "rotation": 270, "texture": "#4"}
			}
		},
		{
			"from": [-4.51757, 0.7, -9.42474],
			"to": [6.05743, 0.7, -4.04974],
			"rotation": {"angle": 0, "axis": "y", "origin": [4.75, 3.475, -10.2]},
			"faces": {
				"north": {"uv": [0, 0, 0, 2.625], "rotation": 90, "texture": "#4"},
				"east": {"uv": [0, 0, 0, 1.375], "rotation": 270, "texture": "#4"},
				"south": {"uv": [0, 0, 0, 2.625], "rotation": 270, "texture": "#4"},
				"west": {"uv": [0, 1.375, 0, 0], "rotation": 270, "texture": "#4"},
				"up": {"uv": [9.5, 5, 10.875, 7.625], "rotation": 270, "texture": "#4"},
				"down": {"uv": [9.75, 0, 11.125, 2.625], "rotation": 270, "texture": "#4"}
			}
		},
		{
			"from": [-4.51758, 6.7, -9.42475],
			"to": [6.05742, 6.7, -4.04975],
			"rotation": {"angle": 0, "axis": "y", "origin": [4.75, 3.475, -10.2]},
			"faces": {
				"north": {"uv": [0, 0, 0, 2.625], "rotation": 90, "texture": "#4"},
				"east": {"uv": [0, 0, 0, 1.375], "rotation": 270, "texture": "#4"},
				"south": {"uv": [0, 0, 0, 2.625], "rotation": 270, "texture": "#4"},
				"west": {"uv": [0, 1.375, 0, 0], "rotation": 270, "texture": "#4"},
				"up": {"uv": [0, 10, 1.375, 12.625], "rotation": 270, "texture": "#4"},
				"down": {"uv": [3.5, 10, 4.875, 12.625], "rotation": 270, "texture": "#4"}
			}
		},
		{
			"name": "ПравоПлавникКреплАнтена2",
			"from": [2.04445, 6.225, -10.56484],
			"to": [5.04445, 7.15, -8.56484],
			"rotation": {"angle": 22.5, "axis": "y", "origin": [4.75, 3.475, -10.2]},
			"faces": {
				"north": {"uv": [11.25, 0, 11.5, 0.75], "rotation": 90, "texture": "#4"},
				"east": {"uv": [11.5, 1.5, 11.25, 2], "rotation": 270, "texture": "#4"},
				"south": {"uv": [11.25, 0.75, 11.5, 1.5], "rotation": 270, "texture": "#4"},
				"west": {"uv": [7.25, 5.5, 7, 5], "rotation": 270, "texture": "#4"},
				"up": {"uv": [1, 14, 1.5, 14.75], "rotation": 270, "texture": "#4"},
				"down": {"uv": [4.25, 14, 4.75, 14.75], "rotation": 270, "texture": "#4"}
			}
		},
		{
			"name": "ПравоПлавникКреплАнтена1",
			"from": [-0.43921, 6.325, -10.06237],
			"to": [2.06079, 7.05, -8.63737],
			"rotation": {"angle": 22.5, "axis": "y", "origin": [4.75, 3.475, -10.2]},
			"faces": {
				"north": {"uv": [4.75, 14, 4.875, 14.625], "rotation": 90, "texture": "#4"},
				"east": {"uv": [10.375, 14.75, 10.25, 15.125], "rotation": 270, "texture": "#4"},
				"south": {"uv": [10, 14.5, 10.125, 15.125], "rotation": 270, "texture": "#4"},
				"west": {"uv": [9.875, 15.125, 9.75, 14.75], "rotation": 270, "texture": "#4"},
				"up": {"uv": [14.25, 9.25, 14.625, 9.875], "rotation": 270, "texture": "#4"},
				"down": {"uv": [10.75, 14.25, 11.125, 14.875], "rotation": 270, "texture": "#4"}
			}
		},
		{
			"from": [2.4, 5.125, 2.75],
			"to": [5.725, 5.125, 9.25],
			"rotation": {"angle": 0, "axis": "y", "origin": [5.525, 7.125, 4.2]},
			"faces": {
				"north": {"uv": [0, 0, 0, 0.875], "rotation": 90, "texture": "#4"},
				"east": {"uv": [0, 0, 0, 1.625], "rotation": 270, "texture": "#4"},
				"south": {"uv": [0, 0, 0, 0.875], "rotation": 270, "texture": "#4"},
				"west": {"uv": [0, 1.625, 0, 0], "rotation": 270, "texture": "#4"},
				"up": {"uv": [11, 6.5, 12.625, 7.375], "rotation": 270, "texture": "#4"},
				"down": {"uv": [9.25, 11.5, 10.875, 12.375], "rotation": 270, "texture": "#4"}
			}
		},
		{
			"name": "ВерхнийПлавникНачалоПраво",
			"from": [4.26529, 4.6, 1.76149],
			"to": [6.16529, 5.55, 3.43649],
			"rotation": {"angle": 45, "axis": "y", "origin": [4.825, 3.15, 2.525]},
			"faces": {
				"north": {"uv": [11.25, 2, 11.5, 2.5], "rotation": 90, "texture": "#4"},
				"east": {"uv": [2.75, 13, 2.5, 13.375], "rotation": 270, "texture": "#4"},
				"south": {"uv": [3.25, 11.5, 3.5, 12], "rotation": 270, "texture": "#4"},
				"west": {"uv": [11, 12.875, 10.75, 12.5], "rotation": 270, "texture": "#4"},
				"up": {"uv": [12, 14.25, 12.375, 14.75], "rotation": 270, "texture": "#4"},
				"down": {"uv": [3.75, 14.5, 4.125, 15], "rotation": 270, "texture": "#4"}
			}
		},
		{
			"name": "ВерхнийПлавникСередПраво",
			"from": [3.5494, 4.75, 2.44635],
			"to": [4.7994, 5.4, 4.97135],
			"rotation": {"angle": -22.5, "axis": "y", "origin": [3.7, 2.95, 3.475]},
			"faces": {
				"north": {"uv": [10.5, 14.75, 10.625, 15.125], "rotation": 90, "texture": "#4"},
				"east": {"uv": [9.375, 14.75, 9.25, 15.375], "rotation": 270, "texture": "#4"},
				"south": {"uv": [11.25, 14.75, 11.375, 15.125], "rotation": 270, "texture": "#4"},
				"west": {"uv": [6.375, 15.375, 6.25, 14.75], "rotation": 270, "texture": "#4"},
				"up": {"uv": [11.25, 14.25, 11.875, 14.625], "rotation": 270, "texture": "#4"},
				"down": {"uv": [3, 14.5, 3.625, 14.875], "rotation": 270, "texture": "#4"}
			}
		},
		{
			"name": "ВерхнийПлавникКонецПраво",
			"from": [2.5994, 4.85, 4.72135],
			"to": [3.5994, 5.3, 6.39635],
			"rotation": {"angle": -22.5, "axis": "y", "origin": [2.6, 2.95, 5.75]},
			"faces": {
				"north": {"uv": [12, 7.5, 12.125, 7.75], "rotation": 90, "texture": "#4"},
				"east": {"uv": [11.875, 14.75, 11.75, 15.125], "rotation": 270, "texture": "#4"},
				"south": {"uv": [3.25, 12.5, 3.375, 12.75], "rotation": 270, "texture": "#4"},
				"west": {"uv": [11.625, 15.125, 11.5, 14.75], "rotation": 270, "texture": "#4"},
				"up": {"uv": [14.75, 5, 15.125, 5.25], "rotation": 270, "texture": "#4"},
				"down": {"uv": [5.25, 14.75, 5.625, 15], "rotation": 270, "texture": "#4"}
			}
		},
		{
			"from": [2.4, 0.925, 2.75],
			"to": [5.725, 0.925, 9.25],
			"rotation": {"angle": 0, "axis": "y", "origin": [5.525, -1.075, 4.2]},
			"faces": {
				"north": {"uv": [0, 0, 0, 0.875], "rotation": 90, "texture": "#4"},
				"east": {"uv": [0, 0, 0, 1.625], "rotation": 270, "texture": "#4"},
				"south": {"uv": [0, 0, 0, 0.875], "rotation": 270, "texture": "#4"},
				"west": {"uv": [0, 1.625, 0, 0], "rotation": 270, "texture": "#4"},
				"up": {"uv": [11.5, 11, 13.125, 11.875], "rotation": 270, "texture": "#4"},
				"down": {"uv": [12, 0, 13.625, 0.875], "rotation": 270, "texture": "#4"}
			}
		},
		{
			"name": "ВерхнийПлавникНачалоЛево",
			"from": [4.26529, 0.45, 1.76149],
			"to": [6.16529, 1.4, 3.43649],
			"rotation": {"angle": 45, "axis": "y", "origin": [4.825, 3.15, 2.525]},
			"faces": {
				"north": {"uv": [3.25, 12, 3.5, 12.5], "rotation": 90, "texture": "#4"},
				"east": {"uv": [4.5, 13.25, 4.25, 13.625], "rotation": 270, "texture": "#4"},
				"south": {"uv": [12.5, 2.75, 12.75, 3.25], "rotation": 270, "texture": "#4"},
				"west": {"uv": [11, 13.375, 10.75, 13], "rotation": 270, "texture": "#4"},
				"up": {"uv": [7.25, 14.5, 7.625, 15], "rotation": 270, "texture": "#4"},
				"down": {"uv": [7.75, 14.5, 8.125, 15], "rotation": 270, "texture": "#4"}
			}
		},
		{
			"name": "ВерхнийПлавникСередЛево",
			"from": [3.5494, 0.6, 2.44635],
			"to": [4.7994, 1.25, 4.97135],
			"rotation": {"angle": -22.5, "axis": "y", "origin": [3.7, 2.95, 3.475]},
			"faces": {
				"north": {"uv": [12, 14.75, 12.125, 15.125], "rotation": 90, "texture": "#4"},
				"east": {"uv": [9.625, 14.75, 9.5, 15.375], "rotation": 270, "texture": "#4"},
				"south": {"uv": [12.25, 14.75, 12.375, 15.125], "rotation": 270, "texture": "#4"},
				"west": {"uv": [14.875, 9.875, 14.75, 9.25], "rotation": 270, "texture": "#4"},
				"up": {"uv": [14.5, 5.75, 15.125, 6.125], "rotation": 270, "texture": "#4"},
				"down": {"uv": [6.5, 14.5, 7.125, 14.875], "rotation": 270, "texture": "#4"}
			}
		},
		{
			"name": "ВерхнийПлавникКонецЛево",
			"from": [2.5994, 0.7, 4.72135],
			"to": [3.5994, 1.15, 6.39635],
			"rotation": {"angle": -22.5, "axis": "y", "origin": [2.6, 2.95, 5.75]},
			"faces": {
				"north": {"uv": [13.25, 8.25, 13.375, 8.5], "rotation": 90, "texture": "#4"},
				"east": {"uv": [12.875, 14.75, 12.75, 15.125], "rotation": 270, "texture": "#4"},
				"south": {"uv": [13.75, 3.25, 13.875, 3.5], "rotation": 270, "texture": "#4"},
				"west": {"uv": [12.625, 15.125, 12.5, 14.75], "rotation": 270, "texture": "#4"},
				"up": {"uv": [14.75, 5.25, 15.125, 5.5], "rotation": 270, "texture": "#4"},
				"down": {"uv": [14.75, 5.5, 15.125, 5.75], "rotation": 270, "texture": "#4"}
			}
		},
		{
			"name": "антенна-Лево",
			"from": [1.27627, 1.47112, -13.33482],
			"to": [8.27627, 1.47112, -10.33482],
			"rotation": {"angle": 22.5, "axis": "x", "origin": [7.725, 4.25, -13.125]},
			"faces": {
				"north": {"uv": [0, 0, 0, 1.75], "rotation": 90, "texture": "#4"},
				"east": {"uv": [0, 0, 0, 0.75], "rotation": 270, "texture": "#4"},
				"south": {"uv": [0, 0, 0, 1.75], "rotation": 270, "texture": "#4"},
				"west": {"uv": [0, 0.75, 0, 0], "rotation": 270, "texture": "#4"},
				"up": {"uv": [12, 1, 12.75, 2.75], "rotation": 270, "texture": "#4"},
				"down": {"uv": [5.5, 12, 6.25, 13.75], "rotation": 270, "texture": "#4"}
			}
		},
		{
			"name": "антенна-Право",
			"from": [1.27627, 6.28978, -13.61596],
			"to": [8.27627, 6.28978, -10.61596],
			"rotation": {"angle": -22.5, "axis": "x", "origin": [7.725, 4.25, -13.1]},
			"faces": {
				"north": {"uv": [0, 0, 0, 1.75], "rotation": 90, "texture": "#4"},
				"east": {"uv": [0, 0, 0, 0.75], "rotation": 270, "texture": "#4"},
				"south": {"uv": [0, 0, 0, 1.75], "rotation": 270, "texture": "#4"},
				"west": {"uv": [0, 0.75, 0, 0], "rotation": 270, "texture": "#4"},
				"up": {"uv": [6.25, 12, 5.5, 13.75], "rotation": 270, "texture": "#4"},
				"down": {"uv": [12.75, 1, 12, 2.75], "rotation": 270, "texture": "#4"}
			}
		},
		{
			"name": "АнтенаШарикЛево",
			"from": [1.35, 0.775, -13.75],
			"to": [3.025, 2.35, -12.15],
			"rotation": {"angle": -22.5, "axis": "y", "origin": [4.75, 3.475, -10.2]},
			"faces": {
				"north": {"uv": [15.125, 0.375, 14.75, 0], "rotation": 270, "texture": "#4"},
				"east": {"uv": [14, 14.5, 14.375, 14.875], "rotation": 90, "texture": "#4"},
				"south": {"uv": [1.375, 14.75, 1, 15.125], "rotation": 270, "texture": "#4"},
				"west": {"uv": [14.5, 14.5, 14.875, 14.875], "rotation": 270, "texture": "#4"},
				"up": {"uv": [14.5, 14, 14.875, 14.375], "texture": "#4"},
				"down": {"uv": [0, 14.75, 0.375, 15.125], "rotation": 180, "texture": "#4"}
			}
		},
		{
			"name": "АнтенаШарикПраво",
			"from": [1.35, 5.35, -13.75],
			"to": [3.025, 6.925, -12.15],
			"rotation": {"angle": -22.5, "axis": "y", "origin": [4.75, 3.475, -10.2]},
			"faces": {
				"north": {"uv": [15.125, 2.875, 14.75, 2.5], "rotation": 270, "texture": "#4"},
				"east": {"uv": [1.5, 14.75, 1.875, 15.125], "rotation": 90, "texture": "#4"},
				"south": {"uv": [4.625, 14.75, 4.25, 15.125], "rotation": 270, "texture": "#4"},
				"west": {"uv": [2, 14.75, 2.375, 15.125], "rotation": 270, "texture": "#4"},
				"up": {"uv": [14.75, 1.5, 15.125, 1.875], "texture": "#4"},
				"down": {"uv": [14.75, 2, 15.125, 2.375], "rotation": 180, "texture": "#4"}
			}
		},
		{
			"name": "Хвост",
			"from": [5.825, 0.3, 9],
			"to": [12.825, 4.8, 20],
			"rotation": {"angle": 22.5, "axis": "x", "origin": [10.45, 2.3, 13.25]},
			"faces": {
				"north": {"uv": [11, 4.75, 12.125, 6.5], "rotation": 90, "texture": "#4"},
				"east": {"uv": [9.125, 10, 8, 12.75], "rotation": 270, "texture": "#4"},
				"south": {"uv": [11, 9.25, 12.125, 11], "rotation": 270, "texture": "#4"},
				"west": {"uv": [7.875, 12.75, 6.75, 10], "rotation": 270, "texture": "#4"},
				"up": {"uv": [6.5, 1.5, 9.25, 3.25], "rotation": 270, "texture": "#4"},
				"down": {"uv": [7, 3.25, 9.75, 5], "rotation": 270, "texture": "#4"}
			}
		},
		{
			"name": "ХвостВерхн-конец",
			"from": [8.88003, -0.25, 18.85718],
			"to": [13.88003, 1.9, 31.85718],
			"rotation": {"angle": -22.5, "axis": "y", "origin": [9.3, 0.575, 6.55]},
			"faces": {
				"north": {"uv": [0.5, 12.75, 1, 14], "rotation": 90, "texture": "#4"},
				"east": {"uv": [12, 0, 11.5, 3.25], "rotation": 270, "texture": "#4"},
				"south": {"uv": [1, 12.75, 1.5, 14], "rotation": 270, "texture": "#4"},
				"west": {"uv": [11.5, 14.25, 11, 11], "rotation": 270, "texture": "#4"},
				"up": {"uv": [4, 8.75, 7.25, 10], "rotation": 270, "texture": "#4"},
				"down": {"uv": [7.25, 8.75, 10.5, 10], "rotation": 270, "texture": "#4"}
			}
		},
		{
			"name": "Хвост-конец",
			"from": [6.075, -0.275, 18.775],
			"to": [13.075, 1.925, 29.775],
			"rotation": {"angle": 0, "axis": "y", "origin": [9.325, 0.575, 6.6]},
			"faces": {
				"north": {"uv": [9.25, 1.5, 9.75, 3.25], "rotation": 90, "texture": "#4"},
				"east": {"uv": [5.5, 12, 5, 14.75], "rotation": 270, "texture": "#4"},
				"south": {"uv": [6.25, 12, 6.75, 13.75], "rotation": 270, "texture": "#4"},
				"west": {"uv": [3.25, 14.25, 2.75, 11.5], "rotation": 270, "texture": "#4"},
				"up": {"uv": [4, 7, 6.75, 8.75], "rotation": 270, "texture": "#4"},
				"down": {"uv": [6.75, 7, 9.5, 8.75], "rotation": 270, "texture": "#4"}
			}
		},
		{
			"name": "ХвостНижнийПереход",
			"from": [12.3, -0.15, 29.525],
			"to": [13.1, 1.8, 31.075],
			"rotation": {"angle": 0, "axis": "y", "origin": [9.325, 0.575, 6.6]},
			"faces": {
				"north": {"uv": [12.75, 4.5, 13.25, 4.75], "rotation": 90, "texture": "#4"},
				"east": {"uv": [15, 8.25, 14.5, 8.625], "rotation": 270, "texture": "#4"},
				"south": {"uv": [13.5, 6.25, 14, 6.5], "rotation": 270, "texture": "#4"},
				"west": {"uv": [8.75, 14.875, 8.25, 14.5], "rotation": 270, "texture": "#4"},
				"up": {"uv": [5.75, 14.75, 6.125, 15], "rotation": 270, "texture": "#4"},
				"down": {"uv": [14.75, 7, 15.125, 7.25], "rotation": 270, "texture": "#4"}
			}
		},
		{
			"name": "ХвостНижнийУгол",
			"from": [17.19776, -0.125, 26.06771],
			"to": [21.44776, 1.775, 28.06771],
			"rotation": {"angle": -22.5, "axis": "y", "origin": [9.325, 0.575, 6.6]},
			"faces": {
				"north": {"uv": [13.25, 4.5, 13.75, 5.625], "rotation": 90, "texture": "#4"},
				"east": {"uv": [4.5, 5, 4, 5.5], "rotation": 270, "texture": "#4"},
				"south": {"uv": [9.25, 13.25, 9.75, 14.375], "rotation": 270, "texture": "#4"},
				"west": {"uv": [2.25, 5, 1.75, 4.5], "rotation": 270, "texture": "#4"},
				"up": {"uv": [13.25, 7, 13.75, 8.125], "rotation": 270, "texture": "#4"},
				"down": {"uv": [13.25, 9.25, 13.75, 10.375], "rotation": 270, "texture": "#4"}
			}
		},
		{
			"name": "ХвостПереходВерхний",
			"from": [8.94795, -0.175, 14.49973],
			"to": [11.02295, 1.825, 18.92473],
			"rotation": {"angle": -22.5, "axis": "y", "origin": [9.325, 0.575, 6.6]},
			"faces": {
				"north": {"uv": [12, 2.75, 12.5, 3.25], "rotation": 90, "texture": "#4"},
				"east": {"uv": [14, 11.5, 13.5, 12.625], "rotation": 270, "texture": "#4"},
				"south": {"uv": [12.75, 7, 13.25, 7.5], "rotation": 270, "texture": "#4"},
				"west": {"uv": [10.25, 14.375, 9.75, 13.25], "rotation": 270, "texture": "#4"},
				"up": {"uv": [13.25, 10.5, 14.375, 11], "rotation": 270, "texture": "#4"},
				"down": {"uv": [13.25, 11, 14.375, 11.5], "rotation": 270, "texture": "#4"}
			}
		},
		{
			"name": "ХвостВерхнийУгол",
			"from": [-5.32, -0.15, 23.04633],
			"to": [0.005, 1.8, 27.72133],
			"rotation": {"angle": 22.5, "axis": "y", "origin": [9.325, 0.575, 6.6]},
			"faces": {
				"north": {"uv": [10.25, 12.5, 10.75, 13.875], "rotation": 90, "texture": "#4"},
				"east": {"uv": [14.25, 0, 13.75, 1.125], "rotation": 270, "texture": "#4"},
				"south": {"uv": [0, 12.75, 0.5, 14.125], "rotation": 270, "texture": "#4"},
				"west": {"uv": [14, 13.875, 13.5, 12.75], "rotation": 270, "texture": "#4"},
				"up": {"uv": [1.5, 11.5, 2.625, 12.875], "rotation": 270, "texture": "#4"},
				"down": {"uv": [11.5, 3.25, 12.625, 4.625], "rotation": 270, "texture": "#4"}
			}
		},
		{
			"name": "ПереднЛапа-Право",
			"from": [14.225, 2.56694, -7.017],
			"to": [16.225, 7.56694, -5.542],
			"rotation": {"angle": 22.5, "axis": "z", "origin": [15.225, 6.55, -6.2]},
			"faces": {
				"north": {"uv": [13.25, 2.25, 12.75, 1], "rotation": 180, "texture": "#4"},
				"east": {"uv": [13.75, 7.5, 15, 7.875], "rotation": 90, "texture": "#4"},
				"south": {"uv": [13.25, 2.25, 12.75, 3.5], "texture": "#4"},
				"west": {"uv": [14, 3.25, 15.25, 3.625], "rotation": 270, "texture": "#4"},
				"up": {"uv": [14.5, 8.75, 15, 9.125], "texture": "#4"},
				"down": {"uv": [8.75, 14.5, 9.25, 14.875], "rotation": 180, "texture": "#4"}
			}
		},
		{
			"name": "ПереднЛапа-Плечо-Право",
			"from": [10.8321, 7.45, -6.88922],
			"to": [15.8321, 9.45, -5.11422],
			"rotation": {"angle": -22.5, "axis": "z", "origin": [12.125, 8.7, -5.7]},
			"faces": {
				"north": {"uv": [5, 14, 4.5, 12.75], "rotation": 270, "texture": "#4"},
				"east": {"uv": [14, 12.5, 14.5, 13], "rotation": 90, "texture": "#4"},
				"south": {"uv": [7.25, 12.75, 6.75, 14], "rotation": 270, "texture": "#4"},
				"west": {"uv": [13, 14, 13.5, 14.5], "rotation": 270, "texture": "#4"},
				"up": {"uv": [3.25, 12.75, 4.5, 13.25], "texture": "#4"},
				"down": {"uv": [12.75, 3.5, 14, 4], "rotation": 180, "texture": "#4"}
			}
		},
		{
			"name": "ПереднЛапа-Когти-Право",
			"from": [14.375, 0.9, -6.525],
			"to": [18.375, 3.9, -5.525],
			"rotation": {"angle": -22.5, "axis": "y", "origin": [16.625, 3.4, -6.025]},
			"faces": {
				"north": {"uv": [13.25, 10, 12.25, 9.25], "rotation": 180, "texture": "#4"},
				"east": {"uv": [14.25, 10, 15, 10.25], "rotation": 90, "texture": "#4"},
				"south": {"uv": [13.25, 10, 12.25, 10.75], "texture": "#4"},
				"west": {"uv": [9.25, 14.5, 10, 14.75], "rotation": 270, "texture": "#4"},
				"up": {"uv": [11, 7.5, 12, 7.75], "texture": "#4"},
				"down": {"uv": [9.75, 4.75, 10.75, 5], "rotation": 180, "texture": "#4"}
			}
		},
		{
			"name": "ПереднЛапа-Лево",
			"from": [14.22545, -0.8, -8.08163],
			"to": [19.22545, 1.2, -6.60663],
			"rotation": {"angle": 45, "axis": "y", "origin": [15.8, 0.2, -7.225]},
			"faces": {
				"north": {"uv": [7.75, 14, 7.25, 12.75], "rotation": 270, "texture": "#4"},
				"east": {"uv": [14.5, 10.5, 15, 10.875], "rotation": 90, "texture": "#4"},
				"south": {"uv": [8.25, 12.75, 7.75, 14], "rotation": 270, "texture": "#4"},
				"west": {"uv": [14.5, 11, 15, 11.375], "rotation": 270, "texture": "#4"},
				"up": {"uv": [14, 3.75, 15.25, 4.125], "texture": "#4"},
				"down": {"uv": [14, 6.25, 15.25, 6.625], "rotation": 180, "texture": "#4"}
			}
		},
		{
			"name": "ПереднЛапа-Плечо-Лево",
			"from": [10.4821, -2.275, -7.18566],
			"to": [15.4821, -0.275, -5.41066],
			"rotation": {"angle": 22.5, "axis": "z", "origin": [11.775, -1.275, -6.35]},
			"faces": {
				"north": {"uv": [8.75, 14, 8.25, 12.75], "rotation": 270, "texture": "#4"},
				"east": {"uv": [14, 13, 14.5, 13.5], "rotation": 90, "texture": "#4"},
				"south": {"uv": [9.25, 12.75, 8.75, 14], "rotation": 270, "texture": "#4"},
				"west": {"uv": [13.5, 14, 14, 14.5], "rotation": 270, "texture": "#4"},
				"up": {"uv": [12.75, 4, 14, 4.5], "texture": "#4"},
				"down": {"uv": [12.75, 6.5, 14, 7], "rotation": 180, "texture": "#4"}
			}
		},
		{
			"name": "ПереднЛапа-Когти-Лево",
			"from": [17.6, -2.2, -9.5],
			"to": [20.6, 1.8, -8.5],
			"rotation": {"angle": 45, "axis": "x", "origin": [17.85, 0.05, -9]},
			"faces": {
				"north": {"uv": [10.25, 13.25, 9.25, 12.5], "rotation": 270, "texture": "#4"},
				"east": {"uv": [12.25, 10.75, 13.25, 11], "rotation": 90, "texture": "#4"},
				"south": {"uv": [13.5, 12, 12.5, 12.75], "rotation": 270, "texture": "#4"},
				"west": {"uv": [13.75, 5.5, 14.75, 5.75], "rotation": 270, "texture": "#4"},
				"up": {"uv": [14.5, 12.5, 15.25, 12.75], "texture": "#4"},
				"down": {"uv": [14.5, 12.75, 15.25, 13], "rotation": 180, "texture": "#4"}
			}
		},
		{
			"name": "ЗаднЛапа-Право",
			"from": [10.8, 1.42837, 6.77305],
			"to": [12.8, 6.42837, 8.47305],
			"rotation": {"angle": 45, "axis": "z", "origin": [12.05, 5.2, 7.625]},
			"faces": {
				"north": {"uv": [2, 13, 1.5, 14.25], "rotation": 180, "texture": "#4"},
				"east": {"uv": [6.5, 14, 7.75, 14.375], "rotation": 270, "texture": "#4"},
				"south": {"uv": [13, 14, 12.5, 12.75], "texture": "#4"},
				"west": {"uv": [7.75, 14, 9, 14.375], "rotation": 90, "texture": "#4"},
				"up": {"uv": [13, 14.5, 13.5, 14.875], "rotation": 180, "texture": "#4"},
				"down": {"uv": [14.5, 13, 15, 13.375], "texture": "#4"}
			}
		},
		{
			"name": "ЗаднЛапа-Бедр-Право",
			"from": [7.67322, 5.8, 6.63744],
			"to": [11.67322, 7.8, 8.63744],
			"rotation": {"angle": -22.5, "axis": "z", "origin": [8.85, 6.8, 7.4]},
			"faces": {
				"north": {"uv": [14.25, 2.25, 13.75, 3.25], "rotation": 270, "texture": "#4"},
				"east": {"uv": [14, 14, 14.5, 14.5], "rotation": 270, "texture": "#4"},
				"south": {"uv": [14.25, 2.25, 13.75, 1.25], "rotation": 270, "texture": "#4"},
				"west": {"uv": [14, 13.5, 14.5, 14], "rotation": 90, "texture": "#4"},
				"up": {"uv": [13.5, 5.75, 14.5, 6.25], "rotation": 180, "texture": "#4"},
				"down": {"uv": [13.5, 8.25, 14.5, 8.75], "texture": "#4"}
			}
		},
		{
			"name": "ЗаднЛапа-Когти-Право",
			"from": [12.575, 2.725, 5.5],
			"to": [16.575, 3.725, 9.5],
			"rotation": {"angle": 22.5, "axis": "x", "origin": [14.575, 3.475, 7]},
			"faces": {
				"north": {"uv": [13.75, 8, 14.75, 8.25], "texture": "#4"},
				"east": {"uv": [13.75, 10.25, 14.75, 10.5], "texture": "#4"},
				"south": {"uv": [14, 4.25, 15, 4.5], "texture": "#4"},
				"west": {"uv": [14, 6.75, 15, 7], "texture": "#4"},
				"up": {"uv": [10.5, 8.75, 9.5, 7.75], "texture": "#4"},
				"down": {"uv": [12.5, 12, 11.5, 13], "texture": "#4"}
			}
		},
		{
			"name": "ЗаднЛапа-Лево",
			"from": [11.4276, -0.75, 6.76872],
			"to": [16.4276, 1.25, 8.46872],
			"rotation": {"angle": 0, "axis": "z", "origin": [12.425, 0, 7.525]},
			"faces": {
				"north": {"uv": [12, 13, 11.5, 14.25], "rotation": 270, "texture": "#4"},
				"east": {"uv": [14.5, 13.5, 15, 13.875], "rotation": 270, "texture": "#4"},
				"south": {"uv": [2.5, 14.25, 2, 13], "rotation": 270, "texture": "#4"},
				"west": {"uv": [13.5, 14.5, 14, 14.875], "rotation": 90, "texture": "#4"},
				"up": {"uv": [14, 11.5, 15.25, 11.875], "rotation": 180, "texture": "#4"},
				"down": {"uv": [14, 12, 15.25, 12.375], "texture": "#4"}
			}
		},
		{
			"name": "ЗаднЛапа-Бедр-Лево",
			"from": [8.24822, -1.1, 6.28744],
			"to": [12.24822, 0.9, 8.28744],
			"rotation": {"angle": 0, "axis": "z", "origin": [9.425, 0.15, 7.05]},
			"faces": {
				"north": {"uv": [6.5, 13.75, 6, 14.75], "rotation": 270, "texture": "#4"},
				"east": {"uv": [14.25, 0, 14.75, 0.5], "rotation": 270, "texture": "#4"},
				"south": {"uv": [6, 14.75, 5.5, 13.75], "rotation": 270, "texture": "#4"},
				"west": {"uv": [0, 14.25, 0.5, 14.75], "rotation": 90, "texture": "#4"},
				"up": {"uv": [13.5, 8.75, 14.5, 9.25], "rotation": 180, "texture": "#4"},
				"down": {"uv": [13.75, 4.5, 14.75, 5], "texture": "#4"}
			}
		},
		{
			"name": "ЗаднЛапа-Когти-Лево",
			"from": [15.75, -1.325, 5.675],
			"to": [16.75, 2.675, 9.675],
			"rotation": {"angle": 45, "axis": "z", "origin": [16.25, 0.925, 6.925]},
			"faces": {
				"north": {"uv": [14.25, 0.5, 15.25, 0.75], "rotation": 90, "texture": "#4"},
				"east": {"uv": [13.25, 7.5, 12.25, 8.5], "rotation": 270, "texture": "#4"},
				"south": {"uv": [14.25, 1, 15.25, 1.25], "rotation": 270, "texture": "#4"},
				"west": {"uv": [13.25, 5.75, 12.25, 4.75], "rotation": 270, "texture": "#4"},
				"up": {"uv": [14.25, 0.75, 15.25, 1], "rotation": 270, "texture": "#4"},
				"down": {"uv": [14.25, 1.25, 15.25, 1.5], "rotation": 270, "texture": "#4"}
			}
		},
		{
			"name": "СреднПлавн-Плечо-Право",
			"from": [8.98813, 6.425, -3.4244],
			"to": [13.98813, 8.425, -1.4244],
			"rotation": {"angle": 0, "axis": "y", "origin": [10.625, 7.175, -2.5]},
			"faces": {
				"north": {"uv": [12, 13, 12.5, 14.25], "rotation": 90, "texture": "#4"},
				"east": {"uv": [14.75, 1.5, 14.25, 2], "rotation": 270, "texture": "#4"},
				"south": {"uv": [13.25, 1, 13.75, 2.25], "rotation": 270, "texture": "#4"},
				"west": {"uv": [2, 14.75, 1.5, 14.25], "rotation": 270, "texture": "#4"},
				"up": {"uv": [13, 12.75, 13.5, 14], "rotation": 270, "texture": "#4"},
				"down": {"uv": [13.25, 2.25, 13.75, 3.5], "rotation": 270, "texture": "#4"}
			}
		},
		{
			"name": "СреднПлавник-Право",
			"from": [14.275, 3.7, -3.1],
			"to": [16.05, 8.7, -0.1],
			"rotation": {"angle": 22.5, "axis": "z", "origin": [15.3, 3.7, -1.85]},
			"faces": {
				"north": {"uv": [4.25, 13.25, 3.75, 14.5], "rotation": 180, "texture": "#4"},
				"east": {"uv": [12.25, 5.75, 13.5, 6.5], "rotation": 270, "texture": "#4"},
				"south": {"uv": [3.75, 14.5, 3.25, 13.25], "texture": "#4"},
				"west": {"uv": [12.25, 8.5, 13.5, 9.25], "rotation": 90, "texture": "#4"},
				"up": {"uv": [10.25, 14, 10.75, 14.75], "rotation": 180, "texture": "#4"},
				"down": {"uv": [12.5, 14, 13, 14.75], "texture": "#4"}
			}
		},
		{
			"name": "СреднПлавн-Серед-Право",
			"from": [14.275, -0.3, -3.1],
			"to": [16.05, 3.7, -1.1],
			"rotation": {"angle": 22.5, "axis": "z", "origin": [15.3, 3.7, -1.85]},
			"faces": {
				"north": {"uv": [1, 14, 0.5, 15], "rotation": 180, "texture": "#4"},
				"east": {"uv": [13.75, 5, 14.75, 5.5], "rotation": 270, "texture": "#4"},
				"south": {"uv": [14.25, 10.25, 13.75, 9.25], "texture": "#4"},
				"west": {"uv": [13.75, 7, 14.75, 7.5], "rotation": 90, "texture": "#4"},
				"up": {"uv": [2, 14.25, 2.5, 14.75], "rotation": 180, "texture": "#4"},
				"down": {"uv": [14.25, 2, 14.75, 2.5], "texture": "#4"}
			}
		},
		{
			"name": "СреднПлавн-Кончик-Право",
			"from": [14.275, -1.3, -3.1],
			"to": [16.05, -0.3, -2.1],
			"rotation": {"angle": 22.5, "axis": "z", "origin": [15.3, 3.7, -1.85]},
			"faces": {
				"north": {"uv": [15.25, 4.75, 14.75, 5], "rotation": 180, "texture": "#4"},
				"east": {"uv": [10.75, 4.75, 11, 5], "rotation": 270, "texture": "#4"},
				"south": {"uv": [5.25, 15, 4.75, 14.75], "texture": "#4"},
				"west": {"uv": [11.25, 2.5, 11.5, 2.75], "rotation": 90, "texture": "#4"},
				"up": {"uv": [14.75, 3, 15.25, 3.25], "rotation": 180, "texture": "#4"},
				"down": {"uv": [14.75, 4.5, 15.25, 4.75], "texture": "#4"}
			}
		},
		{
			"name": "СреднПлавник-Лево",
			"from": [15.075, -0.2, -3.3],
			"to": [18.075, 1.575, 1.7],
			"rotation": {"angle": 45, "axis": "y", "origin": [16.825, 0.55, 1.7]},
			"faces": {
				"north": {"uv": [10.25, 14, 10.75, 14.75], "rotation": 90, "texture": "#4"},
				"east": {"uv": [3.75, 13.25, 4.25, 14.5], "rotation": 270, "texture": "#4"},
				"south": {"uv": [12.5, 14, 13, 14.75], "rotation": 270, "texture": "#4"},
				"west": {"uv": [3.25, 13.25, 3.75, 14.5], "rotation": 270, "texture": "#4"},
				"up": {"uv": [12.25, 8.5, 13.5, 9.25], "rotation": 270, "texture": "#4"},
				"down": {"uv": [12.25, 5.75, 13.5, 6.5], "rotation": 270, "texture": "#4"}
			}
		},
		{
			"name": "СреднПлавн-Серед-Лево",
			"from": [16.075, -0.2, 1.7],
			"to": [18.075, 1.575, 5.7],
			"rotation": {"angle": 45, "axis": "y", "origin": [16.825, 0.55, 1.7]},
			"faces": {
				"north": {"uv": [2, 14.25, 2.5, 14.75], "rotation": 90, "texture": "#4"},
				"east": {"uv": [0.5, 14, 1, 15], "rotation": 270, "texture": "#4"},
				"south": {"uv": [14.25, 2, 14.75, 2.5], "rotation": 270, "texture": "#4"},
				"west": {"uv": [13.75, 9.25, 14.25, 10.25], "rotation": 270, "texture": "#4"},
				"up": {"uv": [13.75, 7, 14.75, 7.5], "rotation": 270, "texture": "#4"},
				"down": {"uv": [13.75, 5, 14.75, 5.5], "rotation": 270, "texture": "#4"}
			}
		},
		{
			"name": "СреднПлавн-Кончик-Лево",
			"from": [17.075, -0.2, 5.7],
			"to": [18.075, 1.575, 6.7],
			"rotation": {"angle": 45, "axis": "y", "origin": [16.825, 0.55, 1.7]},
			"faces": {
				"north": {"uv": [14.75, 3, 15.25, 3.25], "rotation": 90, "texture": "#4"},
				"east": {"uv": [14.75, 4.75, 15.25, 5], "rotation": 270, "texture": "#4"},
				"south": {"uv": [14.75, 4.5, 15.25, 4.75], "rotation": 270, "texture": "#4"},
				"west": {"uv": [4.75, 14.75, 5.25, 15], "rotation": 270, "texture": "#4"},
				"up": {"uv": [11.25, 2.5, 11.5, 2.75], "rotation": 270, "texture": "#4"},
				"down": {"uv": [10.75, 4.75, 11, 5], "rotation": 270, "texture": "#4"}
			}
		},
		{
			"name": "СреднПлавн-Плечо-Лево",
			"from": [8.84246, -0.15, -4.38037],
			"to": [13.84246, 1.85, -2.38037],
			"rotation": {"angle": -22.5, "axis": "y", "origin": [10.575, 1.1, -3.225]},
			"faces": {
				"north": {"uv": [12, 13, 12.5, 14.25], "rotation": 90, "texture": "#4"},
				"east": {"uv": [14.25, 1.5, 14.75, 2], "rotation": 270, "texture": "#4"},
				"south": {"uv": [13.25, 1, 13.75, 2.25], "rotation": 270, "texture": "#4"},
				"west": {"uv": [1.5, 14.25, 2, 14.75], "rotation": 270, "texture": "#4"},
				"up": {"uv": [13.25, 2.25, 13.75, 3.5], "rotation": 270, "texture": "#4"},
				"down": {"uv": [13, 12.75, 13.5, 14], "rotation": 270, "texture": "#4"}
			}
		}
	],
	"display": {
		"thirdperson_righthand": {
			"rotation": [-168.81, 74.51, 171.25],
			"translation": [0, 5.5, 3.5],
			"scale": [0.81641, 0.81641, 0.81641]
		},
		"thirdperson_lefthand": {
			"translation": [0, 2, 2.75],
			"scale": [0.28711, 0.28711, 0.28711]
		},
		"ground": {
			"scale": [0.5, 0.5, 0.5]
		},
		"gui": {
			"rotation": [-180, 1.5, -180]
		},
		"head": {
			"translation": [0, -34.5, -33],
			"scale": [1.27539, 1.27539, 1.27539]
		},
		"fixed": {
			"rotation": [0, 90, 0],
			"scale": [0.41211, 0.41211, 0.41211]
		}
	},
	"groups": [
		{
			"name": "nairana",
			"origin": [8, 8, 8],
			"color": 0,
			"children": [
				{
					"name": "ОсновноеТело",
					"origin": [8, 8, 8],
					"color": 0,
					"children": [
						0,
						1,
						2,
						{
							"name": "ПлавникиАнтены",
							"origin": [8, 8, 8],
							"color": 0,
							"children": [
								{
									"name": "Лево",
									"origin": [8, 8, 8],
									"color": 0,
									"children": [3, 4, 5, 6]
								},
								{
									"name": "Право",
									"origin": [8, 8, 8],
									"color": 0,
									"children": [7, 8]
								}
							]
						},
						{
							"name": "ПлавникиСредние",
							"origin": [8, 8, 8],
							"color": 0,
							"children": [
								{
									"name": "Право",
									"origin": [8, 8, 8],
									"color": 0,
									"children": [9, 10, 11, 12]
								},
								{
									"name": "Лево",
									"origin": [8, 8, 8],
									"color": 0,
									"children": [13, 14, 15, 16]
								}
							]
						},
						{
							"name": "Антены",
							"origin": [8, 8, 8],
							"color": 0,
							"children": [17, 18, 19, 20]
						},
						{
							"name": "Хвост",
							"origin": [8, 8, 8],
							"color": 0,
							"children": [21, 22, 23, 24, 25, 26, 27]
						}
					]
				},
				{
					"name": "ПередниеЛапы",
					"origin": [8, 8, 8],
					"color": 0,
					"children": [
						{
							"name": "ПереднПраваяЛапа",
							"origin": [8, 8, 8],
							"color": 0,
							"children": [28, 29, 30]
						},
						{
							"name": "ПереднЛеваяЛапа",
							"origin": [8, 8, 8],
							"color": 0,
							"children": [31, 32, 33]
						}
					]
				},
				{
					"name": "ЗадниеЛапы",
					"origin": [8, 8, 8],
					"color": 0,
					"children": [
						{
							"name": "ЗадняяПраваяЛапа",
							"origin": [8, 8, 8],
							"color": 0,
							"children": [34, 35, 36]
						},
						{
							"name": "ЗадняяЛеваяЛапа",
							"origin": [8, 8, 8],
							"color": 0,
							"children": [37, 38, 39]
						}
					]
				},
				{
					"name": "СредниеПлавники",
					"origin": [8, 8, 8],
					"color": 0,
					"children": [
						{
							"name": "СреднийПлавникПраво",
							"origin": [8, 8, 8],
							"color": 0,
							"children": [40, 41, 42, 43]
						},
						{
							"name": "СреднийПлавникЛево",
							"origin": [8, 8, 8],
							"color": 0,
							"children": [44, 45, 46, 47]
						}
					]
				}
			]
		}
	]
}