{
	"format_version": "1.9.0",
	"credit": "Made with Blockbench",
	"texture_size": [64, 64],
	"textures": {
		"4": "neirana_pattern_b",
		"particle": "block/nairanaT"
	},
	"elements": [
		{
			"name": "Голова",
			"from": [4.525, 1.9702, -14.99633],
			"to": [13.525, 10.9702, -4.99633],
			"rotation": {"angle": 0, "axis": "y", "origin": [9.25, 10.975, -9.2]},
			"faces": {
				"north": {"uv": [7, 3.25, 4.75, 5.5], "texture": "#4"},
				"east": {"uv": [2.5, 2.25, 0, 4.5], "texture": "#4"},
				"south": {"uv": [4, 5, 1.75, 7.25], "texture": "#4"},
				"west": {"uv": [2.5, 0, 0, 2.25], "texture": "#4"},
				"up": {"uv": [2.5, 2.5, 4.75, 0], "texture": "#4"},
				"down": {"uv": [2.5, 2.5, 4.75, 5], "texture": "#4"}
			}
		},
		{
			"name": "Туловище-Хвост",
			"from": [6.35, 1.525, -1.325],
			"to": [13.05, 7.525, 11.675],
			"rotation": {"angle": -22.5, "axis": "z", "origin": [9.95, 3.525, 2.925]},
			"faces": {
				"north": {"uv": [10.875, 10, 9.25, 11.5], "texture": "#4"},
				"east": {"uv": [9.75, 0, 6.5, 1.5], "texture": "#4"},
				"south": {"uv": [12.125, 7.75, 10.5, 9.25], "texture": "#4"},
				"west": {"uv": [7.25, 5.5, 4, 7], "texture": "#4"},
				"up": {"uv": [0, 7.75, 1.625, 4.5], "texture": "#4"},
				"down": {"uv": [4.75, 0, 6.375, 3.25], "texture": "#4"}
			}
		},
		{
			"name": "Тело",
			"from": [7.025, 0.51113, -6.94311],
			"to": [14.175, 8.68613, 2.05689],
			"rotation": {"angle": 22.5, "axis": "y", "origin": [10.85, 3.125, -1.025]},
			"faces": {
				"north": {"uv": [11.5, 2.75, 9.75, 4.75], "texture": "#4"},
				"east": {"uv": [9.5, 5, 7.25, 7], "texture": "#4"},
				"south": {"uv": [6.75, 10, 5, 12], "texture": "#4"},
				"west": {"uv": [4, 7.25, 1.75, 9.25], "texture": "#4"},
				"up": {"uv": [0, 10, 1.75, 7.75], "texture": "#4"},
				"down": {"uv": [1.75, 9.25, 3.5, 11.5], "texture": "#4"}
			}
		},
		{
			"name": "ЛевоПлавникКреплАнтена1",
			"from": [11.65, 9.43004, -6.63454],
			"to": [12.375, 10.85504, -4.13454],
			"rotation": {"angle": -45, "axis": "x", "origin": [9.25, 10.975, -9.2]},
			"faces": {
				"north": {"uv": [9, 14, 9.125, 14.375], "rotation": 180, "texture": "#4"},
				"east": {"uv": [14.25, 3.125, 14.625, 2.5], "rotation": 90, "texture": "#4"},
				"south": {"uv": [13.25, 11.875, 13.375, 11.5], "texture": "#4"},
				"west": {"uv": [2.5, 14.875, 2.875, 14.25], "rotation": 270, "texture": "#4"},
				"up": {"uv": [2.625, 13.5, 2.5, 14.125], "rotation": 180, "texture": "#4"},
				"down": {"uv": [10.875, 13.5, 10.75, 14.125], "texture": "#4"}
			}
		},
		{
			"name": "ЛевоПлавникКреплАнтена2",
			"from": [11.55, 9.33984, -9.49446],
			"to": [12.475, 11.33984, -6.49446],
			"rotation": {"angle": -45, "axis": "x", "origin": [9.25, 10.975, -9.2]},
			"faces": {
				"north": {"uv": [4.5, 5, 4.75, 5.5], "rotation": 180, "texture": "#4"},
				"east": {"uv": [10.5, 10, 11, 9.25], "rotation": 90, "texture": "#4"},
				"south": {"uv": [2.25, 5, 2.5, 4.5], "texture": "#4"},
				"west": {"uv": [3.5, 10, 4, 9.25], "rotation": 270, "texture": "#4"},
				"up": {"uv": [1.75, 10, 1.5, 10.75], "rotation": 180, "texture": "#4"},
				"down": {"uv": [1.75, 10.75, 1.5, 11.5], "texture": "#4"}
			}
		},
		{
			"from": [12.025, 9.66757, -8.42474],
			"to": [12.025, 20.24257, -3.04974],
			"rotation": {"angle": 22.5, "axis": "x", "origin": [9.25, 10.975, -9.2]},
			"faces": {
				"north": {"uv": [0, 0, 0, 2.625], "texture": "#4"},
				"east": {"uv": [11.125, 0, 9.75, 2.625], "texture": "#4"},
				"south": {"uv": [0, 0, 0, 2.625], "texture": "#4"},
				"west": {"uv": [10.875, 5, 9.5, 7.625], "texture": "#4"},
				"up": {"uv": [0, 1.375, 0, 0], "texture": "#4"},
				"down": {"uv": [0, 0, 0, 1.375], "texture": "#4"}
			}
		},
		{
			"from": [6.025, 9.66758, -8.42475],
			"to": [6.025, 20.24258, -3.04975],
			"rotation": {"angle": 22.5, "axis": "x", "origin": [9.25, 10.975, -9.2]},
			"faces": {
				"north": {"uv": [0, 0, 0, 2.625], "texture": "#4"},
				"east": {"uv": [4.875, 10, 3.5, 12.625], "texture": "#4"},
				"south": {"uv": [0, 0, 0, 2.625], "texture": "#4"},
				"west": {"uv": [1.375, 10, 0, 12.625], "texture": "#4"},
				"up": {"uv": [0, 1.375, 0, 0], "texture": "#4"},
				"down": {"uv": [0, 0, 0, 1.375], "texture": "#4"}
			}
		},
		{
			"name": "ПравоПлавникКреплАнтена2",
			"from": [5.575, 9.33984, -9.49445],
			"to": [6.5, 11.33984, -6.49445],
			"rotation": {"angle": -45, "axis": "x", "origin": [9.25, 10.975, -9.2]},
			"faces": {
				"north": {"uv": [11.25, 1.5, 11.5, 2], "rotation": 180, "texture": "#4"},
				"east": {"uv": [4.25, 14.75, 4.75, 14], "rotation": 90, "texture": "#4"},
				"south": {"uv": [7, 5.5, 7.25, 5], "texture": "#4"},
				"west": {"uv": [1, 14.75, 1.5, 14], "rotation": 270, "texture": "#4"},
				"up": {"uv": [11.5, 0, 11.25, 0.75], "rotation": 180, "texture": "#4"},
				"down": {"uv": [11.5, 0.75, 11.25, 1.5], "texture": "#4"}
			}
		},
		{
			"name": "ПравоПлавникКреплАнтена1",
			"from": [5.675, 9.41237, -6.51079],
			"to": [6.4, 10.83737, -4.01079],
			"rotation": {"angle": -45, "axis": "x", "origin": [9.25, 10.975, -9.2]},
			"faces": {
				"north": {"uv": [10.25, 14.75, 10.375, 15.125], "rotation": 180, "texture": "#4"},
				"east": {"uv": [10.75, 14.875, 11.125, 14.25], "rotation": 90, "texture": "#4"},
				"south": {"uv": [9.75, 15.125, 9.875, 14.75], "texture": "#4"},
				"west": {"uv": [14.25, 9.875, 14.625, 9.25], "rotation": 270, "texture": "#4"},
				"up": {"uv": [4.875, 14, 4.75, 14.625], "rotation": 180, "texture": "#4"},
				"down": {"uv": [10.125, 14.5, 10, 15.125], "texture": "#4"}
			}
		},
		{
			"from": [9.45, 7.625, 2.775],
			"to": [9.45, 10.95, 9.275],
			"rotation": {"angle": 0, "axis": "y", "origin": [7.45, 7.825, 4.225]},
			"faces": {
				"north": {"uv": [0, 0, 0, 0.875], "texture": "#4"},
				"east": {"uv": [10.875, 11.5, 9.25, 12.375], "texture": "#4"},
				"south": {"uv": [0, 0, 0, 0.875], "texture": "#4"},
				"west": {"uv": [12.625, 6.5, 11, 7.375], "texture": "#4"},
				"up": {"uv": [0, 1.625, 0, 0], "texture": "#4"},
				"down": {"uv": [0, 0, 0, 1.625], "texture": "#4"}
			}
		},
		{
			"name": "ВерхнийПлавникНачалоПраво",
			"from": [9.025, 7.18471, 1.78649],
			"to": [9.975, 9.08471, 3.46149],
			"rotation": {"angle": 45, "axis": "x", "origin": [11.425, 8.525, 2.55]},
			"faces": {
				"north": {"uv": [11.5, 2, 11.25, 2.5], "texture": "#4"},
				"east": {"uv": [4.125, 14.5, 3.75, 15], "texture": "#4"},
				"south": {"uv": [3.5, 11.5, 3.25, 12], "texture": "#4"},
				"west": {"uv": [12.375, 14.25, 12, 14.75], "texture": "#4"},
				"up": {"uv": [10.75, 12.875, 11, 12.5], "texture": "#4"},
				"down": {"uv": [2.5, 13, 2.75, 13.375], "texture": "#4"}
			}
		},
		{
			"name": "ВерхнийПлавникСередПраво",
			"from": [9.175, 8.5506, 2.47135],
			"to": [9.825, 9.8006, 4.99635],
			"rotation": {"angle": -22.5, "axis": "x", "origin": [11.625, 9.65, 3.5]},
			"faces": {
				"north": {"uv": [10.625, 14.75, 10.5, 15.125], "texture": "#4"},
				"east": {"uv": [3.625, 14.5, 3, 14.875], "texture": "#4"},
				"south": {"uv": [11.375, 14.75, 11.25, 15.125], "texture": "#4"},
				"west": {"uv": [11.875, 14.25, 11.25, 14.625], "texture": "#4"},
				"up": {"uv": [6.25, 15.375, 6.375, 14.75], "texture": "#4"},
				"down": {"uv": [9.25, 14.75, 9.375, 15.375], "texture": "#4"}
			}
		},
		{
			"name": "ВерхнийПлавникКонецПраво",
			"from": [9.275, 9.7506, 4.74635],
			"to": [9.725, 10.7506, 6.42135],
			"rotation": {"angle": -22.5, "axis": "x", "origin": [11.625, 10.75, 5.775]},
			"faces": {
				"north": {"uv": [12.125, 7.5, 12, 7.75], "texture": "#4"},
				"east": {"uv": [5.625, 14.75, 5.25, 15], "texture": "#4"},
				"south": {"uv": [3.375, 12.5, 3.25, 12.75], "texture": "#4"},
				"west": {"uv": [15.125, 5, 14.75, 5.25], "texture": "#4"},
				"up": {"uv": [11.5, 15.125, 11.625, 14.75], "texture": "#4"},
				"down": {"uv": [11.75, 14.75, 11.875, 15.125], "texture": "#4"}
			}
		},
		{
			"from": [13.375, 5.875, 2.75],
			"to": [13.375, 9.2, 9.25],
			"rotation": {"angle": 0, "axis": "y", "origin": [15.375, 6.075, 4.2]},
			"faces": {
				"north": {"uv": [0, 0, 0, 0.875], "texture": "#4"},
				"east": {"uv": [13.625, 0, 12, 0.875], "texture": "#4"},
				"south": {"uv": [0, 0, 0, 0.875], "texture": "#4"},
				"west": {"uv": [13.125, 11, 11.5, 11.875], "texture": "#4"},
				"up": {"uv": [0, 1.625, 0, 0], "texture": "#4"},
				"down": {"uv": [0, 0, 0, 1.625], "texture": "#4"}
			}
		},
		{
			"name": "ВерхнийПлавникНачалоЛево",
			"from": [12.9, 5.43471, 1.76149],
			"to": [13.85, 7.33471, 3.43649],
			"rotation": {"angle": 45, "axis": "x", "origin": [11.15, 6.775, 2.525]},
			"faces": {
				"north": {"uv": [3.5, 12, 3.25, 12.5], "texture": "#4"},
				"east": {"uv": [8.125, 14.5, 7.75, 15], "texture": "#4"},
				"south": {"uv": [12.75, 2.75, 12.5, 3.25], "texture": "#4"},
				"west": {"uv": [7.625, 14.5, 7.25, 15], "texture": "#4"},
				"up": {"uv": [10.75, 13.375, 11, 13], "texture": "#4"},
				"down": {"uv": [4.25, 13.25, 4.5, 13.625], "texture": "#4"}
			}
		},
		{
			"name": "ВерхнийПлавникСередЛево",
			"from": [13.05, 6.8006, 2.44635],
			"to": [13.7, 8.0506, 4.97135],
			"rotation": {"angle": -22.5, "axis": "x", "origin": [11.35, 7.9, 3.475]},
			"faces": {
				"north": {"uv": [12.125, 14.75, 12, 15.125], "texture": "#4"},
				"east": {"uv": [7.125, 14.5, 6.5, 14.875], "texture": "#4"},
				"south": {"uv": [12.375, 14.75, 12.25, 15.125], "texture": "#4"},
				"west": {"uv": [15.125, 5.75, 14.5, 6.125], "texture": "#4"},
				"up": {"uv": [14.75, 9.875, 14.875, 9.25], "texture": "#4"},
				"down": {"uv": [9.5, 14.75, 9.625, 15.375], "texture": "#4"}
			}
		},
		{
			"name": "ВерхнийПлавникКонецЛево",
			"from": [13.15, 8.0006, 4.72135],
			"to": [13.6, 9.0006, 6.39635],
			"rotation": {"angle": -22.5, "axis": "x", "origin": [11.35, 9, 5.75]},
			"faces": {
				"north": {"uv": [13.375, 8.25, 13.25, 8.5], "texture": "#4"},
				"east": {"uv": [15.125, 5.5, 14.75, 5.75], "texture": "#4"},
				"south": {"uv": [13.875, 3.25, 13.75, 3.5], "texture": "#4"},
				"west": {"uv": [15.125, 5.25, 14.75, 5.5], "texture": "#4"},
				"up": {"uv": [12.5, 15.125, 12.625, 14.75], "texture": "#4"},
				"down": {"uv": [12.75, 14.75, 12.875, 15.125], "texture": "#4"}
			}
		},
		{
			"name": "антенна-Лево",
			"from": [11.25388, 8.44873, -11.83482],
			"to": [11.25388, 15.44873, -8.83482],
			"rotation": {"angle": 22.5, "axis": "y", "origin": [8.475, 9, -11.625]},
			"faces": {
				"north": {"uv": [0, 0, 0, 1.75], "texture": "#4"},
				"east": {"uv": [6.25, 12, 5.5, 13.75], "texture": "#4"},
				"south": {"uv": [0, 0, 0, 1.75], "texture": "#4"},
				"west": {"uv": [12.75, 1, 12, 2.75], "texture": "#4"},
				"up": {"uv": [0, 0.75, 0, 0], "texture": "#4"},
				"down": {"uv": [0, 0, 0, 0.75], "texture": "#4"}
			}
		},
		{
			"name": "антенна-Право",
			"from": [6.68522, 8.44873, -12.11596],
			"to": [6.68522, 15.44873, -9.11596],
			"rotation": {"angle": -22.5, "axis": "y", "origin": [8.725, 9, -11.6]},
			"faces": {
				"north": {"uv": [0, 0, 0, 1.75], "texture": "#4"},
				"east": {"uv": [12, 1, 12.75, 2.75], "texture": "#4"},
				"south": {"uv": [0, 0, 0, 1.75], "texture": "#4"},
				"west": {"uv": [5.5, 12, 6.25, 13.75], "texture": "#4"},
				"up": {"uv": [0, 0.75, 0, 0], "texture": "#4"},
				"down": {"uv": [0, 0, 0, 0.75], "texture": "#4"}
			}
		},
		{
			"name": "АнтенаШарикЛево",
			"from": [10.375, 13.7, -12.25],
			"to": [11.95, 15.375, -10.65],
			"rotation": {"angle": -22.5, "axis": "x", "origin": [9.25, 11.975, -8.7]},
			"faces": {
				"north": {"uv": [14.75, 0.375, 15.125, 0], "rotation": 180, "texture": "#4"},
				"east": {"uv": [0, 15.125, 0.375, 14.75], "rotation": 270, "texture": "#4"},
				"south": {"uv": [1, 14.75, 1.375, 15.125], "texture": "#4"},
				"west": {"uv": [14.5, 14.375, 14.875, 14], "rotation": 90, "texture": "#4"},
				"up": {"uv": [14.875, 14.5, 14.5, 14.875], "texture": "#4"},
				"down": {"uv": [14.375, 14.5, 14, 14.875], "rotation": 180, "texture": "#4"}
			}
		},
		{
			"name": "АнтенаШарикПраво",
			"from": [6.05, 13.7, -12.25],
			"to": [7.625, 15.375, -10.65],
			"rotation": {"angle": -22.5, "axis": "x", "origin": [9.5, 11.975, -8.7]},
			"faces": {
				"north": {"uv": [14.75, 2.875, 15.125, 2.5], "rotation": 180, "texture": "#4"},
				"east": {"uv": [14.75, 2.375, 15.125, 2], "rotation": 270, "texture": "#4"},
				"south": {"uv": [4.25, 14.75, 4.625, 15.125], "texture": "#4"},
				"west": {"uv": [14.75, 1.875, 15.125, 1.5], "rotation": 90, "texture": "#4"},
				"up": {"uv": [2.375, 14.75, 2, 15.125], "texture": "#4"},
				"down": {"uv": [1.875, 14.75, 1.5, 15.125], "rotation": 180, "texture": "#4"}
			}
		},
		{
			"name": "Хвост",
			"from": [5.95, 0, 9],
			"to": [10.45, 7, 20],
			"rotation": {"angle": -22.5, "axis": "y", "origin": [8.45, 2.375, 13.25]},
			"faces": {
				"north": {"uv": [12.125, 4.75, 11, 6.5], "texture": "#4"},
				"east": {"uv": [9.75, 3.25, 7, 5], "texture": "#4"},
				"south": {"uv": [12.125, 9.25, 11, 11], "texture": "#4"},
				"west": {"uv": [9.25, 1.5, 6.5, 3.25], "texture": "#4"},
				"up": {"uv": [6.75, 12.75, 7.875, 10], "texture": "#4"},
				"down": {"uv": [8, 10, 9.125, 12.75], "texture": "#4"}
			}
		},
		{
			"name": "ХвостВерхн-конец",
			"from": [5.325, -0.53003, 18.98218],
			"to": [7.475, 4.46997, 31.98218],
			"rotation": {"angle": -22.5, "axis": "x", "origin": [6.65, 4.05, 6.675]},
			"faces": {
				"north": {"uv": [1, 12.75, 0.5, 14], "texture": "#4"},
				"east": {"uv": [10.5, 8.75, 7.25, 10], "texture": "#4"},
				"south": {"uv": [1.5, 12.75, 1, 14], "texture": "#4"},
				"west": {"uv": [7.25, 8.75, 4, 10], "texture": "#4"},
				"up": {"uv": [11, 14.25, 11.5, 11], "texture": "#4"},
				"down": {"uv": [11.5, 0, 12, 3.25], "texture": "#4"}
			}
		},
		{
			"name": "Хвост-конец",
			"from": [5.3, 0.275, 18.9],
			"to": [7.5, 7.275, 29.9],
			"rotation": {"angle": 0, "axis": "y", "origin": [6.65, 4.025, 6.725]},
			"faces": {
				"north": {"uv": [9.75, 1.5, 9.25, 3.25], "texture": "#4"},
				"east": {"uv": [9.5, 7, 6.75, 8.75], "texture": "#4"},
				"south": {"uv": [6.75, 12, 6.25, 13.75], "texture": "#4"},
				"west": {"uv": [6.75, 7, 4, 8.75], "texture": "#4"},
				"up": {"uv": [2.75, 14.25, 3.25, 11.5], "texture": "#4"},
				"down": {"uv": [5, 12, 5.5, 14.75], "texture": "#4"}
			}
		},
		{
			"name": "ХвостНижнийПереход",
			"from": [5.425, 0.25, 29.65],
			"to": [7.375, 1.05, 31.2],
			"rotation": {"angle": 0, "axis": "y", "origin": [6.65, 4.025, 6.725]},
			"faces": {
				"north": {"uv": [13.25, 4.5, 12.75, 4.75], "texture": "#4"},
				"east": {"uv": [15.125, 7, 14.75, 7.25], "texture": "#4"},
				"south": {"uv": [14, 6.25, 13.5, 6.5], "texture": "#4"},
				"west": {"uv": [6.125, 14.75, 5.75, 15], "texture": "#4"},
				"up": {"uv": [8.25, 14.875, 8.75, 14.5], "texture": "#4"},
				"down": {"uv": [14.5, 8.25, 15, 8.625], "texture": "#4"}
			}
		},
		{
			"name": "ХвостНижнийУгол",
			"from": [5.45, -8.09776, 26.19271],
			"to": [7.35, -3.84776, 28.19271],
			"rotation": {"angle": -22.5, "axis": "x", "origin": [6.65, 4.025, 6.725]},
			"faces": {
				"north": {"uv": [13.75, 4.5, 13.25, 5.625], "texture": "#4"},
				"east": {"uv": [13.75, 9.25, 13.25, 10.375], "texture": "#4"},
				"south": {"uv": [9.75, 13.25, 9.25, 14.375], "texture": "#4"},
				"west": {"uv": [13.75, 7, 13.25, 8.125], "texture": "#4"},
				"up": {"uv": [1.75, 5, 2.25, 4.5], "texture": "#4"},
				"down": {"uv": [4, 5, 4.5, 5.5], "texture": "#4"}
			}
		},
		{
			"name": "ХвостПереходВерхний",
			"from": [5.4, 2.32705, 14.62473],
			"to": [7.4, 4.40205, 19.04973],
			"rotation": {"angle": -22.5, "axis": "x", "origin": [6.65, 4.025, 6.725]},
			"faces": {
				"north": {"uv": [12.5, 2.75, 12, 3.25], "texture": "#4"},
				"east": {"uv": [14.375, 11, 13.25, 11.5], "texture": "#4"},
				"south": {"uv": [13.25, 7, 12.75, 7.5], "texture": "#4"},
				"west": {"uv": [14.375, 10.5, 13.25, 11], "texture": "#4"},
				"up": {"uv": [9.75, 14.375, 10.25, 13.25], "texture": "#4"},
				"down": {"uv": [13.5, 11.5, 14, 12.625], "texture": "#4"}
			}
		},
		{
			"name": "ХвостВерхнийУгол",
			"from": [5.425, 13.345, 23.17133],
			"to": [7.375, 18.67, 27.84633],
			"rotation": {"angle": 22.5, "axis": "x", "origin": [6.65, 4.025, 6.725]},
			"faces": {
				"north": {"uv": [10.75, 12.5, 10.25, 13.875], "texture": "#4"},
				"east": {"uv": [12.625, 3.25, 11.5, 4.625], "texture": "#4"},
				"south": {"uv": [0.5, 12.75, 0, 14.125], "texture": "#4"},
				"west": {"uv": [2.625, 11.5, 1.5, 12.875], "texture": "#4"},
				"up": {"uv": [13.5, 13.875, 14, 12.75], "texture": "#4"},
				"down": {"uv": [13.75, 0, 14.25, 1.125], "texture": "#4"}
			}
		},
		{
			"name": "ПереднЛапа-Право",
			"from": [0.9, 1.217, -12.33306],
			"to": [2.9, 2.692, -7.33306],
			"rotation": {"angle": -22.5, "axis": "x", "origin": [1.9, 1.875, -8.35]},
			"faces": {
				"north": {"uv": [9.25, 14.5, 8.75, 14.875], "texture": "#4"},
				"east": {"uv": [15.25, 3.25, 14, 3.625], "texture": "#4"},
				"south": {"uv": [15, 8.75, 14.5, 9.125], "texture": "#4"},
				"west": {"uv": [15, 7.5, 13.75, 7.875], "texture": "#4"},
				"up": {"uv": [12.75, 2.25, 13.25, 1], "texture": "#4"},
				"down": {"uv": [12.75, 2.25, 13.25, 3.5], "texture": "#4"}
			}
		},
		{
			"name": "ПереднЛапа-Плечо-Право",
			"from": [3.4, 1.36422, -9.3321],
			"to": [5.4, 3.13922, -4.3321],
			"rotation": {"angle": 45, "axis": "y", "origin": [4.15, 1.95, -5.625]},
			"faces": {
				"north": {"uv": [14.5, 12.5, 14, 13], "texture": "#4"},
				"east": {"uv": [14, 3.5, 12.75, 4], "texture": "#4"},
				"south": {"uv": [13.5, 14, 13, 14.5], "texture": "#4"},
				"west": {"uv": [4.5, 12.75, 3.25, 13.25], "texture": "#4"},
				"up": {"uv": [4.5, 14, 5, 12.75], "texture": "#4"},
				"down": {"uv": [6.75, 12.75, 7.25, 14], "texture": "#4"}
			}
		},
		{
			"name": "ПереднЛапа-Когти-Право",
			"from": [-0.225, 0, -14.175],
			"to": [3.775, 1, -11.175],
			"rotation": {"angle": 0, "axis": "y", "origin": [2.025, 0.5, -11.675]},
			"faces": {
				"north": {"uv": [10.75, 4.75, 9.75, 5], "rotation": 180, "texture": "#4"},
				"east": {"uv": [15, 10, 14.25, 10.25], "rotation": 180, "texture": "#4"},
				"south": {"uv": [12, 7.5, 11, 7.75], "rotation": 180, "texture": "#4"},
				"west": {"uv": [10, 14.5, 9.25, 14.75], "rotation": 180, "texture": "#4"},
				"up": {"uv": [12.25, 10, 13.25, 10.75], "rotation": 180, "texture": "#4"},
				"down": {"uv": [12.25, 10, 13.25, 9.25], "rotation": 180, "texture": "#4"}
			}
		},
		{
			"name": "ПереднЛапа-Лево",
			"from": [12.775, -0.41837, -13.00045],
			"to": [14.775, 1.05663, -8.00045],
			"rotation": {"angle": 0, "axis": "y", "origin": [13.775, 0.2, -9.575]},
			"faces": {
				"north": {"uv": [15, 10.5, 14.5, 10.875], "texture": "#4"},
				"east": {"uv": [15.25, 6.25, 14, 6.625], "texture": "#4"},
				"south": {"uv": [15, 11, 14.5, 11.375], "texture": "#4"},
				"west": {"uv": [15.25, 3.75, 14, 4.125], "texture": "#4"},
				"up": {"uv": [7.25, 14, 7.75, 12.75], "texture": "#4"},
				"down": {"uv": [7.75, 12.75, 8.25, 14], "texture": "#4"}
			}
		},
		{
			"name": "ПереднЛапа-Плечо-Лево",
			"from": [12.475, -0.7321, -7.03566],
			"to": [14.475, 4.2679, -5.26066],
			"rotation": {"angle": 45, "axis": "x", "origin": [13.475, 2.975, -6.2]},
			"faces": {
				"north": {"uv": [8.25, 14, 8.75, 12.75], "rotation": 180, "texture": "#4"},
				"east": {"uv": [12.75, 7, 14, 6.5], "rotation": 270, "texture": "#4"},
				"south": {"uv": [8.75, 12.75, 9.25, 14], "texture": "#4"},
				"west": {"uv": [12.75, 4.5, 14, 4], "rotation": 90, "texture": "#4"},
				"up": {"uv": [14, 14, 13.5, 14.5], "texture": "#4"},
				"down": {"uv": [14.5, 13, 14, 13.5], "rotation": 180, "texture": "#4"}
			}
		},
		{
			"name": "ПереднЛапа-Когти-Лево",
			"from": [11.525, -0.45, -15.175],
			"to": [15.525, 0.55, -12.175],
			"rotation": {"angle": -22.5, "axis": "y", "origin": [13.275, 0.05, -12.425]},
			"faces": {
				"north": {"uv": [13.25, 10.75, 12.25, 11], "texture": "#4"},
				"east": {"uv": [15.25, 12.75, 14.5, 13], "texture": "#4"},
				"south": {"uv": [14.75, 5.5, 13.75, 5.75], "texture": "#4"},
				"west": {"uv": [15.25, 12.5, 14.5, 12.75], "texture": "#4"},
				"up": {"uv": [9.25, 13.25, 10.25, 12.5], "texture": "#4"},
				"down": {"uv": [12.5, 12, 13.5, 12.75], "texture": "#4"}
			}
		},
		{
			"name": "ЗаднЛапа-Право",
			"from": [3.575, -0.89663, 6.84805],
			"to": [5.575, 4.10337, 8.54805],
			"rotation": {"angle": -45, "axis": "x", "origin": [4.325, 2.875, 7.7]},
			"faces": {
				"north": {"uv": [1.5, 13, 2, 14.25], "rotation": 180, "texture": "#4"},
				"east": {"uv": [7.75, 14.375, 9, 14], "rotation": 90, "texture": "#4"},
				"south": {"uv": [12.5, 14, 13, 12.75], "texture": "#4"},
				"west": {"uv": [6.5, 14.375, 7.75, 14], "rotation": 270, "texture": "#4"},
				"up": {"uv": [13.5, 14.5, 13, 14.875], "rotation": 180, "texture": "#4"},
				"down": {"uv": [15, 13, 14.5, 13.375], "texture": "#4"}
			}
		},
		{
			"name": "ЗаднЛапа-Бедр-Право",
			"from": [4.95, 2.87678, 6.58744],
			"to": [6.95, 6.87678, 8.58744],
			"rotation": {"angle": -22.5, "axis": "z", "origin": [5.95, 5.7, 7.35]},
			"faces": {
				"north": {"uv": [13.75, 2.25, 14.25, 3.25], "rotation": 180, "texture": "#4"},
				"east": {"uv": [13.5, 8.75, 14.5, 8.25], "rotation": 90, "texture": "#4"},
				"south": {"uv": [13.75, 2.25, 14.25, 1.25], "texture": "#4"},
				"west": {"uv": [13.5, 6.25, 14.5, 5.75], "rotation": 270, "texture": "#4"},
				"up": {"uv": [14.5, 13.5, 14, 14], "rotation": 180, "texture": "#4"},
				"down": {"uv": [14.5, 14, 14, 14.5], "texture": "#4"}
			}
		},
		{
			"name": "ЗаднЛапа-Когти-Право",
			"from": [2.75, -0.275, 8.375],
			"to": [6.75, 0.725, 12.375],
			"rotation": {"angle": -22.5, "axis": "y", "origin": [4.75, 0.475, 9.875]},
			"faces": {
				"north": {"uv": [14.75, 8, 13.75, 8.25], "texture": "#4"},
				"east": {"uv": [15, 6.75, 14, 7], "texture": "#4"},
				"south": {"uv": [15, 4.25, 14, 4.5], "texture": "#4"},
				"west": {"uv": [14.75, 10.25, 13.75, 10.5], "texture": "#4"},
				"up": {"uv": [9.5, 8.75, 10.5, 7.75], "texture": "#4"},
				"down": {"uv": [11.5, 12, 12.5, 13], "texture": "#4"}
			}
		},
		{
			"name": "ЗаднЛапа-Лево",
			"from": [8.7224, -0.275, 7.31872],
			"to": [13.7224, 1.725, 9.01872],
			"rotation": {"angle": 45, "axis": "y", "origin": [12.725, 0.475, 8.075]},
			"faces": {
				"north": {"uv": [12, 14.25, 11.5, 13], "rotation": 270, "texture": "#4"},
				"east": {"uv": [13.5, 14.875, 14, 14.5], "rotation": 90, "texture": "#4"},
				"south": {"uv": [2.5, 13, 2, 14.25], "rotation": 270, "texture": "#4"},
				"west": {"uv": [14.5, 13.875, 15, 13.5], "rotation": 270, "texture": "#4"},
				"up": {"uv": [15.25, 11.5, 14, 11.875], "rotation": 180, "texture": "#4"},
				"down": {"uv": [15.25, 12, 14, 12.375], "texture": "#4"}
			}
		},
		{
			"name": "ЗаднЛапа-Бедр-Лево",
			"from": [12.125, 0.05178, 6.73744],
			"to": [14.125, 4.05178, 8.73744],
			"rotation": {"angle": 0, "axis": "y", "origin": [12.875, 2.875, 7.5]},
			"faces": {
				"north": {"uv": [6, 13.75, 6.5, 14.75], "rotation": 180, "texture": "#4"},
				"east": {"uv": [13.75, 5, 14.75, 4.5], "rotation": 90, "texture": "#4"},
				"south": {"uv": [5.5, 14.75, 6, 13.75], "texture": "#4"},
				"west": {"uv": [13.5, 9.25, 14.5, 8.75], "rotation": 270, "texture": "#4"},
				"up": {"uv": [0.5, 14.25, 0, 14.75], "rotation": 180, "texture": "#4"},
				"down": {"uv": [14.75, 0, 14.25, 0.5], "texture": "#4"}
			}
		},
		{
			"name": "ЗаднЛапа-Когти-Лево",
			"from": [6.775, -0.45, 9.275],
			"to": [10.775, 0.55, 13.275],
			"rotation": {"angle": 22.5, "axis": "y", "origin": [8.525, 0.05, 10.525]},
			"faces": {
				"north": {"uv": [15.25, 0.5, 14.25, 0.75], "texture": "#4"},
				"east": {"uv": [15.25, 1.25, 14.25, 1.5], "texture": "#4"},
				"south": {"uv": [15.25, 1, 14.25, 1.25], "texture": "#4"},
				"west": {"uv": [15.25, 0.75, 14.25, 1], "texture": "#4"},
				"up": {"uv": [12.25, 5.75, 13.25, 4.75], "texture": "#4"},
				"down": {"uv": [12.25, 7.5, 13.25, 8.5], "texture": "#4"}
			}
		},
		{
			"name": "СреднПлавн-Плечо-Право",
			"from": [3.13687, 2.825, 0.3256],
			"to": [8.13687, 4.825, 2.3256],
			"rotation": {"angle": 45, "axis": "z", "origin": [6.5, 3.575, 1.25]},
			"faces": {
				"north": {"uv": [12, 14.25, 12.5, 13], "rotation": 90, "texture": "#4"},
				"east": {"uv": [2, 14.25, 1.5, 14.75], "rotation": 270, "texture": "#4"},
				"south": {"uv": [13.25, 2.25, 13.75, 1], "rotation": 270, "texture": "#4"},
				"west": {"uv": [14.75, 2, 14.25, 1.5], "rotation": 270, "texture": "#4"},
				"up": {"uv": [13, 14, 13.5, 12.75], "rotation": 270, "texture": "#4"},
				"down": {"uv": [13.25, 3.5, 13.75, 2.25], "rotation": 270, "texture": "#4"}
			}
		},
		{
			"name": "СреднПлавник-Право",
			"from": [0.15, -0.125, -0.5],
			"to": [1.925, 2.875, 4.5],
			"rotation": {"angle": -45, "axis": "y", "origin": [0.9, 1.125, 4.5]},
			"faces": {
				"north": {"uv": [10.75, 14, 10.25, 14.75], "texture": "#4"},
				"east": {"uv": [13.5, 8.5, 12.25, 9.25], "texture": "#4"},
				"south": {"uv": [13, 14, 12.5, 14.75], "texture": "#4"},
				"west": {"uv": [13.5, 5.75, 12.25, 6.5], "texture": "#4"},
				"up": {"uv": [3.25, 14.5, 3.75, 13.25], "texture": "#4"},
				"down": {"uv": [3.75, 13.25, 4.25, 14.5], "texture": "#4"}
			}
		},
		{
			"name": "СреднПлавн-Серед-Право",
			"from": [0.15, -0.125, 4.5],
			"to": [1.925, 1.875, 8.5],
			"rotation": {"angle": -45, "axis": "y", "origin": [0.9, 1.125, 4.5]},
			"faces": {
				"north": {"uv": [2.5, 14.25, 2, 14.75], "texture": "#4"},
				"east": {"uv": [14.75, 7, 13.75, 7.5], "texture": "#4"},
				"south": {"uv": [14.75, 2, 14.25, 2.5], "texture": "#4"},
				"west": {"uv": [14.75, 5, 13.75, 5.5], "texture": "#4"},
				"up": {"uv": [13.75, 10.25, 14.25, 9.25], "texture": "#4"},
				"down": {"uv": [0.5, 14, 1, 15], "texture": "#4"}
			}
		},
		{
			"name": "СреднПлавн-Кончик-Право",
			"from": [0.15, -0.125, 8.5],
			"to": [1.925, 0.875, 9.5],
			"rotation": {"angle": -45, "axis": "y", "origin": [0.9, 1.125, 4.5]},
			"faces": {
				"north": {"uv": [15.25, 3, 14.75, 3.25], "texture": "#4"},
				"east": {"uv": [11.5, 2.5, 11.25, 2.75], "texture": "#4"},
				"south": {"uv": [15.25, 4.5, 14.75, 4.75], "texture": "#4"},
				"west": {"uv": [11, 4.75, 10.75, 5], "texture": "#4"},
				"up": {"uv": [4.75, 15, 5.25, 14.75], "texture": "#4"},
				"down": {"uv": [14.75, 4.75, 15.25, 5], "texture": "#4"}
			}
		},
		{
			"name": "СреднПлавник-Лево",
			"from": [14.425, 0, -2.05],
			"to": [16.2, 3, 2.95],
			"rotation": {"angle": 0, "axis": "y", "origin": [15.45, 1.25, 2.95]},
			"faces": {
				"north": {"uv": [10.75, 14, 10.25, 14.75], "texture": "#4"},
				"east": {"uv": [13.5, 5.75, 12.25, 6.5], "texture": "#4"},
				"south": {"uv": [13, 14, 12.5, 14.75], "texture": "#4"},
				"west": {"uv": [13.5, 8.5, 12.25, 9.25], "texture": "#4"},
				"up": {"uv": [3.75, 13.25, 3.25, 14.5], "texture": "#4"},
				"down": {"uv": [4.25, 13.25, 3.75, 14.5], "texture": "#4"}
			}
		},
		{
			"name": "СреднПлавн-Серед-Лево",
			"from": [14.425, 0, 2.95],
			"to": [16.2, 2, 6.95],
			"rotation": {"angle": 0, "axis": "y", "origin": [15.45, 1.25, 2.95]},
			"faces": {
				"north": {"uv": [2.5, 14.25, 2, 14.75], "texture": "#4"},
				"east": {"uv": [14.75, 5, 13.75, 5.5], "texture": "#4"},
				"south": {"uv": [14.75, 2, 14.25, 2.5], "texture": "#4"},
				"west": {"uv": [14.75, 7, 13.75, 7.5], "texture": "#4"},
				"up": {"uv": [14.25, 9.25, 13.75, 10.25], "texture": "#4"},
				"down": {"uv": [1, 14, 0.5, 15], "texture": "#4"}
			}
		},
		{
			"name": "СреднПлавн-Кончик-Лево",
			"from": [14.425, 0, 6.95],
			"to": [16.2, 1, 7.95],
			"rotation": {"angle": 0, "axis": "y", "origin": [15.45, 1.25, 2.95]},
			"faces": {
				"north": {"uv": [15.25, 3, 14.75, 3.25], "texture": "#4"},
				"east": {"uv": [11, 4.75, 10.75, 5], "texture": "#4"},
				"south": {"uv": [15.25, 4.5, 14.75, 4.75], "texture": "#4"},
				"west": {"uv": [11.5, 2.5, 11.25, 2.75], "texture": "#4"},
				"up": {"uv": [5.25, 14.75, 4.75, 15], "texture": "#4"},
				"down": {"uv": [15.25, 4.75, 14.75, 5], "texture": "#4"}
			}
		},
		{
			"name": "СреднПлавн-Плечо-Лево",
			"from": [12.675, 0.83254, -2.30537],
			"to": [14.675, 5.83254, -0.30537],
			"rotation": {"angle": 22.5, "axis": "z", "origin": [13.425, 4.1, -1.15]},
			"faces": {
				"north": {"uv": [12.5, 13, 12, 14.25], "texture": "#4"},
				"east": {"uv": [13.5, 12.75, 13, 14], "texture": "#4"},
				"south": {"uv": [13.75, 1, 13.25, 2.25], "texture": "#4"},
				"west": {"uv": [13.75, 2.25, 13.25, 3.5], "texture": "#4"},
				"up": {"uv": [2, 14.25, 1.5, 14.75], "texture": "#4"},
				"down": {"uv": [14.75, 1.5, 14.25, 2], "texture": "#4"}
			}
		}
	],
	"display": {
		"thirdperson_righthand": {
			"rotation": [-168.81, 74.51, 171.25],
			"translation": [0, 5.5, 3.5],
			"scale": [0.81641, 0.81641, 0.81641]
		},
		"thirdperson_lefthand": {
			"translation": [0, 2, 2.75],
			"scale": [0.28711, 0.28711, 0.28711]
		},
		"ground": {
			"scale": [0.5, 0.5, 0.5]
		},
		"gui": {
			"rotation": [-180, 1.5, -180]
		},
		"head": {
			"translation": [0, -34.5, -33],
			"scale": [1.27539, 1.27539, 1.27539]
		},
		"fixed": {
			"rotation": [0, 90, 0],
			"scale": [0.41211, 0.41211, 0.41211]
		}
	},
	"groups": [
		{
			"name": "nairana",
			"origin": [8, 8, 8],
			"color": 0,
			"children": [
				{
					"name": "ОсновноеТело",
					"origin": [8, 8, 8],
					"color": 0,
					"children": [
						0,
						1,
						2,
						{
							"name": "ПлавникиАнтены",
							"origin": [8, 8, 8],
							"color": 0,
							"children": [
								{
									"name": "Лево",
									"origin": [8, 8, 8],
									"color": 0,
									"children": [3, 4, 5, 6]
								},
								{
									"name": "Право",
									"origin": [8, 8, 8],
									"color": 0,
									"children": [7, 8]
								}
							]
						},
						{
							"name": "ПлавникиСредние",
							"origin": [8, 8, 8],
							"color": 0,
							"children": [
								{
									"name": "Право",
									"origin": [8, 8, 8],
									"color": 0,
									"children": [9, 10, 11, 12]
								},
								{
									"name": "Лево",
									"origin": [8, 8, 8],
									"color": 0,
									"children": [13, 14, 15, 16]
								}
							]
						},
						{
							"name": "Антены",
							"origin": [8, 8, 8],
							"color": 0,
							"children": [17, 18, 19, 20]
						},
						{
							"name": "Хвост",
							"origin": [8, 8, 8],
							"color": 0,
							"children": [21, 22, 23, 24, 25, 26, 27]
						}
					]
				},
				{
					"name": "ПередниеЛапы",
					"origin": [8, 8, 8],
					"color": 0,
					"children": [
						{
							"name": "ПереднПраваяЛапа",
							"origin": [8, 8, 8],
							"color": 0,
							"children": [28, 29, 30]
						},
						{
							"name": "ПереднЛеваяЛапа",
							"origin": [8, 8, 8],
							"color": 0,
							"children": [31, 32, 33]
						}
					]
				},
				{
					"name": "ЗадниеЛапы",
					"origin": [8, 8, 8],
					"color": 0,
					"children": [
						{
							"name": "ЗадняяПраваяЛапа",
							"origin": [8, 8, 8],
							"color": 0,
							"children": [34, 35, 36]
						},
						{
							"name": "ЗадняяЛеваяЛапа",
							"origin": [8, 8, 8],
							"color": 0,
							"children": [37, 38, 39]
						}
					]
				},
				{
					"name": "СредниеПлавники",
					"origin": [8, 8, 8],
					"color": 0,
					"children": [
						{
							"name": "СреднийПлавникПраво",
							"origin": [8, 8, 8],
							"color": 0,
							"children": [40, 41, 42, 43]
						},
						{
							"name": "СреднийПлавникЛево",
							"origin": [8, 8, 8],
							"color": 0,
							"children": [44, 45, 46, 47]
						}
					]
				}
			]
		}
	]
}