{
	"format_version": "1.9.0",
	"credit": "Made with Blockbench",
	"texture_size": [64, 64],
	"textures": {
		"3": "block/texture",
		"particle": "block/nairanaT"
	},
	"elements": [
		{
			"name": "Голова",
			"from": [12.19113, 3.19762, -10],
			"to": [22.19113, 12.19762, -1],
			"rotation": {"angle": 0, "axis": "x", "origin": [17.725, 7, -5.75]},
			"faces": {
				"north": {"uv": [0, 2.25, 2.5, 4.5], "texture": "#3"},
				"east": {"uv": [4.75, 3.25, 7, 5.5], "texture": "#3"},
				"south": {"uv": [0, 0, 2.5, 2.25], "texture": "#3"},
				"west": {"uv": [1.75, 5, 4, 7.25], "texture": "#3"},
				"up": {"uv": [4.75, 2.5, 2.5, 0], "rotation": 90, "texture": "#3"},
				"down": {"uv": [4.75, 2.5, 2.5, 5], "rotation": 270, "texture": "#3"}
			}
		},
		{
			"name": "Туловище-Хвост",
			"from": [4.625, 2, -1.5],
			"to": [11.325, 8, 11.5],
			"rotation": {"angle": 0, "axis": "y", "origin": [7.725, 4, 6.75]},
			"faces": {
				"north": {"uv": [9.25, 10, 10.875, 11.5], "texture": "#3"},
				"east": {"uv": [4, 5.5, 7.25, 7], "texture": "#3"},
				"south": {"uv": [10.5, 7.75, 12.125, 9.25], "texture": "#3"},
				"west": {"uv": [6.5, 0, 9.75, 1.5], "texture": "#3"},
				"up": {"uv": [1.625, 7.75, 0, 4.5], "texture": "#3"},
				"down": {"uv": [6.375, 0, 4.75, 3.25], "texture": "#3"}
			}
		},
		{
			"name": "Тело",
			"from": [6.15, 1.71226, -7.78543],
			"to": [13.3, 9.88726, 1.21457],
			"rotation": {"angle": -45, "axis": "y", "origin": [9.475, 5.25, -2.25]},
			"faces": {
				"north": {"uv": [9.75, 2.75, 11.5, 4.75], "texture": "#3"},
				"east": {"uv": [1.75, 7.25, 4, 9.25], "texture": "#3"},
				"south": {"uv": [5, 10, 6.75, 12], "texture": "#3"},
				"west": {"uv": [7.25, 5, 9.5, 7], "texture": "#3"},
				"up": {"uv": [1.75, 10, 0, 7.75], "texture": "#3"},
				"down": {"uv": [3.5, 9.25, 1.75, 11.5], "texture": "#3"}
			}
		},
		{
			"name": "ЛевоПлавникКреплАнтена1",
			"from": [18.77669, 14.46757, -8.8],
			"to": [20.20169, 16.96757, -8.075],
			"rotation": {"angle": 45, "axis": "z", "origin": [17.725, 7, -5.75]},
			"faces": {
				"north": {"uv": [14.25, 2.5, 14.625, 3.125], "texture": "#3"},
				"east": {"uv": [2.5, 13.5, 2.625, 14.125], "texture": "#3"},
				"south": {"uv": [2.5, 14.25, 2.875, 14.875], "texture": "#3"},
				"west": {"uv": [10.75, 13.5, 10.875, 14.125], "texture": "#3"},
				"up": {"uv": [13.375, 11.875, 13.25, 11.5], "rotation": 90, "texture": "#3"},
				"down": {"uv": [9.125, 14, 9, 14.375], "rotation": 270, "texture": "#3"}
			}
		},
		{
			"name": "ЛевоПлавникКреплАнтена2",
			"from": [18.70416, 11.44855, -8.9],
			"to": [20.70416, 14.44855, -7.975],
			"rotation": {"angle": 45, "axis": "z", "origin": [17.725, 7, -5.75]},
			"faces": {
				"north": {"uv": [10.5, 9.25, 11, 10], "texture": "#3"},
				"east": {"uv": [1.5, 10, 1.75, 10.75], "texture": "#3"},
				"south": {"uv": [3.5, 9.25, 4, 10], "texture": "#3"},
				"west": {"uv": [1.5, 10.75, 1.75, 11.5], "texture": "#3"},
				"up": {"uv": [2.5, 5, 2.25, 4.5], "rotation": 90, "texture": "#3"},
				"down": {"uv": [4.75, 5, 4.5, 5.5], "rotation": 270, "texture": "#3"}
			}
		},
		{
			"from": [12.175, 11.075, -8.45],
			"to": [17.55, 21.65, -8.45],
			"rotation": {"angle": 22.5, "axis": "z", "origin": [17.725, 7, -5.75]},
			"faces": {
				"north": {"uv": [9.75, 0, 11.125, 2.625], "texture": "#3"},
				"east": {"uv": [0, 0, 0, 2.625], "texture": "#3"},
				"south": {"uv": [9.5, 5, 10.875, 7.625], "texture": "#3"},
				"west": {"uv": [0, 0, 0, 2.625], "texture": "#3"},
				"up": {"uv": [0, 1.375, 0, 0], "rotation": 90, "texture": "#3"},
				"down": {"uv": [0, 0, 0, 1.375], "rotation": 270, "texture": "#3"}
			}
		},
		{
			"from": [12.175, 11.075, -2.5],
			"to": [17.55, 21.65, -2.5],
			"rotation": {"angle": 22.5, "axis": "z", "origin": [17.725, 7, -5.75]},
			"faces": {
				"north": {"uv": [3.5, 10, 4.875, 12.625], "texture": "#3"},
				"east": {"uv": [0, 0, 0, 2.625], "texture": "#3"},
				"south": {"uv": [0, 10, 1.375, 12.625], "texture": "#3"},
				"west": {"uv": [0, 0, 0, 2.625], "texture": "#3"},
				"up": {"uv": [0, 0, 0, 1.375], "rotation": 90, "texture": "#3"},
				"down": {"uv": [0, 0, 0, 1.375], "rotation": 270, "texture": "#3"}
			}
		},
		{
			"name": "ПравоПлавникКреплАнтена2",
			"from": [18.70416, 11.44855, -2.975],
			"to": [20.70416, 14.44855, -2.05],
			"rotation": {"angle": 45, "axis": "z", "origin": [17.725, 7, -5.75]},
			"faces": {
				"north": {"uv": [4.25, 14, 4.75, 14.75], "texture": "#3"},
				"east": {"uv": [11.25, 0, 11.5, 0.75], "texture": "#3"},
				"south": {"uv": [1, 14, 1.5, 14.75], "texture": "#3"},
				"west": {"uv": [11.25, 0.75, 11.5, 1.5], "texture": "#3"},
				"up": {"uv": [7.25, 5.5, 7, 5], "rotation": 90, "texture": "#3"},
				"down": {"uv": [11.5, 1.5, 11.25, 2], "rotation": 270, "texture": "#3"}
			}
		},
		{
			"name": "ПравоПлавникКреплАнтена1",
			"from": [18.77669, 14.46757, -2.875],
			"to": [20.20169, 16.96757, -2.15],
			"rotation": {"angle": 45, "axis": "z", "origin": [17.725, 7, -5.75]},
			"faces": {
				"north": {"uv": [10.75, 14.25, 11.125, 14.875], "texture": "#3"},
				"east": {"uv": [4.75, 14, 4.875, 14.625], "texture": "#3"},
				"south": {"uv": [14.25, 9.25, 14.625, 9.875], "texture": "#3"},
				"west": {"uv": [10, 14.5, 10.125, 15.125], "texture": "#3"},
				"up": {"uv": [9.875, 15.125, 9.75, 14.75], "rotation": 90, "texture": "#3"},
				"down": {"uv": [10.375, 14.75, 10.25, 15.125], "rotation": 270, "texture": "#3"}
			}
		},
		{
			"from": [10.1, 7.6, 2.575],
			"to": [10.1, 10.925, 9.075],
			"rotation": {"angle": 0, "axis": "y", "origin": [12.1, 7.8, 4.025]},
			"faces": {
				"north": {"uv": [0, 0, 0, 0.875], "texture": "#3"},
				"east": {"uv": [11, 6.5, 12.625, 7.375], "texture": "#3"},
				"south": {"uv": [0, 0, 0, 0.875], "texture": "#3"},
				"west": {"uv": [9.25, 11.5, 10.875, 12.375], "texture": "#3"},
				"up": {"uv": [0, 1.625, 0, 0], "texture": "#3"},
				"down": {"uv": [0, 0, 0, 1.625], "texture": "#3"}
			}
		},
		{
			"name": "ВерхнийПлавникНачалоПраво",
			"from": [9.575, 7.15971, 1.58649],
			"to": [10.525, 9.05971, 3.26149],
			"rotation": {"angle": 45, "axis": "x", "origin": [8.125, 8.5, 2.35]},
			"faces": {
				"north": {"uv": [11.25, 2, 11.5, 2.5], "texture": "#3"},
				"east": {"uv": [12, 14.25, 12.375, 14.75], "texture": "#3"},
				"south": {"uv": [3.25, 11.5, 3.5, 12], "texture": "#3"},
				"west": {"uv": [3.75, 14.5, 4.125, 15], "texture": "#3"},
				"up": {"uv": [11, 12.875, 10.75, 12.5], "texture": "#3"},
				"down": {"uv": [2.75, 13, 2.5, 13.375], "texture": "#3"}
			}
		},
		{
			"name": "ВерхнийПлавникСередПраво",
			"from": [9.725, 8.5256, 2.27135],
			"to": [10.375, 9.7756, 4.79635],
			"rotation": {"angle": -22.5, "axis": "x", "origin": [7.925, 9.625, 3.3]},
			"faces": {
				"north": {"uv": [10.5, 14.75, 10.625, 15.125], "texture": "#3"},
				"east": {"uv": [11.25, 14.25, 11.875, 14.625], "texture": "#3"},
				"south": {"uv": [11.25, 14.75, 11.375, 15.125], "texture": "#3"},
				"west": {"uv": [3, 14.5, 3.625, 14.875], "texture": "#3"},
				"up": {"uv": [6.375, 15.375, 6.25, 14.75], "texture": "#3"},
				"down": {"uv": [9.375, 14.75, 9.25, 15.375], "texture": "#3"}
			}
		},
		{
			"name": "ВерхнийПлавникКонецПраво",
			"from": [9.825, 9.7256, 4.54635],
			"to": [10.275, 10.7256, 6.22135],
			"rotation": {"angle": -22.5, "axis": "x", "origin": [7.925, 10.725, 5.575]},
			"faces": {
				"north": {"uv": [12, 7.5, 12.125, 7.75], "texture": "#3"},
				"east": {"uv": [14.75, 5, 15.125, 5.25], "texture": "#3"},
				"south": {"uv": [3.25, 12.5, 3.375, 12.75], "texture": "#3"},
				"west": {"uv": [5.25, 14.75, 5.625, 15], "texture": "#3"},
				"up": {"uv": [11.625, 15.125, 11.5, 14.75], "texture": "#3"},
				"down": {"uv": [11.875, 14.75, 11.75, 15.125], "texture": "#3"}
			}
		},
		{
			"from": [5.9, 7.6, 2.575],
			"to": [5.9, 10.925, 9.075],
			"rotation": {"angle": 0, "axis": "y", "origin": [3.9, 7.8, 4.025]},
			"faces": {
				"north": {"uv": [0, 0, 0, 0.875], "texture": "#3"},
				"east": {"uv": [11.5, 11, 13.125, 11.875], "texture": "#3"},
				"south": {"uv": [0, 0, 0, 0.875], "texture": "#3"},
				"west": {"uv": [12, 0, 13.625, 0.875], "texture": "#3"},
				"up": {"uv": [0, 0, 0, 1.625], "texture": "#3"},
				"down": {"uv": [0, 0, 0, 1.625], "texture": "#3"}
			}
		},
		{
			"name": "ВерхнийПлавникНачалоЛево",
			"from": [5.425, 7.15971, 1.58649],
			"to": [6.375, 9.05971, 3.26149],
			"rotation": {"angle": 45, "axis": "x", "origin": [8.125, 8.5, 2.35]},
			"faces": {
				"north": {"uv": [3.25, 12, 3.5, 12.5], "texture": "#3"},
				"east": {"uv": [7.25, 14.5, 7.625, 15], "texture": "#3"},
				"south": {"uv": [12.5, 2.75, 12.75, 3.25], "texture": "#3"},
				"west": {"uv": [7.75, 14.5, 8.125, 15], "texture": "#3"},
				"up": {"uv": [11, 13.375, 10.75, 13], "texture": "#3"},
				"down": {"uv": [4.5, 13.25, 4.25, 13.625], "texture": "#3"}
			}
		},
		{
			"name": "ВерхнийПлавникСередЛево",
			"from": [5.575, 8.5256, 2.27135],
			"to": [6.225, 9.7756, 4.79635],
			"rotation": {"angle": -22.5, "axis": "x", "origin": [7.925, 9.625, 3.3]},
			"faces": {
				"north": {"uv": [12, 14.75, 12.125, 15.125], "texture": "#3"},
				"east": {"uv": [14.5, 5.75, 15.125, 6.125], "texture": "#3"},
				"south": {"uv": [12.25, 14.75, 12.375, 15.125], "texture": "#3"},
				"west": {"uv": [6.5, 14.5, 7.125, 14.875], "texture": "#3"},
				"up": {"uv": [14.875, 9.875, 14.75, 9.25], "texture": "#3"},
				"down": {"uv": [9.625, 14.75, 9.5, 15.375], "texture": "#3"}
			}
		},
		{
			"name": "ВерхнийПлавникКонецЛево",
			"from": [5.675, 9.7256, 4.54635],
			"to": [6.125, 10.7256, 6.22135],
			"rotation": {"angle": -22.5, "axis": "x", "origin": [7.925, 10.725, 5.575]},
			"faces": {
				"north": {"uv": [13.25, 8.25, 13.375, 8.5], "texture": "#3"},
				"east": {"uv": [14.75, 5.25, 15.125, 5.5], "texture": "#3"},
				"south": {"uv": [13.75, 3.25, 13.875, 3.5], "texture": "#3"},
				"west": {"uv": [14.75, 5.5, 15.125, 5.75], "texture": "#3"},
				"up": {"uv": [12.625, 15.125, 12.5, 14.75], "texture": "#3"},
				"down": {"uv": [12.875, 14.75, 12.75, 15.125], "texture": "#3"}
			}
		},
		{
			"name": "антенна-Лево",
			"from": [17.21939, 10.29873, -8],
			"to": [20.21939, 17.29873, -8],
			"rotation": {"angle": -22.5, "axis": "y", "origin": [19.075, 13.775, -8]},
			"faces": {
				"north": {"uv": [5.5, 12, 6.25, 13.75], "texture": "#3"},
				"east": {"uv": [0, 0, 0, 1.75], "texture": "#3"},
				"south": {"uv": [12, 1, 12.75, 2.75], "texture": "#3"},
				"west": {"uv": [0, 0, 0, 1.75], "texture": "#3"},
				"up": {"uv": [0, 0.75, 0, 0], "rotation": 90, "texture": "#3"},
				"down": {"uv": [0, 0, 0, 0.75], "rotation": 270, "texture": "#3"}
			}
		},
		{
			"name": "антенна-Право",
			"from": [17.21939, 10.29873, -2.95],
			"to": [20.21939, 17.29873, -2.95],
			"rotation": {"angle": 22.5, "axis": "y", "origin": [19.075, 13.775, -2.95]},
			"faces": {
				"north": {"uv": [12.75, 1, 12, 2.75], "texture": "#3"},
				"east": {"uv": [0, 0, 0, 1.75], "texture": "#3"},
				"south": {"uv": [6.25, 12, 5.5, 13.75], "texture": "#3"},
				"west": {"uv": [0, 0, 0, 1.75], "texture": "#3"},
				"up": {"uv": [0, 0, 0, 0.75], "rotation": 90, "texture": "#3"},
				"down": {"uv": [0, 0, 0, 0.75], "rotation": 270, "texture": "#3"}
			}
		},
		{
			"name": "АнтенаШарикЛево",
			"from": [18.725, 14.675, -8.55],
			"to": [20.4, 16.275, -6.975],
			"rotation": {"angle": 0, "axis": "y", "origin": [19.475, 15.1, -8.05]},
			"faces": {
				"north": {"uv": [0, 14.75, 0.375, 15.125], "texture": "#3"},
				"east": {"uv": [14, 14.5, 14.375, 14.875], "texture": "#3"},
				"south": {"uv": [14.5, 14, 14.875, 14.375], "texture": "#3"},
				"west": {"uv": [14.5, 14.5, 14.875, 14.875], "texture": "#3"},
				"up": {"uv": [15.125, 0.375, 14.75, 0], "rotation": 90, "texture": "#3"},
				"down": {"uv": [1.375, 14.75, 1, 15.125], "rotation": 270, "texture": "#3"}
			}
		},
		{
			"name": "АнтенаШарикПраво",
			"from": [18.725, 14.675, -3.975],
			"to": [20.4, 16.275, -2.4],
			"rotation": {"angle": 0, "axis": "y", "origin": [19.6, 15.275, -3.175]},
			"faces": {
				"north": {"uv": [14.75, 2, 15.125, 2.375], "texture": "#3"},
				"east": {"uv": [1.5, 14.75, 1.875, 15.125], "texture": "#3"},
				"south": {"uv": [14.75, 1.5, 15.125, 1.875], "texture": "#3"},
				"west": {"uv": [2, 14.75, 2.375, 15.125], "texture": "#3"},
				"up": {"uv": [15.125, 2.875, 14.75, 2.5], "rotation": 90, "texture": "#3"},
				"down": {"uv": [4.625, 14.75, 4.25, 15.125], "rotation": 270, "texture": "#3"}
			}
		},
		{
			"name": "Хвост",
			"from": [8.725, 0.625, 8.675],
			"to": [13.225, 7.625, 19.675],
			"rotation": {"angle": 45, "axis": "y", "origin": [10.725, 4, 13.925]},
			"faces": {
				"north": {"uv": [11, 4.75, 12.125, 6.5], "texture": "#3"},
				"east": {"uv": [6.5, 1.5, 9.25, 3.25], "texture": "#3"},
				"south": {"uv": [11, 9.25, 12.125, 11], "texture": "#3"},
				"west": {"uv": [7, 3.25, 9.75, 5], "texture": "#3"},
				"up": {"uv": [7.875, 12.75, 6.75, 10], "texture": "#3"},
				"down": {"uv": [9.125, 10, 8, 12.75], "texture": "#3"}
			}
		},
		{
			"name": "ХвостВерхн-конец",
			"from": [16.90692, 5.79394, 14.85],
			"to": [29.90692, 10.79394, 17],
			"rotation": {"angle": 22.5, "axis": "z", "origin": [20.725, 4.75, 16.175]},
			"faces": {
				"north": {"uv": [4, 8.75, 7.25, 10], "texture": "#3"},
				"east": {"uv": [1, 12.75, 1.5, 14], "texture": "#3"},
				"south": {"uv": [7.25, 8.75, 10.5, 10], "texture": "#3"},
				"west": {"uv": [0.5, 12.75, 1, 14], "texture": "#3"},
				"up": {"uv": [11.5, 14.25, 11, 11], "rotation": 270, "texture": "#3"},
				"down": {"uv": [12, 0, 11.5, 3.25], "rotation": 90, "texture": "#3"}
			}
		},
		{
			"name": "Хвост-конец",
			"from": [15.9, 0, 14.825],
			"to": [26.9, 7, 17.025],
			"rotation": {"angle": 0, "axis": "y", "origin": [20.725, 4.75, 16.175]},
			"faces": {
				"north": {"uv": [4, 7, 6.75, 8.75], "texture": "#3"},
				"east": {"uv": [6.25, 12, 6.75, 13.75], "texture": "#3"},
				"south": {"uv": [6.75, 7, 9.5, 8.75], "texture": "#3"},
				"west": {"uv": [9.25, 1.5, 9.75, 3.25], "texture": "#3"},
				"up": {"uv": [3.25, 14.25, 2.75, 11.5], "rotation": 270, "texture": "#3"},
				"down": {"uv": [5.5, 12, 5, 14.75], "rotation": 90, "texture": "#3"}
			}
		},
		{
			"name": "ХвостНижнийПереход",
			"from": [26.65, -0.025, 14.95],
			"to": [28.2, 0.775, 16.9],
			"rotation": {"angle": 0, "axis": "y", "origin": [20.725, 4.75, 16.175]},
			"faces": {
				"north": {"uv": [5.75, 14.75, 6.125, 15], "texture": "#3"},
				"east": {"uv": [13.5, 6.25, 14, 6.5], "texture": "#3"},
				"south": {"uv": [14.75, 7, 15.125, 7.25], "texture": "#3"},
				"west": {"uv": [12.75, 4.5, 13.25, 4.75], "texture": "#3"},
				"up": {"uv": [8.75, 14.875, 8.25, 14.5], "rotation": 270, "texture": "#3"},
				"down": {"uv": [15, 8.25, 14.5, 8.625], "rotation": 90, "texture": "#3"}
			}
		},
		{
			"name": "ХвостНижнийУгол",
			"from": [24.10407, -1.79102, 14.975],
			"to": [26.10407, 2.45898, 16.875],
			"rotation": {"angle": 22.5, "axis": "z", "origin": [20.725, 4.75, 16.175]},
			"faces": {
				"north": {"uv": [13.25, 7, 13.75, 8.125], "texture": "#3"},
				"east": {"uv": [9.25, 13.25, 9.75, 14.375], "texture": "#3"},
				"south": {"uv": [13.25, 9.25, 13.75, 10.375], "texture": "#3"},
				"west": {"uv": [13.25, 4.5, 13.75, 5.625], "texture": "#3"},
				"up": {"uv": [2.25, 5, 1.75, 4.5], "rotation": 270, "texture": "#3"},
				"down": {"uv": [4.5, 5, 4, 5.5], "rotation": 90, "texture": "#3"}
			}
		},
		{
			"name": "ХвостПереходВерхний",
			"from": [12.53609, 8.63379, 14.925],
			"to": [16.96109, 10.70879, 16.925],
			"rotation": {"angle": 22.5, "axis": "z", "origin": [20.725, 4.75, 16.175]},
			"faces": {
				"north": {"uv": [13.25, 10.5, 14.375, 11], "texture": "#3"},
				"east": {"uv": [12.75, 7, 13.25, 7.5], "texture": "#3"},
				"south": {"uv": [13.25, 11, 14.375, 11.5], "texture": "#3"},
				"west": {"uv": [12, 2.75, 12.5, 3.25], "texture": "#3"},
				"up": {"uv": [10.25, 14.375, 9.75, 13.25], "rotation": 270, "texture": "#3"},
				"down": {"uv": [14, 11.5, 13.5, 12.625], "rotation": 90, "texture": "#3"}
			}
		},
		{
			"name": "ХвостВерхнийУгол",
			"from": [21.84806, 6.6405, 14.95],
			"to": [26.52306, 11.9655, 16.9],
			"rotation": {"angle": -22.5, "axis": "z", "origin": [20.725, 4.75, 16.175]},
			"faces": {
				"north": {"uv": [1.5, 11.5, 2.625, 12.875], "texture": "#3"},
				"east": {"uv": [0, 12.75, 0.5, 14.125], "texture": "#3"},
				"south": {"uv": [11.5, 3.25, 12.625, 4.625], "texture": "#3"},
				"west": {"uv": [10.25, 12.5, 10.75, 13.875], "texture": "#3"},
				"up": {"uv": [14, 13.875, 13.5, 12.75], "rotation": 270, "texture": "#3"},
				"down": {"uv": [14.25, 0, 13.75, 1.125], "rotation": 90, "texture": "#3"}
			}
		},
		{
			"name": "ПереднЛапа-Право",
			"from": [16.44298, 0.89596, -1.25],
			"to": [21.44298, 2.37096, 0.75],
			"rotation": {"angle": -22.5, "axis": "z", "origin": [15.675, 3.25, -5]},
			"faces": {
				"north": {"uv": [14, 3.25, 15.25, 3.625], "texture": "#3"},
				"east": {"uv": [8.75, 14.5, 9.25, 14.875], "texture": "#3"},
				"south": {"uv": [13.75, 7.5, 15, 7.875], "texture": "#3"},
				"west": {"uv": [14.5, 8.75, 15, 9.125], "texture": "#3"},
				"up": {"uv": [13.25, 2.25, 12.75, 1], "rotation": 90, "texture": "#3"},
				"down": {"uv": [13.25, 2.25, 12.75, 3.5], "rotation": 270, "texture": "#3"}
			}
		},
		{
			"name": "ПереднЛапа-Плечо-Право",
			"from": [14.95576, 1.28412, -1.45],
			"to": [16.73076, 6.28412, 0.55],
			"rotation": {"angle": 22.5, "axis": "z", "origin": [15.675, 3.25, -5]},
			"faces": {
				"north": {"uv": [12.75, 3.5, 14, 4], "rotation": 270, "texture": "#3"},
				"east": {"uv": [5, 14, 4.5, 12.75], "rotation": 180, "texture": "#3"},
				"south": {"uv": [3.25, 12.75, 4.5, 13.25], "rotation": 90, "texture": "#3"},
				"west": {"uv": [7.25, 12.75, 6.75, 14], "texture": "#3"},
				"up": {"uv": [13, 14, 13.5, 14.5], "rotation": 90, "texture": "#3"},
				"down": {"uv": [14, 12.5, 14.5, 13], "rotation": 90, "texture": "#3"}
			}
		},
		{
			"name": "ПереднЛапа-Когти-Право",
			"from": [21.1111, -0.75, -4.27342],
			"to": [24.1111, 0.25, -0.27342],
			"rotation": {"angle": -22.5, "axis": "y", "origin": [15.675, 3.25, -5]},
			"faces": {
				"north": {"uv": [9.25, 14.5, 10, 14.75], "texture": "#3"},
				"east": {"uv": [9.75, 4.75, 10.75, 5], "texture": "#3"},
				"south": {"uv": [14.25, 10, 15, 10.25], "texture": "#3"},
				"west": {"uv": [11, 7.5, 12, 7.75], "texture": "#3"},
				"up": {"uv": [13.25, 10, 12.25, 9.25], "rotation": 90, "texture": "#3"},
				"down": {"uv": [13.25, 10, 12.25, 10.75], "rotation": 270, "texture": "#3"}
			}
		},
		{
			"name": "ПереднЛапа-Лево",
			"from": [12.55882, 2.166, -12.15],
			"to": [17.55882, 3.641, -10.15],
			"rotation": {"angle": -45, "axis": "z", "origin": [12.175, 3.25, -5.25]},
			"faces": {
				"north": {"uv": [14, 6.25, 15.25, 6.625], "texture": "#3"},
				"east": {"uv": [14.5, 10.5, 15, 10.875], "texture": "#3"},
				"south": {"uv": [14, 3.75, 15.25, 4.125], "texture": "#3"},
				"west": {"uv": [14.5, 11, 15, 11.375], "texture": "#3"},
				"up": {"uv": [7.75, 14, 7.25, 12.75], "rotation": 90, "texture": "#3"},
				"down": {"uv": [8.25, 12.75, 7.75, 14], "rotation": 270, "texture": "#3"}
			}
		},
		{
			"name": "ПереднЛапа-Плечо-Лево",
			"from": [14.07465, 0.86129, -11.45],
			"to": [15.84965, 5.86129, -9.45],
			"rotation": {"angle": -45, "axis": "z", "origin": [14.675, 4.5, -10.5]},
			"faces": {
				"north": {"uv": [12.75, 6.5, 14, 7], "rotation": 270, "texture": "#3"},
				"east": {"uv": [8.75, 14, 8.25, 12.75], "rotation": 180, "texture": "#3"},
				"south": {"uv": [12.75, 4, 14, 4.5], "rotation": 90, "texture": "#3"},
				"west": {"uv": [9.25, 12.75, 8.75, 14], "texture": "#3"},
				"up": {"uv": [13.5, 14, 14, 14.5], "rotation": 90, "texture": "#3"},
				"down": {"uv": [14, 13, 14.5, 13.5], "rotation": 90, "texture": "#3"}
			}
		},
		{
			"name": "ПереднЛапа-Когти-Лево",
			"from": [15.07807, -0.75, -14.36955],
			"to": [18.07807, 0.25, -10.36955],
			"rotation": {"angle": 45, "axis": "y", "origin": [16.425, -0.25, -12.25]},
			"faces": {
				"north": {"uv": [14.5, 12.75, 15.25, 13], "texture": "#3"},
				"east": {"uv": [12.25, 10.75, 13.25, 11], "texture": "#3"},
				"south": {"uv": [14.5, 12.5, 15.25, 12.75], "texture": "#3"},
				"west": {"uv": [13.75, 5.5, 14.75, 5.75], "texture": "#3"},
				"up": {"uv": [10.25, 13.25, 9.25, 12.5], "rotation": 90, "texture": "#3"},
				"down": {"uv": [13.5, 12, 12.5, 12.75], "rotation": 270, "texture": "#3"}
			}
		},
		{
			"name": "ЗаднЛапа-Право",
			"from": [13.7, 2.35267, 6.82767],
			"to": [15.7, 4.05267, 11.82767],
			"rotation": {"angle": 22.5, "axis": "x", "origin": [9.95, 4, 4.75]},
			"faces": {
				"north": {"uv": [13, 14.5, 13.5, 14.875], "texture": "#3"},
				"east": {"uv": [6.5, 14, 7.75, 14.375], "texture": "#3"},
				"south": {"uv": [14.5, 13, 15, 13.375], "texture": "#3"},
				"west": {"uv": [7.75, 14, 9, 14.375], "texture": "#3"},
				"up": {"uv": [13, 14, 12.5, 12.75], "texture": "#3"},
				"down": {"uv": [2, 13, 1.5, 14.25], "texture": "#3"}
			}
		},
		{
			"name": "ЗаднЛапа-Бедр-Право",
			"from": [11.3, 1.44544, 6.13992],
			"to": [13.3, 5.44544, 8.13992],
			"rotation": {"angle": 45, "axis": "z", "origin": [12.3, 4.5, 7]},
			"faces": {
				"north": {"uv": [14.25, 2.25, 13.75, 3.25], "rotation": 180, "texture": "#3"},
				"east": {"uv": [13.5, 5.75, 14.5, 6.25], "rotation": 270, "texture": "#3"},
				"south": {"uv": [14.25, 2.25, 13.75, 1.25], "texture": "#3"},
				"west": {"uv": [13.5, 8.25, 14.5, 8.75], "rotation": 90, "texture": "#3"},
				"up": {"uv": [14, 13.5, 14.5, 14], "rotation": 180, "texture": "#3"},
				"down": {"uv": [14, 14, 14.5, 14.5], "texture": "#3"}
			}
		},
		{
			"name": "ЗаднЛапа-Когти-Право",
			"from": [13.45, 0, 10],
			"to": [17.45, 1, 14],
			"rotation": {"angle": 45, "axis": "y", "origin": [15.45, 0.5, 11.5]},
			"faces": {
				"north": {"uv": [13.75, 8, 14.75, 8.25], "texture": "#3"},
				"east": {"uv": [13.75, 10.25, 14.75, 10.5], "texture": "#3"},
				"south": {"uv": [14, 4.25, 15, 4.5], "texture": "#3"},
				"west": {"uv": [14, 6.75, 15, 7], "texture": "#3"},
				"up": {"uv": [10.5, 8.75, 9.5, 7.75], "texture": "#3"},
				"down": {"uv": [12.5, 12, 11.5, 13], "texture": "#3"}
			}
		},
		{
			"name": "ЗаднЛапа-Лево",
			"from": [1.5, 0.72731, 8.15641],
			"to": [3.5, 2.42731, 13.15641],
			"rotation": {"angle": -22.5, "axis": "y", "origin": [2.5, 1.5, 10.5]},
			"faces": {
				"north": {"uv": [13.5, 14.5, 14, 14.875], "texture": "#3"},
				"east": {"uv": [14, 11.5, 15.25, 11.875], "texture": "#3"},
				"south": {"uv": [14.5, 13.5, 15, 13.875], "texture": "#3"},
				"west": {"uv": [14, 12, 15.25, 12.375], "texture": "#3"},
				"up": {"uv": [2.5, 14.25, 2, 13], "texture": "#3"},
				"down": {"uv": [12, 13, 11.5, 14.25], "texture": "#3"}
			}
		},
		{
			"name": "ЗаднЛапа-Бедр-Лево",
			"from": [2.65, 3.23744, 5.57322],
			"to": [4.65, 5.23744, 9.57322],
			"rotation": {"angle": 45, "axis": "x", "origin": [7.9, 4, 6.75]},
			"faces": {
				"north": {"uv": [0, 14.25, 0.5, 14.75], "texture": "#3"},
				"east": {"uv": [13.5, 8.75, 14.5, 9.25], "texture": "#3"},
				"south": {"uv": [14.25, 0, 14.75, 0.5], "texture": "#3"},
				"west": {"uv": [13.75, 4.5, 14.75, 5], "texture": "#3"},
				"up": {"uv": [6, 14.75, 5.5, 13.75], "texture": "#3"},
				"down": {"uv": [6.5, 13.75, 6, 14.75], "texture": "#3"}
			}
		},
		{
			"name": "ЗаднЛапа-Когти-Лево",
			"from": [-0.75, 0, 11.25],
			"to": [3.25, 1, 15.25],
			"rotation": {"angle": -22.5, "axis": "x", "origin": [1.25, 0.75, 13.25]},
			"faces": {
				"north": {"uv": [14.25, 0.5, 15.25, 0.75], "texture": "#3"},
				"east": {"uv": [14.25, 0.75, 15.25, 1], "texture": "#3"},
				"south": {"uv": [14.25, 1, 15.25, 1.25], "texture": "#3"},
				"west": {"uv": [14.25, 1.25, 15.25, 1.5], "texture": "#3"},
				"up": {"uv": [13.25, 5.75, 12.25, 4.75], "texture": "#3"},
				"down": {"uv": [13.25, 7.5, 12.25, 8.5], "texture": "#3"}
			}
		},
		{
			"name": "СреднПлавн-Плечо-Право",
			"from": [11.775, 0.56075, -0.79172],
			"to": [13.775, 5.56075, 1.20828],
			"rotation": {"angle": 22.5, "axis": "z", "origin": [12.775, 3, -0.25]},
			"faces": {
				"north": {"uv": [12, 13, 12.5, 14.25], "texture": "#3"},
				"east": {"uv": [13, 12.75, 13.5, 14], "texture": "#3"},
				"south": {"uv": [13.25, 1, 13.75, 2.25], "texture": "#3"},
				"west": {"uv": [13.25, 2.25, 13.75, 3.5], "texture": "#3"},
				"up": {"uv": [2, 14.75, 1.5, 14.25], "texture": "#3"},
				"down": {"uv": [14.75, 1.5, 14.25, 2], "texture": "#3"}
			}
		},
		{
			"name": "СреднПлавник-Право",
			"from": [16, 0, -1],
			"to": [17.775, 3, 4],
			"rotation": {"angle": 45, "axis": "y", "origin": [17.025, 1.25, 4]},
			"faces": {
				"north": {"uv": [10.25, 14, 10.75, 14.75], "texture": "#3"},
				"east": {"uv": [12.25, 5.75, 13.5, 6.5], "texture": "#3"},
				"south": {"uv": [12.5, 14, 13, 14.75], "texture": "#3"},
				"west": {"uv": [12.25, 8.5, 13.5, 9.25], "texture": "#3"},
				"up": {"uv": [3.75, 14.5, 3.25, 13.25], "texture": "#3"},
				"down": {"uv": [4.25, 13.25, 3.75, 14.5], "texture": "#3"}
			}
		},
		{
			"name": "СреднПлавн-Серед-Право",
			"from": [16, 0, 4],
			"to": [17.775, 2, 8],
			"rotation": {"angle": 45, "axis": "y", "origin": [17.025, 1.25, 4]},
			"faces": {
				"north": {"uv": [2, 14.25, 2.5, 14.75], "texture": "#3"},
				"east": {"uv": [13.75, 5, 14.75, 5.5], "texture": "#3"},
				"south": {"uv": [14.25, 2, 14.75, 2.5], "texture": "#3"},
				"west": {"uv": [13.75, 7, 14.75, 7.5], "texture": "#3"},
				"up": {"uv": [14.25, 10.25, 13.75, 9.25], "texture": "#3"},
				"down": {"uv": [1, 14, 0.5, 15], "texture": "#3"}
			}
		},
		{
			"name": "СреднПлавн-Кончик-Право",
			"from": [16, 0, 8],
			"to": [17.775, 1, 9],
			"rotation": {"angle": 45, "axis": "y", "origin": [17.025, 1.25, 4]},
			"faces": {
				"north": {"uv": [14.75, 3, 15.25, 3.25], "texture": "#3"},
				"east": {"uv": [10.75, 4.75, 11, 5], "texture": "#3"},
				"south": {"uv": [14.75, 4.5, 15.25, 4.75], "texture": "#3"},
				"west": {"uv": [11.25, 2.5, 11.5, 2.75], "texture": "#3"},
				"up": {"uv": [5.25, 15, 4.75, 14.75], "texture": "#3"},
				"down": {"uv": [15.25, 4.75, 14.75, 5], "texture": "#3"}
			}
		},
		{
			"name": "СреднПлавник-Лево",
			"from": [2.475, 0, -8.5],
			"to": [7.475, 3, -6.725],
			"rotation": {"angle": -22.5, "axis": "y", "origin": [2.475, 1.25, -7.75]},
			"faces": {
				"north": {"uv": [12.25, 5.75, 13.5, 6.5], "texture": "#3"},
				"east": {"uv": [10.25, 14, 10.75, 14.75], "texture": "#3"},
				"south": {"uv": [12.25, 8.5, 13.5, 9.25], "texture": "#3"},
				"west": {"uv": [12.5, 14, 13, 14.75], "texture": "#3"},
				"up": {"uv": [3.75, 14.5, 3.25, 13.25], "rotation": 90, "texture": "#3"},
				"down": {"uv": [4.25, 13.25, 3.75, 14.5], "rotation": 270, "texture": "#3"}
			}
		},
		{
			"name": "СреднПлавн-Серед-Лево",
			"from": [-1.525, 0, -8.5],
			"to": [2.475, 2, -6.725],
			"rotation": {"angle": -22.5, "axis": "y", "origin": [2.475, 1.25, -7.75]},
			"faces": {
				"north": {"uv": [13.75, 5, 14.75, 5.5], "texture": "#3"},
				"east": {"uv": [2, 14.25, 2.5, 14.75], "texture": "#3"},
				"south": {"uv": [13.75, 7, 14.75, 7.5], "texture": "#3"},
				"west": {"uv": [14.25, 2, 14.75, 2.5], "texture": "#3"},
				"up": {"uv": [14.25, 10.25, 13.75, 9.25], "rotation": 90, "texture": "#3"},
				"down": {"uv": [1, 14, 0.5, 15], "rotation": 270, "texture": "#3"}
			}
		},
		{
			"name": "СреднПлавн-Кончик-Лево",
			"from": [-2.525, 0, -8.5],
			"to": [-1.525, 1, -6.725],
			"rotation": {"angle": -22.5, "axis": "y", "origin": [2.475, 1.25, -7.75]},
			"faces": {
				"north": {"uv": [10.75, 4.75, 11, 5], "texture": "#3"},
				"east": {"uv": [14.75, 3, 15.25, 3.25], "texture": "#3"},
				"south": {"uv": [11.25, 2.5, 11.5, 2.75], "texture": "#3"},
				"west": {"uv": [14.75, 4.5, 15.25, 4.75], "texture": "#3"},
				"up": {"uv": [5.25, 15, 4.75, 14.75], "rotation": 90, "texture": "#3"},
				"down": {"uv": [15.25, 4.75, 14.75, 5], "rotation": 270, "texture": "#3"}
			}
		},
		{
			"name": "СреднПлавн-Плечо-Лево",
			"from": [6.01672, 0.56075, -6],
			"to": [8.01672, 5.56075, -4],
			"rotation": {"angle": 22.5, "axis": "x", "origin": [7.475, 3, -4.75]},
			"faces": {
				"north": {"uv": [13, 12.75, 13.5, 14], "texture": "#3"},
				"east": {"uv": [12, 13, 12.5, 14.25], "texture": "#3"},
				"south": {"uv": [13.25, 2.25, 13.75, 3.5], "texture": "#3"},
				"west": {"uv": [13.25, 1, 13.75, 2.25], "texture": "#3"},
				"up": {"uv": [2, 14.75, 1.5, 14.25], "rotation": 90, "texture": "#3"},
				"down": {"uv": [14.75, 1.5, 14.25, 2], "rotation": 270, "texture": "#3"}
			}
		}
	],
	"display": {
		"thirdperson_righthand": {
			"rotation": [-168.81, 74.51, 171.25],
			"translation": [0, 5.5, 3.5],
			"scale": [0.81641, 0.81641, 0.81641]
		},
		"thirdperson_lefthand": {
			"translation": [0, 2, 2.75],
			"scale": [0.28711, 0.28711, 0.28711]
		},
		"ground": {
			"scale": [0.5, 0.5, 0.5]
		},
		"gui": {
			"rotation": [-180, 1.5, -180]
		},
		"head": {
			"translation": [0, -34.5, -33],
			"scale": [1.27539, 1.27539, 1.27539]
		},
		"fixed": {
			"rotation": [0, 90, 0],
			"scale": [0.41211, 0.41211, 0.41211]
		}
	},
	"groups": [
		{
			"name": "nairana",
			"origin": [8, 8, 8],
			"color": 0,
			"children": [
				{
					"name": "ОсновноеТело",
					"origin": [8, 8, 8],
					"color": 0,
					"children": [
						0,
						1,
						2,
						{
							"name": "ПлавникиАнтены",
							"origin": [8, 8, 8],
							"color": 0,
							"children": [
								{
									"name": "Лево",
									"origin": [8, 8, 8],
									"color": 0,
									"children": [3, 4, 5, 6]
								},
								{
									"name": "Право",
									"origin": [8, 8, 8],
									"color": 0,
									"children": [7, 8]
								}
							]
						},
						{
							"name": "ПлавникиСредние",
							"origin": [8, 8, 8],
							"color": 0,
							"children": [
								{
									"name": "Право",
									"origin": [8, 8, 8],
									"color": 0,
									"children": [9, 10, 11, 12]
								},
								{
									"name": "Лево",
									"origin": [8, 8, 8],
									"color": 0,
									"children": [13, 14, 15, 16]
								}
							]
						},
						{
							"name": "Антены",
							"origin": [8, 8, 8],
							"color": 0,
							"children": [17, 18, 19, 20]
						},
						{
							"name": "Хвост",
							"origin": [8, 8, 8],
							"color": 0,
							"children": [21, 22, 23, 24, 25, 26, 27]
						}
					]
				},
				{
					"name": "ПередниеЛапы",
					"origin": [8, 8, 8],
					"color": 0,
					"children": [
						{
							"name": "ПереднПраваяЛапа",
							"origin": [8, 8, 8],
							"color": 0,
							"children": [28, 29, 30]
						},
						{
							"name": "ПереднЛеваяЛапа",
							"origin": [8, 8, 8],
							"color": 0,
							"children": [31, 32, 33]
						}
					]
				},
				{
					"name": "ЗадниеЛапы",
					"origin": [8, 8, 8],
					"color": 0,
					"children": [
						{
							"name": "ЗадняяПраваяЛапа",
							"origin": [8, 8, 8],
							"color": 0,
							"children": [34, 35, 36]
						},
						{
							"name": "ЗадняяЛеваяЛапа",
							"origin": [8, 8, 8],
							"color": 0,
							"children": [37, 38, 39]
						}
					]
				},
				{
					"name": "СредниеПлавники",
					"origin": [8, 8, 8],
					"color": 0,
					"children": [
						{
							"name": "СреднийПлавникПраво",
							"origin": [8, 8, 8],
							"color": 0,
							"children": [40, 41, 42, 43]
						},
						{
							"name": "СреднийПлавникЛево",
							"origin": [8, 8, 8],
							"color": 0,
							"children": [44, 45, 46, 47]
						}
					]
				}
			]
		}
	]
}