{
	"format_version": "1.9.0",
	"credit": "Made with Blockbench",
	"texture_size": [64, 64],
	"textures": {
		"3": "block/texture",
		"particle": "block/nairanaT"
	},
	"elements": [
		{
			"name": "Голова",
			"from": [3.975, 3.82404, -15.87902],
			"to": [12.975, 12.82404, -5.87902],
			"rotation": {"angle": 0, "axis": "y", "origin": [8.475, 12.5, -7.5]},
			"faces": {
				"north": {"uv": [4.75, 3.25, 7, 5.5], "texture": "#3"},
				"east": {"uv": [0, 0, 2.5, 2.25], "texture": "#3"},
				"south": {"uv": [1.75, 5, 4, 7.25], "texture": "#3"},
				"west": {"uv": [0, 2.25, 2.5, 4.5], "texture": "#3"},
				"up": {"uv": [4.75, 2.5, 2.5, 0], "texture": "#3"},
				"down": {"uv": [4.75, 2.5, 2.5, 5], "texture": "#3"}
			}
		},
		{
			"name": "Туловище-Хвост",
			"from": [5.2, 4.5, -1.5],
			"to": [11.9, 10.5, 11.5],
			"rotation": {"angle": 0, "axis": "y", "origin": [8.3, 6.5, 6.75]},
			"faces": {
				"north": {"uv": [9.25, 10, 10.875, 11.5], "texture": "#3"},
				"east": {"uv": [4, 5.5, 7.25, 7], "texture": "#3"},
				"south": {"uv": [10.5, 7.75, 12.125, 9.25], "texture": "#3"},
				"west": {"uv": [6.5, 0, 9.75, 1.5], "texture": "#3"},
				"up": {"uv": [1.625, 7.75, 0, 4.5], "texture": "#3"},
				"down": {"uv": [6.375, 0, 4.75, 3.25], "texture": "#3"}
			}
		},
		{
			"name": "Тело",
			"from": [4.9, 3.49718, -7.84618],
			"to": [12.05, 11.67218, 1.15382],
			"rotation": {"angle": 0, "axis": "y", "origin": [8.225, 8.5, -4]},
			"faces": {
				"north": {"uv": [9.75, 2.75, 11.5, 4.75], "texture": "#3"},
				"east": {"uv": [1.75, 7.25, 4, 9.25], "texture": "#3"},
				"south": {"uv": [5, 10, 6.75, 12], "texture": "#3"},
				"west": {"uv": [7.25, 5, 9.5, 7], "texture": "#3"},
				"up": {"uv": [1.75, 10, 0, 7.75], "texture": "#3"},
				"down": {"uv": [3.5, 9.25, 1.75, 11.5], "texture": "#3"}
			}
		},
		{
			"name": "ЛевоПлавникКреплАнтена1",
			"from": [5.175, 13.7546, -9.29738],
			"to": [5.9, 16.2546, -7.87238],
			"rotation": {"angle": 45, "axis": "x", "origin": [8.475, 12.5, -7.5]},
			"faces": {
				"north": {"uv": [2.5, 13.5, 2.625, 14.125], "texture": "#3"},
				"east": {"uv": [2.5, 14.25, 2.875, 14.875], "texture": "#3"},
				"south": {"uv": [10.75, 13.5, 10.875, 14.125], "texture": "#3"},
				"west": {"uv": [14.25, 2.5, 14.625, 3.125], "texture": "#3"},
				"up": {"uv": [13.375, 11.875, 13.25, 11.5], "texture": "#3"},
				"down": {"uv": [9.125, 14, 9, 14.375], "texture": "#3"}
			}
		},
		{
			"name": "ЛевоПлавникКреплАнтена2",
			"from": [5.075, 10.73558, -9.79985],
			"to": [6, 13.73558, -7.79985],
			"rotation": {"angle": 45, "axis": "x", "origin": [8.475, 12.5, -7.5]},
			"faces": {
				"north": {"uv": [1.5, 10, 1.75, 10.75], "texture": "#3"},
				"east": {"uv": [3.5, 9.25, 4, 10], "texture": "#3"},
				"south": {"uv": [1.5, 10.75, 1.75, 11.5], "texture": "#3"},
				"west": {"uv": [10.5, 9.25, 11, 10], "texture": "#3"},
				"up": {"uv": [2.5, 5, 2.25, 4.5], "texture": "#3"},
				"down": {"uv": [4.75, 5, 4.5, 5.5], "texture": "#3"}
			}
		},
		{
			"from": [5.525, 10.575, -9.075],
			"to": [5.525, 21.15, -3.7],
			"rotation": {"angle": 22.5, "axis": "x", "origin": [8.475, 12.5, -7.5]},
			"faces": {
				"north": {"uv": [0, 0, 0, 2.625], "texture": "#3"},
				"east": {"uv": [9.5, 5, 10.875, 7.625], "texture": "#3"},
				"south": {"uv": [0, 0, 0, 2.625], "texture": "#3"},
				"west": {"uv": [9.75, 0, 11.125, 2.625], "texture": "#3"},
				"up": {"uv": [0, 1.375, 0, 0], "texture": "#3"},
				"down": {"uv": [0, 0, 0, 1.375], "texture": "#3"}
			}
		},
		{
			"from": [11.475, 10.575, -9.075],
			"to": [11.475, 21.15, -3.7],
			"rotation": {"angle": 22.5, "axis": "x", "origin": [8.475, 12.5, -7.5]},
			"faces": {
				"north": {"uv": [0, 0, 0, 2.625], "texture": "#3"},
				"east": {"uv": [0, 10, 1.375, 12.625], "texture": "#3"},
				"south": {"uv": [0, 0, 0, 2.625], "texture": "#3"},
				"west": {"uv": [3.5, 10, 4.875, 12.625], "texture": "#3"},
				"up": {"uv": [0, 0, 0, 1.375], "texture": "#3"},
				"down": {"uv": [0, 0, 0, 1.375], "texture": "#3"}
			}
		},
		{
			"name": "ПравоПлавникКреплАнтена2",
			"from": [11, 10.73558, -9.79985],
			"to": [11.925, 13.73558, -7.79985],
			"rotation": {"angle": 45, "axis": "x", "origin": [8.475, 12.5, -7.5]},
			"faces": {
				"north": {"uv": [11.25, 0, 11.5, 0.75], "texture": "#3"},
				"east": {"uv": [1, 14, 1.5, 14.75], "texture": "#3"},
				"south": {"uv": [11.25, 0.75, 11.5, 1.5], "texture": "#3"},
				"west": {"uv": [4.25, 14, 4.75, 14.75], "texture": "#3"},
				"up": {"uv": [7.25, 5.5, 7, 5], "texture": "#3"},
				"down": {"uv": [11.5, 1.5, 11.25, 2], "texture": "#3"}
			}
		},
		{
			"name": "ПравоПлавникКреплАнтена1",
			"from": [11.1, 13.7546, -9.29738],
			"to": [11.825, 16.2546, -7.87238],
			"rotation": {"angle": 45, "axis": "x", "origin": [8.475, 12.5, -7.5]},
			"faces": {
				"north": {"uv": [4.75, 14, 4.875, 14.625], "texture": "#3"},
				"east": {"uv": [14.25, 9.25, 14.625, 9.875], "texture": "#3"},
				"south": {"uv": [10, 14.5, 10.125, 15.125], "texture": "#3"},
				"west": {"uv": [10.75, 14.25, 11.125, 14.875], "texture": "#3"},
				"up": {"uv": [9.875, 15.125, 9.75, 14.75], "texture": "#3"},
				"down": {"uv": [10.375, 14.75, 10.25, 15.125], "texture": "#3"}
			}
		},
		{
			"from": [10.675, 10.1, 2.575],
			"to": [10.675, 13.425, 9.075],
			"rotation": {"angle": 0, "axis": "y", "origin": [12.675, 10.3, 4.025]},
			"faces": {
				"north": {"uv": [0, 0, 0, 0.875], "texture": "#3"},
				"east": {"uv": [11, 6.5, 12.625, 7.375], "texture": "#3"},
				"south": {"uv": [0, 0, 0, 0.875], "texture": "#3"},
				"west": {"uv": [9.25, 11.5, 10.875, 12.375], "texture": "#3"},
				"up": {"uv": [0, 1.625, 0, 0], "texture": "#3"},
				"down": {"uv": [0, 0, 0, 1.625], "texture": "#3"}
			}
		},
		{
			"name": "ВерхнийПлавникНачалоПраво",
			"from": [10.15, 9.65971, 1.58649],
			"to": [11.1, 11.55971, 3.26149],
			"rotation": {"angle": 45, "axis": "x", "origin": [8.7, 11, 2.35]},
			"faces": {
				"north": {"uv": [11.25, 2, 11.5, 2.5], "texture": "#3"},
				"east": {"uv": [12, 14.25, 12.375, 14.75], "texture": "#3"},
				"south": {"uv": [3.25, 11.5, 3.5, 12], "texture": "#3"},
				"west": {"uv": [3.75, 14.5, 4.125, 15], "texture": "#3"},
				"up": {"uv": [11, 12.875, 10.75, 12.5], "texture": "#3"},
				"down": {"uv": [2.75, 13, 2.5, 13.375], "texture": "#3"}
			}
		},
		{
			"name": "ВерхнийПлавникСередПраво",
			"from": [10.3, 11.0256, 2.27135],
			"to": [10.95, 12.2756, 4.79635],
			"rotation": {"angle": -22.5, "axis": "x", "origin": [8.5, 12.125, 3.3]},
			"faces": {
				"north": {"uv": [10.5, 14.75, 10.625, 15.125], "texture": "#3"},
				"east": {"uv": [11.25, 14.25, 11.875, 14.625], "texture": "#3"},
				"south": {"uv": [11.25, 14.75, 11.375, 15.125], "texture": "#3"},
				"west": {"uv": [3, 14.5, 3.625, 14.875], "texture": "#3"},
				"up": {"uv": [6.375, 15.375, 6.25, 14.75], "texture": "#3"},
				"down": {"uv": [9.375, 14.75, 9.25, 15.375], "texture": "#3"}
			}
		},
		{
			"name": "ВерхнийПлавникКонецПраво",
			"from": [10.4, 12.2256, 4.54635],
			"to": [10.85, 13.2256, 6.22135],
			"rotation": {"angle": -22.5, "axis": "x", "origin": [8.5, 13.225, 5.575]},
			"faces": {
				"north": {"uv": [12, 7.5, 12.125, 7.75], "texture": "#3"},
				"east": {"uv": [14.75, 5, 15.125, 5.25], "texture": "#3"},
				"south": {"uv": [3.25, 12.5, 3.375, 12.75], "texture": "#3"},
				"west": {"uv": [5.25, 14.75, 5.625, 15], "texture": "#3"},
				"up": {"uv": [11.625, 15.125, 11.5, 14.75], "texture": "#3"},
				"down": {"uv": [11.875, 14.75, 11.75, 15.125], "texture": "#3"}
			}
		},
		{
			"from": [6.475, 10.1, 2.575],
			"to": [6.475, 13.425, 9.075],
			"rotation": {"angle": 0, "axis": "y", "origin": [4.475, 10.3, 4.025]},
			"faces": {
				"north": {"uv": [0, 0, 0, 0.875], "texture": "#3"},
				"east": {"uv": [11.5, 11, 13.125, 11.875], "texture": "#3"},
				"south": {"uv": [0, 0, 0, 0.875], "texture": "#3"},
				"west": {"uv": [12, 0, 13.625, 0.875], "texture": "#3"},
				"up": {"uv": [0, 0, 0, 1.625], "texture": "#3"},
				"down": {"uv": [0, 0, 0, 1.625], "texture": "#3"}
			}
		},
		{
			"name": "ВерхнийПлавникНачалоЛево",
			"from": [6, 9.65971, 1.58649],
			"to": [6.95, 11.55971, 3.26149],
			"rotation": {"angle": 45, "axis": "x", "origin": [8.7, 11, 2.35]},
			"faces": {
				"north": {"uv": [3.25, 12, 3.5, 12.5], "texture": "#3"},
				"east": {"uv": [7.25, 14.5, 7.625, 15], "texture": "#3"},
				"south": {"uv": [12.5, 2.75, 12.75, 3.25], "texture": "#3"},
				"west": {"uv": [7.75, 14.5, 8.125, 15], "texture": "#3"},
				"up": {"uv": [11, 13.375, 10.75, 13], "texture": "#3"},
				"down": {"uv": [4.5, 13.25, 4.25, 13.625], "texture": "#3"}
			}
		},
		{
			"name": "ВерхнийПлавникСередЛево",
			"from": [6.15, 11.0256, 2.27135],
			"to": [6.8, 12.2756, 4.79635],
			"rotation": {"angle": -22.5, "axis": "x", "origin": [8.5, 12.125, 3.3]},
			"faces": {
				"north": {"uv": [12, 14.75, 12.125, 15.125], "texture": "#3"},
				"east": {"uv": [14.5, 5.75, 15.125, 6.125], "texture": "#3"},
				"south": {"uv": [12.25, 14.75, 12.375, 15.125], "texture": "#3"},
				"west": {"uv": [6.5, 14.5, 7.125, 14.875], "texture": "#3"},
				"up": {"uv": [14.875, 9.875, 14.75, 9.25], "texture": "#3"},
				"down": {"uv": [9.625, 14.75, 9.5, 15.375], "texture": "#3"}
			}
		},
		{
			"name": "ВерхнийПлавникКонецЛево",
			"from": [6.25, 12.2256, 4.54635],
			"to": [6.7, 13.2256, 6.22135],
			"rotation": {"angle": -22.5, "axis": "x", "origin": [8.5, 13.225, 5.575]},
			"faces": {
				"north": {"uv": [13.25, 8.25, 13.375, 8.5], "texture": "#3"},
				"east": {"uv": [14.75, 5.25, 15.125, 5.5], "texture": "#3"},
				"south": {"uv": [13.75, 3.25, 13.875, 3.5], "texture": "#3"},
				"west": {"uv": [14.75, 5.5, 15.125, 5.75], "texture": "#3"},
				"up": {"uv": [12.625, 15.125, 12.5, 14.75], "texture": "#3"},
				"down": {"uv": [12.875, 14.75, 12.75, 15.125], "texture": "#3"}
			}
		},
		{
			"name": "антенна-Лево",
			"from": [5.975, 10.87373, -13.79439],
			"to": [5.975, 17.87373, -10.79439],
			"rotation": {"angle": -22.5, "axis": "y", "origin": [5.975, 14.35, -12.65]},
			"faces": {
				"north": {"uv": [0, 0, 0, 1.75], "texture": "#3"},
				"east": {"uv": [12, 1, 12.75, 2.75], "texture": "#3"},
				"south": {"uv": [0, 0, 0, 1.75], "texture": "#3"},
				"west": {"uv": [5.5, 12, 6.25, 13.75], "texture": "#3"},
				"up": {"uv": [0, 0.75, 0, 0], "texture": "#3"},
				"down": {"uv": [0, 0, 0, 0.75], "texture": "#3"}
			}
		},
		{
			"name": "антенна-Право",
			"from": [11.025, 10.87373, -13.79439],
			"to": [11.025, 17.87373, -10.79439],
			"rotation": {"angle": 22.5, "axis": "y", "origin": [11.025, 14.35, -12.65]},
			"faces": {
				"north": {"uv": [0, 0, 0, 1.75], "texture": "#3"},
				"east": {"uv": [6.25, 12, 5.5, 13.75], "texture": "#3"},
				"south": {"uv": [0, 0, 0, 1.75], "texture": "#3"},
				"west": {"uv": [12.75, 1, 12, 2.75], "texture": "#3"},
				"up": {"uv": [0, 0, 0, 0.75], "texture": "#3"},
				"down": {"uv": [0, 0, 0, 0.75], "texture": "#3"}
			}
		},
		{
			"name": "АнтенаШарикЛево",
			"from": [5.425, 15.25, -13.975],
			"to": [7, 16.85, -12.3],
			"rotation": {"angle": 0, "axis": "y", "origin": [5.925, 15.675, -13.05]},
			"faces": {
				"north": {"uv": [14, 14.5, 14.375, 14.875], "texture": "#3"},
				"east": {"uv": [14.5, 14, 14.875, 14.375], "texture": "#3"},
				"south": {"uv": [14.5, 14.5, 14.875, 14.875], "texture": "#3"},
				"west": {"uv": [0, 14.75, 0.375, 15.125], "texture": "#3"},
				"up": {"uv": [15.125, 0.375, 14.75, 0], "texture": "#3"},
				"down": {"uv": [1.375, 14.75, 1, 15.125], "texture": "#3"}
			}
		},
		{
			"name": "АнтенаШарикПраво",
			"from": [10, 15.25, -13.975],
			"to": [11.575, 16.85, -12.3],
			"rotation": {"angle": 0, "axis": "y", "origin": [10.8, 15.85, -13.175]},
			"faces": {
				"north": {"uv": [1.5, 14.75, 1.875, 15.125], "texture": "#3"},
				"east": {"uv": [14.75, 1.5, 15.125, 1.875], "texture": "#3"},
				"south": {"uv": [2, 14.75, 2.375, 15.125], "texture": "#3"},
				"west": {"uv": [14.75, 2, 15.125, 2.375], "texture": "#3"},
				"up": {"uv": [15.125, 2.875, 14.75, 2.5], "texture": "#3"},
				"down": {"uv": [4.625, 14.75, 4.25, 15.125], "texture": "#3"}
			}
		},
		{
			"name": "Хвост",
			"from": [5.3, 3.125, 9.925],
			"to": [9.8, 10.125, 20.925],
			"rotation": {"angle": -22.5, "axis": "y", "origin": [7.3, 6.5, 14.175]},
			"faces": {
				"north": {"uv": [11, 4.75, 12.125, 6.5], "texture": "#3"},
				"east": {"uv": [6.5, 1.5, 9.25, 3.25], "texture": "#3"},
				"south": {"uv": [11, 9.25, 12.125, 11], "texture": "#3"},
				"west": {"uv": [7, 3.25, 9.75, 5], "texture": "#3"},
				"up": {"uv": [7.875, 12.75, 6.75, 10], "texture": "#3"},
				"down": {"uv": [9.125, 10, 8, 12.75], "texture": "#3"}
			}
		},
		{
			"name": "ХвостВерхн-конец",
			"from": [5.35, 1.94497, 18.93218],
			"to": [7.5, 6.94497, 31.93218],
			"rotation": {"angle": -22.5, "axis": "x", "origin": [6.175, 6.525, 6.625]},
			"faces": {
				"north": {"uv": [0.5, 12.75, 1, 14], "texture": "#3"},
				"east": {"uv": [4, 8.75, 7.25, 10], "texture": "#3"},
				"south": {"uv": [1, 12.75, 1.5, 14], "texture": "#3"},
				"west": {"uv": [7.25, 8.75, 10.5, 10], "texture": "#3"},
				"up": {"uv": [11.5, 14.25, 11, 11], "texture": "#3"},
				"down": {"uv": [12, 0, 11.5, 3.25], "texture": "#3"}
			}
		},
		{
			"name": "Хвост-конец",
			"from": [5.325, 2.75, 18.85],
			"to": [7.525, 9.75, 29.85],
			"rotation": {"angle": 0, "axis": "y", "origin": [6.175, 6.5, 6.675]},
			"faces": {
				"north": {"uv": [9.25, 1.5, 9.75, 3.25], "texture": "#3"},
				"east": {"uv": [4, 7, 6.75, 8.75], "texture": "#3"},
				"south": {"uv": [6.25, 12, 6.75, 13.75], "texture": "#3"},
				"west": {"uv": [6.75, 7, 9.5, 8.75], "texture": "#3"},
				"up": {"uv": [3.25, 14.25, 2.75, 11.5], "texture": "#3"},
				"down": {"uv": [5.5, 12, 5, 14.75], "texture": "#3"}
			}
		},
		{
			"name": "ХвостНижнийПереход",
			"from": [5.45, 2.725, 29.6],
			"to": [7.4, 3.525, 31.15],
			"rotation": {"angle": 0, "axis": "y", "origin": [6.175, 6.5, 6.675]},
			"faces": {
				"north": {"uv": [12.75, 4.5, 13.25, 4.75], "texture": "#3"},
				"east": {"uv": [5.75, 14.75, 6.125, 15], "texture": "#3"},
				"south": {"uv": [13.5, 6.25, 14, 6.5], "texture": "#3"},
				"west": {"uv": [14.75, 7, 15.125, 7.25], "texture": "#3"},
				"up": {"uv": [8.75, 14.875, 8.25, 14.5], "texture": "#3"},
				"down": {"uv": [15, 8.25, 14.5, 8.625], "texture": "#3"}
			}
		},
		{
			"name": "ХвостНижнийУгол",
			"from": [5.475, -5.62276, 26.14271],
			"to": [7.375, -1.37276, 28.14271],
			"rotation": {"angle": -22.5, "axis": "x", "origin": [6.175, 6.5, 6.675]},
			"faces": {
				"north": {"uv": [13.25, 4.5, 13.75, 5.625], "texture": "#3"},
				"east": {"uv": [13.25, 7, 13.75, 8.125], "texture": "#3"},
				"south": {"uv": [9.25, 13.25, 9.75, 14.375], "texture": "#3"},
				"west": {"uv": [13.25, 9.25, 13.75, 10.375], "texture": "#3"},
				"up": {"uv": [2.25, 5, 1.75, 4.5], "texture": "#3"},
				"down": {"uv": [4.5, 5, 4, 5.5], "texture": "#3"}
			}
		},
		{
			"name": "ХвостПереходВерхний",
			"from": [5.425, 4.80205, 14.57473],
			"to": [7.425, 6.87705, 18.99973],
			"rotation": {"angle": -22.5, "axis": "x", "origin": [6.175, 6.5, 6.675]},
			"faces": {
				"north": {"uv": [12, 2.75, 12.5, 3.25], "texture": "#3"},
				"east": {"uv": [13.25, 10.5, 14.375, 11], "texture": "#3"},
				"south": {"uv": [12.75, 7, 13.25, 7.5], "texture": "#3"},
				"west": {"uv": [13.25, 11, 14.375, 11.5], "texture": "#3"},
				"up": {"uv": [10.25, 14.375, 9.75, 13.25], "texture": "#3"},
				"down": {"uv": [14, 11.5, 13.5, 12.625], "texture": "#3"}
			}
		},
		{
			"name": "ХвостВерхнийУгол",
			"from": [5.45, 15.82, 23.12133],
			"to": [7.4, 21.145, 27.79633],
			"rotation": {"angle": 22.5, "axis": "x", "origin": [6.175, 6.5, 6.675]},
			"faces": {
				"north": {"uv": [10.25, 12.5, 10.75, 13.875], "texture": "#3"},
				"east": {"uv": [1.5, 11.5, 2.625, 12.875], "texture": "#3"},
				"south": {"uv": [0, 12.75, 0.5, 14.125], "texture": "#3"},
				"west": {"uv": [11.5, 3.25, 12.625, 4.625], "texture": "#3"},
				"up": {"uv": [14, 13.875, 13.5, 12.75], "texture": "#3"},
				"down": {"uv": [14.25, 0, 13.75, 1.125], "texture": "#3"}
			}
		},
		{
			"name": "ПереднЛапа-Право",
			"from": [11.675, -0.74941, -3.88686],
			"to": [13.675, 4.25059, -2.41186],
			"rotation": {"angle": -45, "axis": "x", "origin": [7.525, 0.175, -3.525]},
			"faces": {
				"north": {"uv": [13.25, 2.25, 12.75, 1], "rotation": 180, "texture": "#3"},
				"east": {"uv": [13.75, 7.5, 15, 7.875], "rotation": 90, "texture": "#3"},
				"south": {"uv": [13.25, 2.25, 12.75, 3.5], "texture": "#3"},
				"west": {"uv": [14, 3.25, 15.25, 3.625], "rotation": 270, "texture": "#3"},
				"up": {"uv": [14.5, 8.75, 15, 9.125], "texture": "#3"},
				"down": {"uv": [8.75, 14.5, 9.25, 14.875], "rotation": 180, "texture": "#3"}
			}
		},
		{
			"name": "ПереднЛапа-Плечо-Право",
			"from": [11.975, 3.08934, -10.62856],
			"to": [13.975, 4.86434, -5.62856],
			"rotation": {"angle": 22.5, "axis": "x", "origin": [13.225, 3.925, -8.275]},
			"faces": {
				"north": {"uv": [13, 14, 13.5, 14.5], "rotation": 180, "texture": "#3"},
				"east": {"uv": [3.25, 12.75, 4.5, 13.25], "rotation": 180, "texture": "#3"},
				"south": {"uv": [14, 12.5, 14.5, 13], "rotation": 180, "texture": "#3"},
				"west": {"uv": [12.75, 3.5, 14, 4], "rotation": 180, "texture": "#3"},
				"up": {"uv": [7.25, 12.75, 6.75, 14], "texture": "#3"},
				"down": {"uv": [5, 14, 4.5, 12.75], "texture": "#3"}
			}
		},
		{
			"name": "ПереднЛапа-Когти-Право",
			"from": [10.675, -0.825, -3.025],
			"to": [14.675, 0.175, -0.025],
			"rotation": {"angle": 0, "axis": "x", "origin": [7.525, -0.825, -3.275]},
			"faces": {
				"north": {"uv": [11, 7.5, 12, 7.75], "rotation": 180, "texture": "#3"},
				"east": {"uv": [14.25, 10, 15, 10.25], "rotation": 180, "texture": "#3"},
				"south": {"uv": [9.75, 4.75, 10.75, 5], "rotation": 180, "texture": "#3"},
				"west": {"uv": [9.25, 14.5, 10, 14.75], "rotation": 180, "texture": "#3"},
				"up": {"uv": [13.25, 10, 12.25, 10.75], "texture": "#3"},
				"down": {"uv": [13.25, 10, 12.25, 9.25], "texture": "#3"}
			}
		},
		{
			"name": "ПереднЛапа-Лево",
			"from": [3.275, -0.92441, -3.86186],
			"to": [5.275, 4.07559, -2.38686],
			"rotation": {"angle": -45, "axis": "x", "origin": [8.525, 0, -3.5]},
			"faces": {
				"north": {"uv": [7.75, 14, 7.25, 12.75], "rotation": 180, "texture": "#3"},
				"east": {"uv": [14, 3.75, 15.25, 4.125], "rotation": 90, "texture": "#3"},
				"south": {"uv": [8.25, 12.75, 7.75, 14], "texture": "#3"},
				"west": {"uv": [14, 6.25, 15.25, 6.625], "rotation": 270, "texture": "#3"},
				"up": {"uv": [14.5, 11, 15, 11.375], "texture": "#3"},
				"down": {"uv": [14.5, 10.5, 15, 10.875], "rotation": 180, "texture": "#3"}
			}
		},
		{
			"name": "ПереднЛапа-Плечо-Лево",
			"from": [2.975, 2.79822, -10.98744],
			"to": [4.975, 4.57322, -5.98744],
			"rotation": {"angle": 22.5, "axis": "x", "origin": [4.225, 2.75, -7.75]},
			"faces": {
				"north": {"uv": [13.5, 14, 14, 14.5], "rotation": 180, "texture": "#3"},
				"east": {"uv": [12.75, 4, 14, 4.5], "rotation": 180, "texture": "#3"},
				"south": {"uv": [14, 13, 14.5, 13.5], "rotation": 180, "texture": "#3"},
				"west": {"uv": [12.75, 6.5, 14, 7], "rotation": 180, "texture": "#3"},
				"up": {"uv": [9.25, 12.75, 8.75, 14], "texture": "#3"},
				"down": {"uv": [8.75, 14, 8.25, 12.75], "texture": "#3"}
			}
		},
		{
			"name": "ПереднЛапа-Когти-Лево",
			"from": [2.275, -1, -3],
			"to": [6.275, 0, 0],
			"rotation": {"angle": 0, "axis": "x", "origin": [8.525, -1, -3.25]},
			"faces": {
				"north": {"uv": [13.75, 5.5, 14.75, 5.75], "rotation": 180, "texture": "#3"},
				"east": {"uv": [14.5, 12.5, 15.25, 12.75], "rotation": 180, "texture": "#3"},
				"south": {"uv": [12.25, 10.75, 13.25, 11], "rotation": 180, "texture": "#3"},
				"west": {"uv": [14.5, 12.75, 15.25, 13], "rotation": 180, "texture": "#3"},
				"up": {"uv": [13.5, 12, 12.5, 12.75], "texture": "#3"},
				"down": {"uv": [10.25, 13.25, 9.25, 12.5], "texture": "#3"}
			}
		},
		{
			"name": "ЗаднЛапа-Право",
			"from": [12.06201, 5.8, 10.31791],
			"to": [13.76201, 7.8, 15.31791],
			"rotation": {"angle": 22.5, "axis": "z", "origin": [13.775, 6.55, 13.625]},
			"faces": {
				"north": {"uv": [13, 14.5, 13.5, 14.875], "rotation": 270, "texture": "#3"},
				"east": {"uv": [13, 14, 12.5, 12.75], "rotation": 90, "texture": "#3"},
				"south": {"uv": [14.5, 13, 15, 13.375], "rotation": 90, "texture": "#3"},
				"west": {"uv": [2, 13, 1.5, 14.25], "rotation": 90, "texture": "#3"},
				"up": {"uv": [7.75, 14, 9, 14.375], "rotation": 90, "texture": "#3"},
				"down": {"uv": [6.5, 14, 7.75, 14.375], "rotation": 90, "texture": "#3"}
			}
		},
		{
			"name": "ЗаднЛапа-Бедр-Право",
			"from": [11.625, 5.73744, 6.32322],
			"to": [13.625, 7.73744, 10.32322],
			"rotation": {"angle": 0, "axis": "y", "origin": [12.875, 6.5, 8.25]},
			"faces": {
				"north": {"uv": [14, 13.5, 14.5, 14], "texture": "#3"},
				"east": {"uv": [13.5, 5.75, 14.5, 6.25], "texture": "#3"},
				"south": {"uv": [14, 14, 14.5, 14.5], "texture": "#3"},
				"west": {"uv": [13.5, 8.25, 14.5, 8.75], "texture": "#3"},
				"up": {"uv": [14.25, 2.25, 13.75, 1.25], "texture": "#3"},
				"down": {"uv": [14.25, 2.25, 13.75, 3.25], "texture": "#3"}
			}
		},
		{
			"name": "ЗаднЛапа-Когти-Право",
			"from": [11.525, 4.2, 14.7],
			"to": [12.525, 8.2, 18.7],
			"rotation": {"angle": -22.5, "axis": "y", "origin": [12.025, 6.45, 16.7]},
			"faces": {
				"north": {"uv": [13.75, 8, 14.75, 8.25], "rotation": 270, "texture": "#3"},
				"east": {"uv": [10.5, 8.75, 9.5, 7.75], "rotation": 90, "texture": "#3"},
				"south": {"uv": [14, 4.25, 15, 4.5], "rotation": 90, "texture": "#3"},
				"west": {"uv": [12.5, 12, 11.5, 13], "rotation": 90, "texture": "#3"},
				"up": {"uv": [14, 6.75, 15, 7], "rotation": 90, "texture": "#3"},
				"down": {"uv": [13.75, 10.25, 14.75, 10.5], "rotation": 90, "texture": "#3"}
			}
		},
		{
			"name": "ЗаднЛапа-Лево",
			"from": [2.28799, 5.8, 9.54291],
			"to": [3.98799, 7.8, 14.54291],
			"rotation": {"angle": -22.5, "axis": "z", "origin": [2.275, 7, 12.85]},
			"faces": {
				"north": {"uv": [13.5, 14.5, 14, 14.875], "rotation": 90, "texture": "#3"},
				"east": {"uv": [12, 13, 11.5, 14.25], "rotation": 270, "texture": "#3"},
				"south": {"uv": [14.5, 13.5, 15, 13.875], "rotation": 270, "texture": "#3"},
				"west": {"uv": [2.5, 14.25, 2, 13], "rotation": 270, "texture": "#3"},
				"up": {"uv": [14, 11.5, 15.25, 11.875], "rotation": 270, "texture": "#3"},
				"down": {"uv": [14, 12, 15.25, 12.375], "rotation": 270, "texture": "#3"}
			}
		},
		{
			"name": "ЗаднЛапа-Бедр-Лево",
			"from": [3.475, 5.73744, 6.07322],
			"to": [5.475, 7.73744, 10.07322],
			"rotation": {"angle": -22.5, "axis": "y", "origin": [4.225, 6.5, 8]},
			"faces": {
				"north": {"uv": [0, 14.25, 0.5, 14.75], "texture": "#3"},
				"east": {"uv": [13.5, 8.75, 14.5, 9.25], "texture": "#3"},
				"south": {"uv": [14.25, 0, 14.75, 0.5], "texture": "#3"},
				"west": {"uv": [13.75, 4.5, 14.75, 5], "texture": "#3"},
				"up": {"uv": [6, 14.75, 5.5, 13.75], "texture": "#3"},
				"down": {"uv": [6.5, 13.75, 6, 14.75], "texture": "#3"}
			}
		},
		{
			"name": "ЗаднЛапа-Когти-Лево",
			"from": [2.475, 4.5, 13.475],
			"to": [3.475, 8.5, 17.475],
			"rotation": {"angle": 0, "axis": "y", "origin": [2.975, 6.25, 15.725]},
			"faces": {
				"north": {"uv": [14.25, 0.5, 15.25, 0.75], "rotation": 90, "texture": "#3"},
				"east": {"uv": [13.25, 7.5, 12.25, 8.5], "rotation": 270, "texture": "#3"},
				"south": {"uv": [14.25, 1, 15.25, 1.25], "rotation": 270, "texture": "#3"},
				"west": {"uv": [13.25, 5.75, 12.25, 4.75], "rotation": 270, "texture": "#3"},
				"up": {"uv": [14.25, 0.75, 15.25, 1], "rotation": 270, "texture": "#3"},
				"down": {"uv": [14.25, 1.25, 15.25, 1.5], "rotation": 270, "texture": "#3"}
			}
		},
		{
			"name": "СреднПлавн-Плечо-Право",
			"from": [11.9468, 4.3256, -3.24372],
			"to": [13.9468, 6.3256, 1.75628],
			"rotation": {"angle": 45, "axis": "y", "origin": [12.775, 5.25, -1]},
			"faces": {
				"north": {"uv": [2, 14.75, 1.5, 14.25], "rotation": 180, "texture": "#3"},
				"east": {"uv": [13, 12.75, 13.5, 14], "rotation": 90, "texture": "#3"},
				"south": {"uv": [14.75, 1.5, 14.25, 2], "texture": "#3"},
				"west": {"uv": [13.25, 2.25, 13.75, 3.5], "rotation": 270, "texture": "#3"},
				"up": {"uv": [13.25, 1, 13.75, 2.25], "texture": "#3"},
				"down": {"uv": [12, 13, 12.5, 14.25], "rotation": 180, "texture": "#3"}
			}
		},
		{
			"name": "СреднПлавник-Право",
			"from": [13.75, 4, 0],
			"to": [15.525, 7, 5],
			"rotation": {"angle": 0, "axis": "y", "origin": [14.775, 5.25, 5]},
			"faces": {
				"north": {"uv": [10.25, 14, 10.75, 14.75], "texture": "#3"},
				"east": {"uv": [12.25, 5.75, 13.5, 6.5], "texture": "#3"},
				"south": {"uv": [12.5, 14, 13, 14.75], "texture": "#3"},
				"west": {"uv": [12.25, 8.5, 13.5, 9.25], "texture": "#3"},
				"up": {"uv": [3.75, 14.5, 3.25, 13.25], "texture": "#3"},
				"down": {"uv": [4.25, 13.25, 3.75, 14.5], "texture": "#3"}
			}
		},
		{
			"name": "СреднПлавн-Серед-Право",
			"from": [13.75, 4, 5],
			"to": [15.525, 6, 9],
			"rotation": {"angle": 0, "axis": "y", "origin": [14.775, 5.25, 5]},
			"faces": {
				"north": {"uv": [2, 14.25, 2.5, 14.75], "texture": "#3"},
				"east": {"uv": [13.75, 5, 14.75, 5.5], "texture": "#3"},
				"south": {"uv": [14.25, 2, 14.75, 2.5], "texture": "#3"},
				"west": {"uv": [13.75, 7, 14.75, 7.5], "texture": "#3"},
				"up": {"uv": [14.25, 10.25, 13.75, 9.25], "texture": "#3"},
				"down": {"uv": [1, 14, 0.5, 15], "texture": "#3"}
			}
		},
		{
			"name": "СреднПлавн-Кончик-Право",
			"from": [13.75, 4, 9],
			"to": [15.525, 5, 10],
			"rotation": {"angle": 0, "axis": "y", "origin": [14.775, 5.25, 5]},
			"faces": {
				"north": {"uv": [14.75, 3, 15.25, 3.25], "texture": "#3"},
				"east": {"uv": [10.75, 4.75, 11, 5], "texture": "#3"},
				"south": {"uv": [14.75, 4.5, 15.25, 4.75], "texture": "#3"},
				"west": {"uv": [11.25, 2.5, 11.5, 2.75], "texture": "#3"},
				"up": {"uv": [5.25, 15, 4.75, 14.75], "texture": "#3"},
				"down": {"uv": [15.25, 4.75, 14.75, 5], "texture": "#3"}
			}
		},
		{
			"name": "СреднПлавник-Лево",
			"from": [-0.525, 3.5, -0.25],
			"to": [1.25, 6.5, 4.75],
			"rotation": {"angle": -22.5, "axis": "y", "origin": [0.225, 4.75, 4.75]},
			"faces": {
				"north": {"uv": [10.25, 14, 10.75, 14.75], "texture": "#3"},
				"east": {"uv": [12.25, 8.5, 13.5, 9.25], "texture": "#3"},
				"south": {"uv": [12.5, 14, 13, 14.75], "texture": "#3"},
				"west": {"uv": [12.25, 5.75, 13.5, 6.5], "texture": "#3"},
				"up": {"uv": [3.75, 14.5, 3.25, 13.25], "texture": "#3"},
				"down": {"uv": [4.25, 13.25, 3.75, 14.5], "texture": "#3"}
			}
		},
		{
			"name": "СреднПлавн-Серед-Лево",
			"from": [-0.525, 3.5, 4.75],
			"to": [1.25, 5.5, 8.75],
			"rotation": {"angle": -22.5, "axis": "y", "origin": [0.225, 4.75, 4.75]},
			"faces": {
				"north": {"uv": [2, 14.25, 2.5, 14.75], "texture": "#3"},
				"east": {"uv": [13.75, 7, 14.75, 7.5], "texture": "#3"},
				"south": {"uv": [14.25, 2, 14.75, 2.5], "texture": "#3"},
				"west": {"uv": [13.75, 5, 14.75, 5.5], "texture": "#3"},
				"up": {"uv": [14.25, 10.25, 13.75, 9.25], "texture": "#3"},
				"down": {"uv": [1, 14, 0.5, 15], "texture": "#3"}
			}
		},
		{
			"name": "СреднПлавн-Кончик-Лево",
			"from": [-0.525, 3.5, 8.75],
			"to": [1.25, 4.5, 9.75],
			"rotation": {"angle": -22.5, "axis": "y", "origin": [0.225, 4.75, 4.75]},
			"faces": {
				"north": {"uv": [14.75, 3, 15.25, 3.25], "texture": "#3"},
				"east": {"uv": [11.25, 2.5, 11.5, 2.75], "texture": "#3"},
				"south": {"uv": [14.75, 4.5, 15.25, 4.75], "texture": "#3"},
				"west": {"uv": [10.75, 4.75, 11, 5], "texture": "#3"},
				"up": {"uv": [5.25, 15, 4.75, 14.75], "texture": "#3"},
				"down": {"uv": [15.25, 4.75, 14.75, 5], "texture": "#3"}
			}
		},
		{
			"name": "СреднПлавн-Плечо-Лево",
			"from": [1.36898, 4.0756, -2.05736],
			"to": [6.36898, 6.0756, -0.05736],
			"rotation": {"angle": 45, "axis": "y", "origin": [4.025, 5, -1]},
			"faces": {
				"north": {"uv": [13, 12.75, 13.5, 14], "rotation": 270, "texture": "#3"},
				"east": {"uv": [2, 14.75, 1.5, 14.25], "rotation": 180, "texture": "#3"},
				"south": {"uv": [13.25, 2.25, 13.75, 3.5], "rotation": 90, "texture": "#3"},
				"west": {"uv": [14.75, 1.5, 14.25, 2], "texture": "#3"},
				"up": {"uv": [13.25, 1, 13.75, 2.25], "rotation": 90, "texture": "#3"},
				"down": {"uv": [12, 13, 12.5, 14.25], "rotation": 90, "texture": "#3"}
			}
		}
	],
	"display": {
		"thirdperson_righthand": {
			"rotation": [-168.81, 74.51, 171.25],
			"translation": [0, 5.5, 3.5],
			"scale": [0.81641, 0.81641, 0.81641]
		},
		"thirdperson_lefthand": {
			"translation": [0, 2, 2.75],
			"scale": [0.28711, 0.28711, 0.28711]
		},
		"ground": {
			"scale": [0.5, 0.5, 0.5]
		},
		"gui": {
			"rotation": [-180, 1.5, -180]
		},
		"head": {
			"translation": [0, -34.5, -33],
			"scale": [1.27539, 1.27539, 1.27539]
		},
		"fixed": {
			"rotation": [0, 90, 0],
			"scale": [0.41211, 0.41211, 0.41211]
		}
	},
	"groups": [
		{
			"name": "nairana",
			"origin": [8, 8, 8],
			"color": 0,
			"children": [
				{
					"name": "ОсновноеТело",
					"origin": [8, 8, 8],
					"color": 0,
					"children": [
						0,
						1,
						2,
						{
							"name": "ПлавникиАнтены",
							"origin": [8, 8, 8],
							"color": 0,
							"children": [
								{
									"name": "Лево",
									"origin": [8, 8, 8],
									"color": 0,
									"children": [3, 4, 5, 6]
								},
								{
									"name": "Право",
									"origin": [8, 8, 8],
									"color": 0,
									"children": [7, 8]
								}
							]
						},
						{
							"name": "ПлавникиСредние",
							"origin": [8, 8, 8],
							"color": 0,
							"children": [
								{
									"name": "Право",
									"origin": [8, 8, 8],
									"color": 0,
									"children": [9, 10, 11, 12]
								},
								{
									"name": "Лево",
									"origin": [8, 8, 8],
									"color": 0,
									"children": [13, 14, 15, 16]
								}
							]
						},
						{
							"name": "Антены",
							"origin": [8, 8, 8],
							"color": 0,
							"children": [17, 18, 19, 20]
						},
						{
							"name": "Хвост",
							"origin": [8, 8, 8],
							"color": 0,
							"children": [21, 22, 23, 24, 25, 26, 27]
						}
					]
				},
				{
					"name": "ПередниеЛапы",
					"origin": [8, 8, 8],
					"color": 0,
					"children": [
						{
							"name": "ПереднПраваяЛапа",
							"origin": [8, 8, 8],
							"color": 0,
							"children": [28, 29, 30]
						},
						{
							"name": "ПереднЛеваяЛапа",
							"origin": [8, 8, 8],
							"color": 0,
							"children": [31, 32, 33]
						}
					]
				},
				{
					"name": "ЗадниеЛапы",
					"origin": [8, 8, 8],
					"color": 0,
					"children": [
						{
							"name": "ЗадняяПраваяЛапа",
							"origin": [8, 8, 8],
							"color": 0,
							"children": [34, 35, 36]
						},
						{
							"name": "ЗадняяЛеваяЛапа",
							"origin": [8, 8, 8],
							"color": 0,
							"children": [37, 38, 39]
						}
					]
				},
				{
					"name": "СредниеПлавники",
					"origin": [8, 8, 8],
					"color": 0,
					"children": [
						{
							"name": "СреднийПлавникПраво",
							"origin": [8, 8, 8],
							"color": 0,
							"children": [40, 41, 42, 43]
						},
						{
							"name": "СреднийПлавникЛево",
							"origin": [8, 8, 8],
							"color": 0,
							"children": [44, 45, 46, 47]
						}
					]
				}
			]
		}
	]
}