{
	"credit": "Made with Blockbench",
	"texture_size": [64, 64],
	"textures": {
		"3": "NeiranaTDefolt"
	},
	"elements": [
		{
			"name": "Голова",
			"from": [3.675, 3.48255, -15.64857],
			"to": [12.675, 12.48255, -5.64857],
			"rotation": {"angle": -22.5, "axis": "x", "origin": [7.925, 12, -9.5]},
			"faces": {
				"north": {"uv": [4.75, 3.25, 7, 5.5], "texture": "#3"},
				"east": {"uv": [0, 0, 2.5, 2.25], "texture": "#3"},
				"south": {"uv": [1.75, 5, 4, 7.25], "texture": "#3"},
				"west": {"uv": [0, 2.25, 2.5, 4.5], "texture": "#3"},
				"up": {"uv": [4.75, 2.5, 2.5, 0], "texture": "#3"},
				"down": {"uv": [4.75, 2.5, 2.5, 5], "texture": "#3"}
			}
		},
		{
			"name": "Туловище-Хвост",
			"from": [4.625, 2, -2],
			"to": [11.325, 8, 11],
			"rotation": {"angle": 0, "axis": "y", "origin": [7.725, 4, 6.25]},
			"faces": {
				"north": {"uv": [9.25, 10, 10.875, 11.5], "texture": "#3"},
				"east": {"uv": [4, 5.5, 7.25, 7], "texture": "#3"},
				"south": {"uv": [10.5, 7.75, 12.125, 9.25], "texture": "#3"},
				"west": {"uv": [6.5, 0, 9.75, 1.5], "texture": "#3"},
				"up": {"uv": [1.625, 7.75, 0, 4.5], "texture": "#3"},
				"down": {"uv": [6.375, 0, 4.75, 3.25], "texture": "#3"}
			}
		},
		{
			"name": "Тело",
			"from": [4.675, -1.51682, -9.28959],
			"to": [11.825, 6.65818, -0.28959],
			"rotation": {"angle": 22.5, "axis": "x", "origin": [8, 4, 6.25]},
			"faces": {
				"north": {"uv": [9.75, 2.75, 11.5, 4.75], "texture": "#3"},
				"east": {"uv": [1.75, 7.25, 4, 9.25], "texture": "#3"},
				"south": {"uv": [5, 10, 6.75, 12], "texture": "#3"},
				"west": {"uv": [7.25, 5, 9.5, 7], "texture": "#3"},
				"up": {"uv": [1.75, 10, 0, 7.75], "texture": "#3"},
				"down": {"uv": [3.5, 9.25, 1.75, 11.5], "texture": "#3"}
			}
		},
		{
			"name": "ЛевоПлавникКреплАнтена1",
			"from": [4.875, 14.94385, -9.8323],
			"to": [5.6, 17.44385, -8.4073],
			"rotation": {"angle": 22.5, "axis": "x", "origin": [7.925, 12, -9.5]},
			"faces": {
				"north": {"uv": [2.5, 13.5, 2.625, 14.125], "texture": "#3"},
				"east": {"uv": [2.5, 14.25, 2.875, 14.875], "texture": "#3"},
				"south": {"uv": [10.75, 13.5, 10.875, 14.125], "texture": "#3"},
				"west": {"uv": [14.25, 2.5, 14.625, 3.125], "texture": "#3"},
				"up": {"uv": [13.375, 11.875, 13.25, 11.5], "texture": "#3"},
				"down": {"uv": [9.125, 14, 9, 14.375], "texture": "#3"}
			}
		},
		{
			"name": "ЛевоПлавникКреплАнтена2",
			"from": [4.775, 11.92482, -10.33477],
			"to": [5.7, 14.92482, -8.33477],
			"rotation": {"angle": 22.5, "axis": "x", "origin": [7.925, 12, -9.5]},
			"faces": {
				"north": {"uv": [1.5, 10, 1.75, 10.75], "texture": "#3"},
				"east": {"uv": [3.5, 9.25, 4, 10], "texture": "#3"},
				"south": {"uv": [1.5, 10.75, 1.75, 11.5], "texture": "#3"},
				"west": {"uv": [10.5, 9.25, 11, 10], "texture": "#3"},
				"up": {"uv": [2.5, 5, 2.25, 4.5], "texture": "#3"},
				"down": {"uv": [4.75, 5, 4.5, 5.5], "texture": "#3"}
			}
		},
		{
			"from": [5.225, 11.075, -9.075],
			"to": [5.225, 21.65, -3.7],
			"rotation": {"angle": 0, "axis": "y", "origin": [7.925, 12, -9.5]},
			"faces": {
				"north": {"uv": [0, 0, 0, 2.625], "texture": "#3"},
				"east": {"uv": [9.5, 5, 10.875, 7.625], "texture": "#3"},
				"south": {"uv": [0, 0, 0, 2.625], "texture": "#3"},
				"west": {"uv": [9.75, 0, 11.125, 2.625], "texture": "#3"},
				"up": {"uv": [0, 1.375, 0, 0], "texture": "#3"},
				"down": {"uv": [0, 0, 0, 1.375], "texture": "#3"}
			}
		},
		{
			"from": [11.175, 11.075, -9.075],
			"to": [11.175, 21.65, -3.7],
			"rotation": {"angle": 0, "axis": "y", "origin": [7.925, 12, -9.5]},
			"faces": {
				"north": {"uv": [0, 0, 0, 2.625], "texture": "#3"},
				"east": {"uv": [0, 10, 1.375, 12.625], "texture": "#3"},
				"south": {"uv": [0, 0, 0, 2.625], "texture": "#3"},
				"west": {"uv": [3.5, 10, 4.875, 12.625], "texture": "#3"},
				"up": {"uv": [0, 0, 0, 1.375], "texture": "#3"},
				"down": {"uv": [0, 0, 0, 1.375], "texture": "#3"}
			}
		},
		{
			"name": "ПравоПлавникКреплАнтена2",
			"from": [10.7, 11.92482, -10.33477],
			"to": [11.625, 14.92482, -8.33477],
			"rotation": {"angle": 22.5, "axis": "x", "origin": [7.925, 12, -9.5]},
			"faces": {
				"north": {"uv": [11.25, 0, 11.5, 0.75], "texture": "#3"},
				"east": {"uv": [1, 14, 1.5, 14.75], "texture": "#3"},
				"south": {"uv": [11.25, 0.75, 11.5, 1.5], "texture": "#3"},
				"west": {"uv": [4.25, 14, 4.75, 14.75], "texture": "#3"},
				"up": {"uv": [7.25, 5.5, 7, 5], "texture": "#3"},
				"down": {"uv": [11.5, 1.5, 11.25, 2], "texture": "#3"}
			}
		},
		{
			"name": "ПравоПлавникКреплАнтена1",
			"from": [10.8, 14.94385, -9.8323],
			"to": [11.525, 17.44385, -8.4073],
			"rotation": {"angle": 22.5, "axis": "x", "origin": [7.925, 12, -9.5]},
			"faces": {
				"north": {"uv": [4.75, 14, 4.875, 14.625], "texture": "#3"},
				"east": {"uv": [14.25, 9.25, 14.625, 9.875], "texture": "#3"},
				"south": {"uv": [10, 14.5, 10.125, 15.125], "texture": "#3"},
				"west": {"uv": [10.75, 14.25, 11.125, 14.875], "texture": "#3"},
				"up": {"uv": [9.875, 15.125, 9.75, 14.75], "texture": "#3"},
				"down": {"uv": [10.375, 14.75, 10.25, 15.125], "texture": "#3"}
			}
		},
		{
			"from": [10.1, 7.6, 2.075],
			"to": [10.1, 10.925, 8.575],
			"rotation": {"angle": 0, "axis": "y", "origin": [12.1, 7.8, 3.525]},
			"faces": {
				"north": {"uv": [0, 0, 0, 0.875], "texture": "#3"},
				"east": {"uv": [11, 6.5, 12.625, 7.375], "texture": "#3"},
				"south": {"uv": [0, 0, 0, 0.875], "texture": "#3"},
				"west": {"uv": [9.25, 11.5, 10.875, 12.375], "texture": "#3"},
				"up": {"uv": [0, 1.625, 0, 0], "texture": "#3"},
				"down": {"uv": [0, 0, 0, 1.625], "texture": "#3"}
			}
		},
		{
			"name": "ВерхнийПлавникНачалоПраво",
			"from": [9.575, 7.15971, 1.08649],
			"to": [10.525, 9.05971, 2.76149],
			"rotation": {"angle": 45, "axis": "x", "origin": [8.125, 8.5, 1.85]},
			"faces": {
				"north": {"uv": [11.25, 2, 11.5, 2.5], "texture": "#3"},
				"east": {"uv": [12, 14.25, 12.375, 14.75], "texture": "#3"},
				"south": {"uv": [3.25, 11.5, 3.5, 12], "texture": "#3"},
				"west": {"uv": [3.75, 14.5, 4.125, 15], "texture": "#3"},
				"up": {"uv": [11, 12.875, 10.75, 12.5], "texture": "#3"},
				"down": {"uv": [2.75, 13, 2.5, 13.375], "texture": "#3"}
			}
		},
		{
			"name": "ВерхнийПлавникСередПраво",
			"from": [9.725, 8.5256, 1.77135],
			"to": [10.375, 9.7756, 4.29635],
			"rotation": {"angle": -22.5, "axis": "x", "origin": [7.925, 9.625, 2.8]},
			"faces": {
				"north": {"uv": [10.5, 14.75, 10.625, 15.125], "texture": "#3"},
				"east": {"uv": [11.25, 14.25, 11.875, 14.625], "texture": "#3"},
				"south": {"uv": [11.25, 14.75, 11.375, 15.125], "texture": "#3"},
				"west": {"uv": [3, 14.5, 3.625, 14.875], "texture": "#3"},
				"up": {"uv": [6.375, 15.375, 6.25, 14.75], "texture": "#3"},
				"down": {"uv": [9.375, 14.75, 9.25, 15.375], "texture": "#3"}
			}
		},
		{
			"name": "ВерхнийПлавникКонецПраво",
			"from": [9.825, 9.7256, 4.04635],
			"to": [10.275, 10.7256, 5.72135],
			"rotation": {"angle": -22.5, "axis": "x", "origin": [7.925, 10.725, 5.075]},
			"faces": {
				"north": {"uv": [12, 7.5, 12.125, 7.75], "texture": "#3"},
				"east": {"uv": [14.75, 5, 15.125, 5.25], "texture": "#3"},
				"south": {"uv": [3.25, 12.5, 3.375, 12.75], "texture": "#3"},
				"west": {"uv": [5.25, 14.75, 5.625, 15], "texture": "#3"},
				"up": {"uv": [11.625, 15.125, 11.5, 14.75], "texture": "#3"},
				"down": {"uv": [11.875, 14.75, 11.75, 15.125], "texture": "#3"}
			}
		},
		{
			"from": [5.9, 7.6, 2.075],
			"to": [5.9, 10.925, 8.575],
			"rotation": {"angle": 0, "axis": "y", "origin": [3.9, 7.8, 3.525]},
			"faces": {
				"north": {"uv": [0, 0, 0, 0.875], "texture": "#3"},
				"east": {"uv": [11.5, 11, 13.125, 11.875], "texture": "#3"},
				"south": {"uv": [0, 0, 0, 0.875], "texture": "#3"},
				"west": {"uv": [12, 0, 13.625, 0.875], "texture": "#3"},
				"up": {"uv": [0, 0, 0, 1.625], "texture": "#3"},
				"down": {"uv": [0, 0, 0, 1.625], "texture": "#3"}
			}
		},
		{
			"name": "ВерхнийПлавникНачалоЛево",
			"from": [5.425, 7.15971, 1.08649],
			"to": [6.375, 9.05971, 2.76149],
			"rotation": {"angle": 45, "axis": "x", "origin": [8.125, 8.5, 1.85]},
			"faces": {
				"north": {"uv": [3.25, 12, 3.5, 12.5], "texture": "#3"},
				"east": {"uv": [7.25, 14.5, 7.625, 15], "texture": "#3"},
				"south": {"uv": [12.5, 2.75, 12.75, 3.25], "texture": "#3"},
				"west": {"uv": [7.75, 14.5, 8.125, 15], "texture": "#3"},
				"up": {"uv": [11, 13.375, 10.75, 13], "texture": "#3"},
				"down": {"uv": [4.5, 13.25, 4.25, 13.625], "texture": "#3"}
			}
		},
		{
			"name": "ВерхнийПлавникСередЛево",
			"from": [5.575, 8.5256, 1.77135],
			"to": [6.225, 9.7756, 4.29635],
			"rotation": {"angle": -22.5, "axis": "x", "origin": [7.925, 9.625, 2.8]},
			"faces": {
				"north": {"uv": [12, 14.75, 12.125, 15.125], "texture": "#3"},
				"east": {"uv": [14.5, 5.75, 15.125, 6.125], "texture": "#3"},
				"south": {"uv": [12.25, 14.75, 12.375, 15.125], "texture": "#3"},
				"west": {"uv": [6.5, 14.5, 7.125, 14.875], "texture": "#3"},
				"up": {"uv": [14.875, 9.875, 14.75, 9.25], "texture": "#3"},
				"down": {"uv": [9.625, 14.75, 9.5, 15.375], "texture": "#3"}
			}
		},
		{
			"name": "ВерхнийПлавникКонецЛево",
			"from": [5.675, 9.7256, 4.04635],
			"to": [6.125, 10.7256, 5.72135],
			"rotation": {"angle": -22.5, "axis": "x", "origin": [7.925, 10.725, 5.075]},
			"faces": {
				"north": {"uv": [13.25, 8.25, 13.375, 8.5], "texture": "#3"},
				"east": {"uv": [14.75, 5.25, 15.125, 5.5], "texture": "#3"},
				"south": {"uv": [13.75, 3.25, 13.875, 3.5], "texture": "#3"},
				"west": {"uv": [14.75, 5.5, 15.125, 5.75], "texture": "#3"},
				"up": {"uv": [12.625, 15.125, 12.5, 14.75], "texture": "#3"},
				"down": {"uv": [12.875, 14.75, 12.75, 15.125], "texture": "#3"}
			}
		},
		{
			"name": "антенна-Лево",
			"from": [4.69822, 8.97373, -12.55499],
			"to": [4.69822, 15.97373, -9.55499],
			"rotation": {"angle": -22.5, "axis": "y", "origin": [7.925, 12, -9.5]},
			"faces": {
				"north": {"uv": [0, 0, 0, 1.75], "texture": "#3"},
				"east": {"uv": [12, 1, 12.75, 2.75], "texture": "#3"},
				"south": {"uv": [0, 0, 0, 1.75], "texture": "#3"},
				"west": {"uv": [5.5, 12, 6.25, 13.75], "texture": "#3"},
				"up": {"uv": [0, 0.75, 0, 0], "texture": "#3"},
				"down": {"uv": [0, 0, 0, 0.75], "texture": "#3"}
			}
		},
		{
			"name": "антенна-Право",
			"from": [11.65991, 8.97373, -12.34451],
			"to": [11.65991, 15.97373, -9.34451],
			"rotation": {"angle": 22.5, "axis": "y", "origin": [7.925, 12, -9.5]},
			"faces": {
				"north": {"uv": [0, 0, 0, 1.75], "texture": "#3"},
				"east": {"uv": [6.25, 12, 5.5, 13.75], "texture": "#3"},
				"south": {"uv": [0, 0, 0, 1.75], "texture": "#3"},
				"west": {"uv": [12.75, 1, 12, 2.75], "texture": "#3"},
				"up": {"uv": [0, 0, 0, 0.75], "texture": "#3"},
				"down": {"uv": [0, 0, 0, 0.75], "texture": "#3"}
			}
		},
		{
			"name": "АнтенаШарикЛево",
			"from": [5.125, 13.35, -13.825],
			"to": [6.7, 14.95, -12.15],
			"rotation": {"angle": 0, "axis": "y", "origin": [7.925, 12, -9.5]},
			"faces": {
				"north": {"uv": [14, 14.5, 14.375, 14.875], "texture": "#3"},
				"east": {"uv": [14.5, 14, 14.875, 14.375], "texture": "#3"},
				"south": {"uv": [14.5, 14.5, 14.875, 14.875], "texture": "#3"},
				"west": {"uv": [0, 14.75, 0.375, 15.125], "texture": "#3"},
				"up": {"uv": [15.125, 0.375, 14.75, 0], "texture": "#3"},
				"down": {"uv": [1.375, 14.75, 1, 15.125], "texture": "#3"}
			}
		},
		{
			"name": "АнтенаШарикПраво",
			"from": [9.7, 13.35, -13.825],
			"to": [11.275, 14.95, -12.15],
			"rotation": {"angle": 0, "axis": "y", "origin": [7.925, 12, -9.5]},
			"faces": {
				"north": {"uv": [1.5, 14.75, 1.875, 15.125], "texture": "#3"},
				"east": {"uv": [14.75, 1.5, 15.125, 1.875], "texture": "#3"},
				"south": {"uv": [2, 14.75, 2.375, 15.125], "texture": "#3"},
				"west": {"uv": [14.75, 2, 15.125, 2.375], "texture": "#3"},
				"up": {"uv": [15.125, 2.875, 14.75, 2.5], "texture": "#3"},
				"down": {"uv": [4.625, 14.75, 4.25, 15.125], "texture": "#3"}
			}
		},
		{
			"name": "Хвост",
			"from": [5.02554, 0.625, 9.68367],
			"to": [9.52554, 7.625, 20.68367],
			"rotation": {"angle": 0, "axis": "y", "origin": [6.55, 4, 11.625]},
			"faces": {
				"north": {"uv": [11, 4.75, 12.125, 6.5], "texture": "#3"},
				"east": {"uv": [6.5, 1.5, 9.25, 3.25], "texture": "#3"},
				"south": {"uv": [11, 9.25, 12.125, 11], "texture": "#3"},
				"west": {"uv": [7, 3.25, 9.75, 5], "texture": "#3"},
				"up": {"uv": [7.875, 12.75, 6.75, 10], "texture": "#3"},
				"down": {"uv": [9.125, 10, 8, 12.75], "texture": "#3"}
			}
		},
		{
			"name": "ХвостВерхн-конец",
			"from": [6.3, -0.55503, 18.98218],
			"to": [8.45, 4.44497, 31.98218],
			"rotation": {"angle": -22.5, "axis": "x", "origin": [7.125, 4.025, 6.675]},
			"faces": {
				"north": {"uv": [0.5, 12.75, 1, 14], "texture": "#3"},
				"east": {"uv": [4, 8.75, 7.25, 10], "texture": "#3"},
				"south": {"uv": [1, 12.75, 1.5, 14], "texture": "#3"},
				"west": {"uv": [7.25, 8.75, 10.5, 10], "texture": "#3"},
				"up": {"uv": [11.5, 14.25, 11, 11], "texture": "#3"},
				"down": {"uv": [12, 0, 11.5, 3.25], "texture": "#3"}
			}
		},
		{
			"name": "Хвост-конец",
			"from": [6.275, 0.25, 18.9],
			"to": [8.475, 7.25, 29.9],
			"rotation": {"angle": 0, "axis": "y", "origin": [7.125, 4, 6.725]},
			"faces": {
				"north": {"uv": [9.25, 1.5, 9.75, 3.25], "texture": "#3"},
				"east": {"uv": [4, 7, 6.75, 8.75], "texture": "#3"},
				"south": {"uv": [6.25, 12, 6.75, 13.75], "texture": "#3"},
				"west": {"uv": [6.75, 7, 9.5, 8.75], "texture": "#3"},
				"up": {"uv": [3.25, 14.25, 2.75, 11.5], "texture": "#3"},
				"down": {"uv": [5.5, 12, 5, 14.75], "texture": "#3"}
			}
		},
		{
			"name": "ХвостНижнийПереход",
			"from": [6.4, 0.225, 29.65],
			"to": [8.35, 1.025, 31.2],
			"rotation": {"angle": 0, "axis": "y", "origin": [7.125, 4, 6.725]},
			"faces": {
				"north": {"uv": [12.75, 4.5, 13.25, 4.75], "texture": "#3"},
				"east": {"uv": [5.75, 14.75, 6.125, 15], "texture": "#3"},
				"south": {"uv": [13.5, 6.25, 14, 6.5], "texture": "#3"},
				"west": {"uv": [14.75, 7, 15.125, 7.25], "texture": "#3"},
				"up": {"uv": [8.75, 14.875, 8.25, 14.5], "texture": "#3"},
				"down": {"uv": [15, 8.25, 14.5, 8.625], "texture": "#3"}
			}
		},
		{
			"name": "ХвостНижнийУгол",
			"from": [6.425, -8.12276, 26.19271],
			"to": [8.325, -3.87276, 28.19271],
			"rotation": {"angle": -22.5, "axis": "x", "origin": [7.125, 4, 6.725]},
			"faces": {
				"north": {"uv": [13.25, 4.5, 13.75, 5.625], "texture": "#3"},
				"east": {"uv": [13.25, 7, 13.75, 8.125], "texture": "#3"},
				"south": {"uv": [9.25, 13.25, 9.75, 14.375], "texture": "#3"},
				"west": {"uv": [13.25, 9.25, 13.75, 10.375], "texture": "#3"},
				"up": {"uv": [2.25, 5, 1.75, 4.5], "texture": "#3"},
				"down": {"uv": [4.5, 5, 4, 5.5], "texture": "#3"}
			}
		},
		{
			"name": "ХвостПереходВерхний",
			"from": [6.375, 2.30205, 14.62473],
			"to": [8.375, 4.37705, 19.04973],
			"rotation": {"angle": -22.5, "axis": "x", "origin": [7.125, 4, 6.725]},
			"faces": {
				"north": {"uv": [12, 2.75, 12.5, 3.25], "texture": "#3"},
				"east": {"uv": [13.25, 10.5, 14.375, 11], "texture": "#3"},
				"south": {"uv": [12.75, 7, 13.25, 7.5], "texture": "#3"},
				"west": {"uv": [13.25, 11, 14.375, 11.5], "texture": "#3"},
				"up": {"uv": [10.25, 14.375, 9.75, 13.25], "texture": "#3"},
				"down": {"uv": [14, 11.5, 13.5, 12.625], "texture": "#3"}
			}
		},
		{
			"name": "ХвостВерхнийУгол",
			"from": [6.4, 13.32, 23.17133],
			"to": [8.35, 18.645, 27.84633],
			"rotation": {"angle": 22.5, "axis": "x", "origin": [7.125, 4, 6.725]},
			"faces": {
				"north": {"uv": [10.25, 12.5, 10.75, 13.875], "texture": "#3"},
				"east": {"uv": [1.5, 11.5, 2.625, 12.875], "texture": "#3"},
				"south": {"uv": [0, 12.75, 0.5, 14.125], "texture": "#3"},
				"west": {"uv": [11.5, 3.25, 12.625, 4.625], "texture": "#3"},
				"up": {"uv": [14, 13.875, 13.5, 12.75], "texture": "#3"},
				"down": {"uv": [14.25, 0, 13.75, 1.125], "texture": "#3"}
			}
		},
		{
			"name": "ПереднЛапа-Плечо-Право",
			"from": [2.025, 1.25356, -7.93566],
			"to": [4.025, 6.25356, -6.16066],
			"rotation": {"angle": 0, "axis": "y", "origin": [3.275, 3.9, -7.1]},
			"faces": {
				"north": {"uv": [4.5, 14, 5, 12.75], "rotation": 180, "texture": "#3"},
				"east": {"uv": [12.75, 4, 14, 3.5], "rotation": 270, "texture": "#3"},
				"south": {"uv": [6.75, 12.75, 7.25, 14], "texture": "#3"},
				"west": {"uv": [3.25, 13.25, 4.5, 12.75], "rotation": 90, "texture": "#3"},
				"up": {"uv": [13.5, 14, 13, 14.5], "texture": "#3"},
				"down": {"uv": [14.5, 12.5, 14, 13], "rotation": 180, "texture": "#3"}
			}
		},
		{
			"name": "ПереднЛапа-Право",
			"from": [1.4, 0.91529, -11.08851],
			"to": [3.4, 2.39029, -6.08851],
			"rotation": {"angle": -22.5, "axis": "x", "origin": [2.15, 1.725, -8.125]},
			"faces": {
				"north": {"uv": [9.25, 14.5, 8.75, 14.875], "texture": "#3"},
				"east": {"uv": [15.25, 3.25, 14, 3.625], "texture": "#3"},
				"south": {"uv": [15, 8.75, 14.5, 9.125], "texture": "#3"},
				"west": {"uv": [15, 7.5, 13.75, 7.875], "texture": "#3"},
				"up": {"uv": [12.75, 2.25, 13.25, 1], "texture": "#3"},
				"down": {"uv": [12.75, 2.25, 13.25, 3.5], "texture": "#3"}
			}
		},
		{
			"name": "ПереднЛапа-Когти-Право",
			"from": [-0.325, 0, -12.775],
			"to": [3.675, 1, -9.775],
			"rotation": {"angle": 45, "axis": "y", "origin": [1.425, 1, -11.525]},
			"faces": {
				"north": {"uv": [10.75, 4.75, 9.75, 5], "texture": "#3"},
				"east": {"uv": [10, 14.5, 9.25, 14.75], "texture": "#3"},
				"south": {"uv": [12, 7.5, 11, 7.75], "texture": "#3"},
				"west": {"uv": [15, 10, 14.25, 10.25], "texture": "#3"},
				"up": {"uv": [12.25, 10, 13.25, 9.25], "texture": "#3"},
				"down": {"uv": [12.25, 10, 13.25, 10.75], "texture": "#3"}
			}
		},
		{
			"name": "ПереднЛапа-Когти-Лево",
			"from": [12.525, 0.65, -15.975],
			"to": [16.525, 1.65, -12.975],
			"rotation": {"angle": -22.5, "axis": "y", "origin": [14.275, 1.65, -14.3]},
			"faces": {
				"north": {"uv": [13.25, 10.75, 12.25, 11], "texture": "#3"},
				"east": {"uv": [15.25, 12.75, 14.5, 13], "texture": "#3"},
				"south": {"uv": [14.75, 5.5, 13.75, 5.75], "texture": "#3"},
				"west": {"uv": [15.25, 12.5, 14.5, 12.75], "texture": "#3"},
				"up": {"uv": [9.25, 13.25, 10.25, 12.5], "texture": "#3"},
				"down": {"uv": [12.5, 12, 13.5, 12.75], "texture": "#3"}
			}
		},
		{
			"name": "ПереднЛапа-Лево",
			"from": [12.85, 0.98261, -13.58963],
			"to": [14.85, 2.45761, -8.58963],
			"rotation": {"angle": -22.5, "axis": "x", "origin": [14.1, 2.175, -11.55]},
			"faces": {
				"north": {"uv": [15, 10.5, 14.5, 10.875], "texture": "#3"},
				"east": {"uv": [15.25, 6.25, 14, 6.625], "texture": "#3"},
				"south": {"uv": [15, 11, 14.5, 11.375], "texture": "#3"},
				"west": {"uv": [15.25, 3.75, 14, 4.125], "texture": "#3"},
				"up": {"uv": [7.25, 14, 7.75, 12.75], "texture": "#3"},
				"down": {"uv": [7.75, 12.75, 8.25, 14], "texture": "#3"}
			}
		},
		{
			"name": "ПереднЛапа-Плечо-Лево",
			"from": [12.55, 1.48389, -8.46244],
			"to": [14.55, 6.48389, -6.68744],
			"rotation": {"angle": 45, "axis": "x", "origin": [13.55, 3.6, -7.45]},
			"faces": {
				"north": {"uv": [8.25, 14, 8.75, 12.75], "rotation": 180, "texture": "#3"},
				"east": {"uv": [12.75, 7, 14, 6.5], "rotation": 270, "texture": "#3"},
				"south": {"uv": [8.75, 12.75, 9.25, 14], "texture": "#3"},
				"west": {"uv": [12.75, 4.5, 14, 4], "rotation": 90, "texture": "#3"},
				"up": {"uv": [14, 14, 13.5, 14.5], "texture": "#3"},
				"down": {"uv": [14.5, 13, 14, 13.5], "rotation": 180, "texture": "#3"}
			}
		},
		{
			"name": "ЗаднЛапа-Бедр-Право",
			"from": [3.075, 1.30889, 5.30889],
			"to": [5.075, 5.30889, 7.30889],
			"rotation": {"angle": -22.5, "axis": "x", "origin": [3.825, 3.425, 6.425]},
			"faces": {
				"north": {"uv": [13.75, 2.25, 14.25, 3.25], "rotation": 180, "texture": "#3"},
				"east": {"uv": [13.5, 8.75, 14.5, 8.25], "rotation": 90, "texture": "#3"},
				"south": {"uv": [13.75, 2.25, 14.25, 1.25], "texture": "#3"},
				"west": {"uv": [13.5, 6.25, 14.5, 5.75], "rotation": 270, "texture": "#3"},
				"up": {"uv": [14.5, 13.5, 14, 14], "rotation": 180, "texture": "#3"},
				"down": {"uv": [14.5, 14, 14, 14.5], "texture": "#3"}
			}
		},
		{
			"name": "ЗаднЛапа-Право",
			"from": [2.675, 2.20267, 7.12767],
			"to": [4.675, 3.90267, 12.12767],
			"rotation": {"angle": 22.5, "axis": "x", "origin": [8.425, 3.85, 5.05]},
			"faces": {
				"north": {"uv": [13.5, 14.5, 13, 14.875], "texture": "#3"},
				"east": {"uv": [9, 14, 7.75, 14.375], "texture": "#3"},
				"south": {"uv": [15, 13, 14.5, 13.375], "texture": "#3"},
				"west": {"uv": [7.75, 14, 6.5, 14.375], "texture": "#3"},
				"up": {"uv": [12.5, 14, 13, 12.75], "texture": "#3"},
				"down": {"uv": [1.5, 13, 2, 14.25], "texture": "#3"}
			}
		},
		{
			"name": "ЗаднЛапа-Когти-Право",
			"from": [0.85, -0.025, 9.7],
			"to": [4.85, 0.975, 13.7],
			"rotation": {"angle": -45, "axis": "y", "origin": [2.85, 0.475, 11.7]},
			"faces": {
				"north": {"uv": [14.75, 8, 13.75, 8.25], "texture": "#3"},
				"east": {"uv": [15, 6.75, 14, 7], "texture": "#3"},
				"south": {"uv": [15, 4.25, 14, 4.5], "texture": "#3"},
				"west": {"uv": [14.75, 10.25, 13.75, 10.5], "texture": "#3"},
				"up": {"uv": [9.5, 8.75, 10.5, 7.75], "texture": "#3"},
				"down": {"uv": [11.5, 12, 12.5, 13], "texture": "#3"}
			}
		},
		{
			"name": "ЗаднЛапа-Когти-Лево",
			"from": [11.175, 0.1, 11.5],
			"to": [15.175, 1.1, 15.5],
			"rotation": {"angle": 0, "axis": "y", "origin": [12.925, 0.6, 13.25]},
			"faces": {
				"north": {"uv": [15.25, 0.5, 14.25, 0.75], "texture": "#3"},
				"east": {"uv": [15.25, 1.25, 14.25, 1.5], "texture": "#3"},
				"south": {"uv": [15.25, 1, 14.25, 1.25], "texture": "#3"},
				"west": {"uv": [15.25, 0.75, 14.25, 1], "texture": "#3"},
				"up": {"uv": [12.25, 5.75, 13.25, 4.75], "texture": "#3"},
				"down": {"uv": [12.25, 7.5, 13.25, 8.5], "texture": "#3"}
			}
		},
		{
			"name": "ЗаднЛапа-Лево",
			"from": [11.55, 2.62767, 8.77767],
			"to": [13.55, 4.32767, 13.77767],
			"rotation": {"angle": 22.5, "axis": "x", "origin": [8.3, 4.275, 6.7]},
			"faces": {
				"north": {"uv": [14, 14.5, 13.5, 14.875], "texture": "#3"},
				"east": {"uv": [15.25, 12, 14, 12.375], "texture": "#3"},
				"south": {"uv": [15, 13.5, 14.5, 13.875], "texture": "#3"},
				"west": {"uv": [15.25, 11.5, 14, 11.875], "texture": "#3"},
				"up": {"uv": [2, 14.25, 2.5, 13], "texture": "#3"},
				"down": {"uv": [11.5, 13, 12, 14.25], "texture": "#3"}
			}
		},
		{
			"name": "ЗаднЛапа-Бедр-Лево",
			"from": [11.25, 2.52604, 5.81182],
			"to": [13.25, 4.52604, 9.81182],
			"rotation": {"angle": 45, "axis": "x", "origin": [12, 3.925, 7.625]},
			"faces": {
				"north": {"uv": [0.5, 14.25, 0, 14.75], "texture": "#3"},
				"east": {"uv": [14.75, 4.5, 13.75, 5], "texture": "#3"},
				"south": {"uv": [14.75, 0, 14.25, 0.5], "texture": "#3"},
				"west": {"uv": [14.5, 8.75, 13.5, 9.25], "texture": "#3"},
				"up": {"uv": [5.5, 14.75, 6, 13.75], "texture": "#3"},
				"down": {"uv": [6, 13.75, 6.5, 14.75], "texture": "#3"}
			}
		},
		{
			"name": "СреднПлавн-Плечо-Право",
			"from": [3.025, 0.54881, -3.50806],
			"to": [5.025, 5.54881, -1.50806],
			"rotation": {"angle": 22.5, "axis": "x", "origin": [4.025, 3.45, -2.775]},
			"faces": {
				"north": {"uv": [12.5, 13, 12, 14.25], "texture": "#3"},
				"east": {"uv": [13.75, 2.25, 13.25, 3.5], "texture": "#3"},
				"south": {"uv": [13.75, 1, 13.25, 2.25], "texture": "#3"},
				"west": {"uv": [13.5, 12.75, 13, 14], "texture": "#3"},
				"up": {"uv": [1.5, 14.75, 2, 14.25], "texture": "#3"},
				"down": {"uv": [14.25, 1.5, 14.75, 2], "texture": "#3"}
			}
		},
		{
			"name": "СреднПлавник-Право",
			"from": [-0.85, 0, -5.475],
			"to": [0.925, 3, -0.475],
			"rotation": {"angle": -45, "axis": "y", "origin": [-0.1, 1.25, -0.475]},
			"faces": {
				"north": {"uv": [10.75, 14, 10.25, 14.75], "texture": "#3"},
				"east": {"uv": [13.5, 8.5, 12.25, 9.25], "texture": "#3"},
				"south": {"uv": [13, 14, 12.5, 14.75], "texture": "#3"},
				"west": {"uv": [13.5, 5.75, 12.25, 6.5], "texture": "#3"},
				"up": {"uv": [3.25, 14.5, 3.75, 13.25], "texture": "#3"},
				"down": {"uv": [3.75, 13.25, 4.25, 14.5], "texture": "#3"}
			}
		},
		{
			"name": "СреднПлавн-Серед-Право",
			"from": [-0.85, 0, -0.475],
			"to": [0.925, 2, 3.525],
			"rotation": {"angle": -45, "axis": "y", "origin": [-0.1, 1.25, -0.475]},
			"faces": {
				"north": {"uv": [2.5, 14.25, 2, 14.75], "texture": "#3"},
				"east": {"uv": [14.75, 7, 13.75, 7.5], "texture": "#3"},
				"south": {"uv": [14.75, 2, 14.25, 2.5], "texture": "#3"},
				"west": {"uv": [14.75, 5, 13.75, 5.5], "texture": "#3"},
				"up": {"uv": [13.75, 10.25, 14.25, 9.25], "texture": "#3"},
				"down": {"uv": [0.5, 14, 1, 15], "texture": "#3"}
			}
		},
		{
			"name": "СреднПлавн-Кончик-Право",
			"from": [-0.85, 0, 3.525],
			"to": [0.925, 1, 4.525],
			"rotation": {"angle": -45, "axis": "y", "origin": [-0.1, 1.25, -0.475]},
			"faces": {
				"north": {"uv": [15.25, 3, 14.75, 3.25], "texture": "#3"},
				"east": {"uv": [11.5, 2.5, 11.25, 2.75], "texture": "#3"},
				"south": {"uv": [15.25, 4.5, 14.75, 4.75], "texture": "#3"},
				"west": {"uv": [11, 4.75, 10.75, 5], "texture": "#3"},
				"up": {"uv": [4.75, 15, 5.25, 14.75], "texture": "#3"},
				"down": {"uv": [14.75, 4.75, 15.25, 5], "texture": "#3"}
			}
		},
		{
			"name": "СреднПлавн-Кончик-Лево",
			"from": [20.75, 0, 1],
			"to": [21.75, 1, 2.775],
			"rotation": {"angle": -45, "axis": "y", "origin": [16.75, 1.25, 1.75]},
			"faces": {
				"north": {"uv": [11, 4.75, 10.75, 5], "texture": "#3"},
				"east": {"uv": [15.25, 4.5, 14.75, 4.75], "texture": "#3"},
				"south": {"uv": [11.5, 2.5, 11.25, 2.75], "texture": "#3"},
				"west": {"uv": [15.25, 3, 14.75, 3.25], "texture": "#3"},
				"up": {"uv": [5.25, 14.75, 4.75, 15], "rotation": 90, "texture": "#3"},
				"down": {"uv": [15.25, 5, 14.75, 4.75], "rotation": 270, "texture": "#3"}
			}
		},
		{
			"name": "СреднПлавн-Серед-Лево",
			"from": [16.75, 0, 1],
			"to": [20.75, 2, 2.775],
			"rotation": {"angle": -45, "axis": "y", "origin": [16.75, 1.25, 1.75]},
			"faces": {
				"north": {"uv": [14.75, 5, 13.75, 5.5], "texture": "#3"},
				"east": {"uv": [14.75, 2, 14.25, 2.5], "texture": "#3"},
				"south": {"uv": [14.75, 7, 13.75, 7.5], "texture": "#3"},
				"west": {"uv": [2.5, 14.25, 2, 14.75], "texture": "#3"},
				"up": {"uv": [14.25, 9.25, 13.75, 10.25], "rotation": 90, "texture": "#3"},
				"down": {"uv": [1, 15, 0.5, 14], "rotation": 270, "texture": "#3"}
			}
		},
		{
			"name": "СреднПлавник-Лево",
			"from": [11.75, 0, 1],
			"to": [16.75, 3, 2.775],
			"rotation": {"angle": -45, "axis": "y", "origin": [16.75, 1.25, 1.75]},
			"faces": {
				"north": {"uv": [13.5, 5.75, 12.25, 6.5], "texture": "#3"},
				"east": {"uv": [13, 14, 12.5, 14.75], "texture": "#3"},
				"south": {"uv": [13.5, 8.5, 12.25, 9.25], "texture": "#3"},
				"west": {"uv": [10.75, 14, 10.25, 14.75], "texture": "#3"},
				"up": {"uv": [3.75, 13.25, 3.25, 14.5], "rotation": 90, "texture": "#3"},
				"down": {"uv": [4.25, 14.5, 3.75, 13.25], "rotation": 270, "texture": "#3"}
			}
		},
		{
			"name": "СреднПлавн-Плечо-Лево",
			"from": [11.8, 0.6847, -3.66489],
			"to": [13.8, 5.6847, -1.66489],
			"rotation": {"angle": -22.5, "axis": "x", "origin": [12.8, 4, -2.625]},
			"faces": {
				"north": {"uv": [12.5, 13, 12, 14.25], "texture": "#3"},
				"east": {"uv": [13.5, 12.75, 13, 14], "texture": "#3"},
				"south": {"uv": [13.75, 1, 13.25, 2.25], "texture": "#3"},
				"west": {"uv": [13.75, 2.25, 13.25, 3.5], "texture": "#3"},
				"up": {"uv": [1.5, 14.75, 2, 14.25], "texture": "#3"},
				"down": {"uv": [14.25, 1.5, 14.75, 2], "texture": "#3"}
			}
		}
	],
	"display": {
		"thirdperson_righthand": {
			"rotation": [-168.81, 74.51, 171.25],
			"translation": [0, 5.5, 3.5],
			"scale": [0.81641, 0.81641, 0.81641]
		},
		"thirdperson_lefthand": {
			"translation": [0, 2, 2.75],
			"scale": [0.28711, 0.28711, 0.28711]
		},
		"ground": {
			"scale": [0.5, 0.5, 0.5]
		},
		"gui": {
			"rotation": [-180, 1.5, -180]
		},
		"head": {
			"translation": [0, -34.5, -33],
			"scale": [1.27539, 1.27539, 1.27539]
		},
		"fixed": {
			"rotation": [0, 90, 0],
			"scale": [0.41211, 0.41211, 0.41211]
		}
	},
	"groups": [
		{
			"name": "nairana",
			"origin": [8, 8, 8],
			"color": 0,
			"children": [
				{
					"name": "ОсновноеТело",
					"origin": [8, 8, 8],
					"color": 0,
					"children": [
						0,
						1,
						2,
						{
							"name": "ПлавникиАнтены",
							"origin": [8, 8, 8],
							"color": 0,
							"children": [
								{
									"name": "Лево",
									"origin": [8, 8, 8],
									"color": 0,
									"children": [3, 4, 5, 6]
								},
								{
									"name": "Право",
									"origin": [8, 8, 8],
									"color": 0,
									"children": [7, 8]
								}
							]
						},
						{
							"name": "ПлавникиСредние",
							"origin": [8, 8, 8],
							"color": 0,
							"children": [
								{
									"name": "Право",
									"origin": [8, 8, 8],
									"color": 0,
									"children": [9, 10, 11, 12]
								},
								{
									"name": "Лево",
									"origin": [8, 8, 8],
									"color": 0,
									"children": [13, 14, 15, 16]
								}
							]
						},
						{
							"name": "Антены",
							"origin": [8, 8, 8],
							"color": 0,
							"children": [17, 18, 19, 20]
						},
						{
							"name": "Хвост",
							"origin": [8, 8, 8],
							"color": 0,
							"children": [21, 22, 23, 24, 25, 26, 27]
						}
					]
				},
				{
					"name": "ПередниеЛапы",
					"origin": [8, 8, 8],
					"color": 0,
					"children": [
						{
							"name": "ПереднПраваяЛапа",
							"origin": [8, 8, 8],
							"color": 0,
							"children": [28, 29, 30]
						},
						{
							"name": "ПереднЛеваяЛапа",
							"origin": [8, 8, 8],
							"color": 0,
							"children": [31, 32, 33]
						}
					]
				},
				{
					"name": "ЗадниеЛапы",
					"origin": [8, 8, 8],
					"color": 0,
					"children": [
						{
							"name": "ЗадняяПраваяЛапа",
							"origin": [8, 8, 8],
							"color": 0,
							"children": [34, 35, 36]
						},
						{
							"name": "ЗадняяЛеваяЛапа",
							"origin": [8, 8, 8],
							"color": 0,
							"children": [37, 38, 39]
						}
					]
				},
				{
					"name": "СредниеПлавники",
					"origin": [8, 8, 8],
					"color": 0,
					"children": [
						{
							"name": "СреднийПлавникПраво",
							"origin": [8, 8, 8],
							"color": 0,
							"children": [40, 41, 42, 43]
						},
						{
							"name": "СреднийПлавникЛево",
							"origin": [8, 8, 8],
							"color": 0,
							"children": [44, 45, 46, 47]
						}
					]
				}
			]
		}
	]
}