{
	"format_version": "1.9.0",
	"credit": "Made with Blockbench",
	"texture_size": [64, 64],
	"textures": {
		"3": "block/texture",
		"particle": "block/nairanaT"
	},
	"elements": [
		{
			"name": "Голова",
			"from": [3.975, 3.82404, -15.87902],
			"to": [12.975, 12.82404, -5.87902],
			"rotation": {"angle": 0, "axis": "y", "origin": [8.475, 12.5, -7.5]},
			"faces": {
				"north": {"uv": [4.75, 3.25, 7, 5.5], "texture": "#3"},
				"east": {"uv": [0, 0, 2.5, 2.25], "texture": "#3"},
				"south": {"uv": [1.75, 5, 4, 7.25], "texture": "#3"},
				"west": {"uv": [0, 2.25, 2.5, 4.5], "texture": "#3"},
				"up": {"uv": [4.75, 2.5, 2.5, 0], "texture": "#3"},
				"down": {"uv": [4.75, 2.5, 2.5, 5], "texture": "#3"}
			}
		},
		{
			"name": "Туловище-Хвост",
			"from": [5.125, 4.5, -1.5],
			"to": [11.825, 10.5, 11.5],
			"rotation": {"angle": 0, "axis": "y", "origin": [8.225, 6.5, 6.75]},
			"faces": {
				"north": {"uv": [9.25, 10, 10.875, 11.5], "texture": "#3"},
				"east": {"uv": [4, 5.5, 7.25, 7], "texture": "#3"},
				"south": {"uv": [10.5, 7.75, 12.125, 9.25], "texture": "#3"},
				"west": {"uv": [6.5, 0, 9.75, 1.5], "texture": "#3"},
				"up": {"uv": [1.625, 7.75, 0, 4.5], "texture": "#3"},
				"down": {"uv": [6.375, 0, 4.75, 3.25], "texture": "#3"}
			}
		},
		{
			"name": "Тело",
			"from": [4.9, 3.49718, -7.84618],
			"to": [12.05, 11.67218, 1.15382],
			"rotation": {"angle": 0, "axis": "y", "origin": [8.225, 8.5, -4]},
			"faces": {
				"north": {"uv": [9.75, 2.75, 11.5, 4.75], "texture": "#3"},
				"east": {"uv": [1.75, 7.25, 4, 9.25], "texture": "#3"},
				"south": {"uv": [5, 10, 6.75, 12], "texture": "#3"},
				"west": {"uv": [7.25, 5, 9.5, 7], "texture": "#3"},
				"up": {"uv": [1.75, 10, 0, 7.75], "texture": "#3"},
				"down": {"uv": [3.5, 9.25, 1.75, 11.5], "texture": "#3"}
			}
		},
		{
			"name": "ЛевоПлавникКреплАнтена1",
			"from": [5.175, 13.7546, -9.29738],
			"to": [5.9, 16.2546, -7.87238],
			"rotation": {"angle": 45, "axis": "x", "origin": [8.475, 12.5, -7.5]},
			"faces": {
				"north": {"uv": [2.5, 13.5, 2.625, 14.125], "texture": "#3"},
				"east": {"uv": [2.5, 14.25, 2.875, 14.875], "texture": "#3"},
				"south": {"uv": [10.75, 13.5, 10.875, 14.125], "texture": "#3"},
				"west": {"uv": [14.25, 2.5, 14.625, 3.125], "texture": "#3"},
				"up": {"uv": [13.375, 11.875, 13.25, 11.5], "texture": "#3"},
				"down": {"uv": [9.125, 14, 9, 14.375], "texture": "#3"}
			}
		},
		{
			"name": "ЛевоПлавникКреплАнтена2",
			"from": [5.075, 10.73558, -9.79985],
			"to": [6, 13.73558, -7.79985],
			"rotation": {"angle": 45, "axis": "x", "origin": [8.475, 12.5, -7.5]},
			"faces": {
				"north": {"uv": [1.5, 10, 1.75, 10.75], "texture": "#3"},
				"east": {"uv": [3.5, 9.25, 4, 10], "texture": "#3"},
				"south": {"uv": [1.5, 10.75, 1.75, 11.5], "texture": "#3"},
				"west": {"uv": [10.5, 9.25, 11, 10], "texture": "#3"},
				"up": {"uv": [2.5, 5, 2.25, 4.5], "texture": "#3"},
				"down": {"uv": [4.75, 5, 4.5, 5.5], "texture": "#3"}
			}
		},
		{
			"from": [5.525, 10.575, -9.075],
			"to": [5.525, 21.15, -3.7],
			"rotation": {"angle": 22.5, "axis": "x", "origin": [8.475, 12.5, -7.5]},
			"faces": {
				"north": {"uv": [0, 0, 0, 2.625], "texture": "#3"},
				"east": {"uv": [9.5, 5, 10.875, 7.625], "texture": "#3"},
				"south": {"uv": [0, 0, 0, 2.625], "texture": "#3"},
				"west": {"uv": [9.75, 0, 11.125, 2.625], "texture": "#3"},
				"up": {"uv": [0, 1.375, 0, 0], "texture": "#3"},
				"down": {"uv": [0, 0, 0, 1.375], "texture": "#3"}
			}
		},
		{
			"from": [11.475, 10.575, -9.075],
			"to": [11.475, 21.15, -3.7],
			"rotation": {"angle": 22.5, "axis": "x", "origin": [8.475, 12.5, -7.5]},
			"faces": {
				"north": {"uv": [0, 0, 0, 2.625], "texture": "#3"},
				"east": {"uv": [0, 10, 1.375, 12.625], "texture": "#3"},
				"south": {"uv": [0, 0, 0, 2.625], "texture": "#3"},
				"west": {"uv": [3.5, 10, 4.875, 12.625], "texture": "#3"},
				"up": {"uv": [0, 0, 0, 1.375], "texture": "#3"},
				"down": {"uv": [0, 0, 0, 1.375], "texture": "#3"}
			}
		},
		{
			"name": "ПравоПлавникКреплАнтена2",
			"from": [11, 10.73558, -9.79985],
			"to": [11.925, 13.73558, -7.79985],
			"rotation": {"angle": 45, "axis": "x", "origin": [8.475, 12.5, -7.5]},
			"faces": {
				"north": {"uv": [11.25, 0, 11.5, 0.75], "texture": "#3"},
				"east": {"uv": [1, 14, 1.5, 14.75], "texture": "#3"},
				"south": {"uv": [11.25, 0.75, 11.5, 1.5], "texture": "#3"},
				"west": {"uv": [4.25, 14, 4.75, 14.75], "texture": "#3"},
				"up": {"uv": [7.25, 5.5, 7, 5], "texture": "#3"},
				"down": {"uv": [11.5, 1.5, 11.25, 2], "texture": "#3"}
			}
		},
		{
			"name": "ПравоПлавникКреплАнтена1",
			"from": [11.1, 13.7546, -9.29738],
			"to": [11.825, 16.2546, -7.87238],
			"rotation": {"angle": 45, "axis": "x", "origin": [8.475, 12.5, -7.5]},
			"faces": {
				"north": {"uv": [4.75, 14, 4.875, 14.625], "texture": "#3"},
				"east": {"uv": [14.25, 9.25, 14.625, 9.875], "texture": "#3"},
				"south": {"uv": [10, 14.5, 10.125, 15.125], "texture": "#3"},
				"west": {"uv": [10.75, 14.25, 11.125, 14.875], "texture": "#3"},
				"up": {"uv": [9.875, 15.125, 9.75, 14.75], "texture": "#3"},
				"down": {"uv": [10.375, 14.75, 10.25, 15.125], "texture": "#3"}
			}
		},
		{
			"from": [10.6, 10.1, 2.575],
			"to": [10.6, 13.425, 9.075],
			"rotation": {"angle": 0, "axis": "y", "origin": [12.6, 10.3, 4.025]},
			"faces": {
				"north": {"uv": [0, 0, 0, 0.875], "texture": "#3"},
				"east": {"uv": [11, 6.5, 12.625, 7.375], "texture": "#3"},
				"south": {"uv": [0, 0, 0, 0.875], "texture": "#3"},
				"west": {"uv": [9.25, 11.5, 10.875, 12.375], "texture": "#3"},
				"up": {"uv": [0, 1.625, 0, 0], "texture": "#3"},
				"down": {"uv": [0, 0, 0, 1.625], "texture": "#3"}
			}
		},
		{
			"name": "ВерхнийПлавникНачалоПраво",
			"from": [10.075, 9.65971, 1.58649],
			"to": [11.025, 11.55971, 3.26149],
			"rotation": {"angle": 45, "axis": "x", "origin": [8.625, 11, 2.35]},
			"faces": {
				"north": {"uv": [11.25, 2, 11.5, 2.5], "texture": "#3"},
				"east": {"uv": [12, 14.25, 12.375, 14.75], "texture": "#3"},
				"south": {"uv": [3.25, 11.5, 3.5, 12], "texture": "#3"},
				"west": {"uv": [3.75, 14.5, 4.125, 15], "texture": "#3"},
				"up": {"uv": [11, 12.875, 10.75, 12.5], "texture": "#3"},
				"down": {"uv": [2.75, 13, 2.5, 13.375], "texture": "#3"}
			}
		},
		{
			"name": "ВерхнийПлавникСередПраво",
			"from": [10.225, 11.0256, 2.27135],
			"to": [10.875, 12.2756, 4.79635],
			"rotation": {"angle": -22.5, "axis": "x", "origin": [8.425, 12.125, 3.3]},
			"faces": {
				"north": {"uv": [10.5, 14.75, 10.625, 15.125], "texture": "#3"},
				"east": {"uv": [11.25, 14.25, 11.875, 14.625], "texture": "#3"},
				"south": {"uv": [11.25, 14.75, 11.375, 15.125], "texture": "#3"},
				"west": {"uv": [3, 14.5, 3.625, 14.875], "texture": "#3"},
				"up": {"uv": [6.375, 15.375, 6.25, 14.75], "texture": "#3"},
				"down": {"uv": [9.375, 14.75, 9.25, 15.375], "texture": "#3"}
			}
		},
		{
			"name": "ВерхнийПлавникКонецПраво",
			"from": [10.325, 12.2256, 4.54635],
			"to": [10.775, 13.2256, 6.22135],
			"rotation": {"angle": -22.5, "axis": "x", "origin": [8.425, 13.225, 5.575]},
			"faces": {
				"north": {"uv": [12, 7.5, 12.125, 7.75], "texture": "#3"},
				"east": {"uv": [14.75, 5, 15.125, 5.25], "texture": "#3"},
				"south": {"uv": [3.25, 12.5, 3.375, 12.75], "texture": "#3"},
				"west": {"uv": [5.25, 14.75, 5.625, 15], "texture": "#3"},
				"up": {"uv": [11.625, 15.125, 11.5, 14.75], "texture": "#3"},
				"down": {"uv": [11.875, 14.75, 11.75, 15.125], "texture": "#3"}
			}
		},
		{
			"from": [6.4, 10.1, 2.575],
			"to": [6.4, 13.425, 9.075],
			"rotation": {"angle": 0, "axis": "y", "origin": [4.4, 10.3, 4.025]},
			"faces": {
				"north": {"uv": [0, 0, 0, 0.875], "texture": "#3"},
				"east": {"uv": [11.5, 11, 13.125, 11.875], "texture": "#3"},
				"south": {"uv": [0, 0, 0, 0.875], "texture": "#3"},
				"west": {"uv": [12, 0, 13.625, 0.875], "texture": "#3"},
				"up": {"uv": [0, 0, 0, 1.625], "texture": "#3"},
				"down": {"uv": [0, 0, 0, 1.625], "texture": "#3"}
			}
		},
		{
			"name": "ВерхнийПлавникНачалоЛево",
			"from": [5.925, 9.65971, 1.58649],
			"to": [6.875, 11.55971, 3.26149],
			"rotation": {"angle": 45, "axis": "x", "origin": [8.625, 11, 2.35]},
			"faces": {
				"north": {"uv": [3.25, 12, 3.5, 12.5], "texture": "#3"},
				"east": {"uv": [7.25, 14.5, 7.625, 15], "texture": "#3"},
				"south": {"uv": [12.5, 2.75, 12.75, 3.25], "texture": "#3"},
				"west": {"uv": [7.75, 14.5, 8.125, 15], "texture": "#3"},
				"up": {"uv": [11, 13.375, 10.75, 13], "texture": "#3"},
				"down": {"uv": [4.5, 13.25, 4.25, 13.625], "texture": "#3"}
			}
		},
		{
			"name": "ВерхнийПлавникСередЛево",
			"from": [6.075, 11.0256, 2.27135],
			"to": [6.725, 12.2756, 4.79635],
			"rotation": {"angle": -22.5, "axis": "x", "origin": [8.425, 12.125, 3.3]},
			"faces": {
				"north": {"uv": [12, 14.75, 12.125, 15.125], "texture": "#3"},
				"east": {"uv": [14.5, 5.75, 15.125, 6.125], "texture": "#3"},
				"south": {"uv": [12.25, 14.75, 12.375, 15.125], "texture": "#3"},
				"west": {"uv": [6.5, 14.5, 7.125, 14.875], "texture": "#3"},
				"up": {"uv": [14.875, 9.875, 14.75, 9.25], "texture": "#3"},
				"down": {"uv": [9.625, 14.75, 9.5, 15.375], "texture": "#3"}
			}
		},
		{
			"name": "ВерхнийПлавникКонецЛево",
			"from": [6.175, 12.2256, 4.54635],
			"to": [6.625, 13.2256, 6.22135],
			"rotation": {"angle": -22.5, "axis": "x", "origin": [8.425, 13.225, 5.575]},
			"faces": {
				"north": {"uv": [13.25, 8.25, 13.375, 8.5], "texture": "#3"},
				"east": {"uv": [14.75, 5.25, 15.125, 5.5], "texture": "#3"},
				"south": {"uv": [13.75, 3.25, 13.875, 3.5], "texture": "#3"},
				"west": {"uv": [14.75, 5.5, 15.125, 5.75], "texture": "#3"},
				"up": {"uv": [12.625, 15.125, 12.5, 14.75], "texture": "#3"},
				"down": {"uv": [12.875, 14.75, 12.75, 15.125], "texture": "#3"}
			}
		},
		{
			"name": "антенна-Лево",
			"from": [5.975, 10.87373, -13.79439],
			"to": [5.975, 17.87373, -10.79439],
			"rotation": {"angle": -22.5, "axis": "y", "origin": [5.975, 14.35, -12.65]},
			"faces": {
				"north": {"uv": [0, 0, 0, 1.75], "texture": "#3"},
				"east": {"uv": [12, 1, 12.75, 2.75], "texture": "#3"},
				"south": {"uv": [0, 0, 0, 1.75], "texture": "#3"},
				"west": {"uv": [5.5, 12, 6.25, 13.75], "texture": "#3"},
				"up": {"uv": [0, 0.75, 0, 0], "texture": "#3"},
				"down": {"uv": [0, 0, 0, 0.75], "texture": "#3"}
			}
		},
		{
			"name": "антенна-Право",
			"from": [11.025, 10.87373, -13.79439],
			"to": [11.025, 17.87373, -10.79439],
			"rotation": {"angle": 22.5, "axis": "y", "origin": [11.025, 14.35, -12.65]},
			"faces": {
				"north": {"uv": [0, 0, 0, 1.75], "texture": "#3"},
				"east": {"uv": [6.25, 12, 5.5, 13.75], "texture": "#3"},
				"south": {"uv": [0, 0, 0, 1.75], "texture": "#3"},
				"west": {"uv": [12.75, 1, 12, 2.75], "texture": "#3"},
				"up": {"uv": [0, 0, 0, 0.75], "texture": "#3"},
				"down": {"uv": [0, 0, 0, 0.75], "texture": "#3"}
			}
		},
		{
			"name": "АнтенаШарикЛево",
			"from": [5.425, 15.25, -13.975],
			"to": [7, 16.85, -12.3],
			"rotation": {"angle": 0, "axis": "y", "origin": [5.925, 15.675, -13.05]},
			"faces": {
				"north": {"uv": [14, 14.5, 14.375, 14.875], "texture": "#3"},
				"east": {"uv": [14.5, 14, 14.875, 14.375], "texture": "#3"},
				"south": {"uv": [14.5, 14.5, 14.875, 14.875], "texture": "#3"},
				"west": {"uv": [0, 14.75, 0.375, 15.125], "texture": "#3"},
				"up": {"uv": [15.125, 0.375, 14.75, 0], "texture": "#3"},
				"down": {"uv": [1.375, 14.75, 1, 15.125], "texture": "#3"}
			}
		},
		{
			"name": "АнтенаШарикПраво",
			"from": [10, 15.25, -13.975],
			"to": [11.575, 16.85, -12.3],
			"rotation": {"angle": 0, "axis": "y", "origin": [10.8, 15.85, -13.175]},
			"faces": {
				"north": {"uv": [1.5, 14.75, 1.875, 15.125], "texture": "#3"},
				"east": {"uv": [14.75, 1.5, 15.125, 1.875], "texture": "#3"},
				"south": {"uv": [2, 14.75, 2.375, 15.125], "texture": "#3"},
				"west": {"uv": [14.75, 2, 15.125, 2.375], "texture": "#3"},
				"up": {"uv": [15.125, 2.875, 14.75, 2.5], "texture": "#3"},
				"down": {"uv": [4.625, 14.75, 4.25, 15.125], "texture": "#3"}
			}
		},
		{
			"name": "Хвост",
			"from": [7.225, 3.125, 9.925],
			"to": [11.725, 10.125, 20.925],
			"rotation": {"angle": 22.5, "axis": "y", "origin": [9.225, 6.5, 14.175]},
			"faces": {
				"north": {"uv": [11, 4.75, 12.125, 6.5], "texture": "#3"},
				"east": {"uv": [6.5, 1.5, 9.25, 3.25], "texture": "#3"},
				"south": {"uv": [11, 9.25, 12.125, 11], "texture": "#3"},
				"west": {"uv": [7, 3.25, 9.75, 5], "texture": "#3"},
				"up": {"uv": [7.875, 12.75, 6.75, 10], "texture": "#3"},
				"down": {"uv": [9.125, 10, 8, 12.75], "texture": "#3"}
			}
		},
		{
			"name": "ХвостВерхн-конец",
			"from": [9.4, 1.94497, 18.68218],
			"to": [11.55, 6.94497, 31.68218],
			"rotation": {"angle": -22.5, "axis": "x", "origin": [10.225, 6.525, 6.375]},
			"faces": {
				"north": {"uv": [0.5, 12.75, 1, 14], "texture": "#3"},
				"east": {"uv": [4, 8.75, 7.25, 10], "texture": "#3"},
				"south": {"uv": [1, 12.75, 1.5, 14], "texture": "#3"},
				"west": {"uv": [7.25, 8.75, 10.5, 10], "texture": "#3"},
				"up": {"uv": [11.5, 14.25, 11, 11], "texture": "#3"},
				"down": {"uv": [12, 0, 11.5, 3.25], "texture": "#3"}
			}
		},
		{
			"name": "Хвост-конец",
			"from": [9.375, 2.75, 18.6],
			"to": [11.575, 9.75, 29.6],
			"rotation": {"angle": 0, "axis": "y", "origin": [10.225, 6.5, 6.425]},
			"faces": {
				"north": {"uv": [9.25, 1.5, 9.75, 3.25], "texture": "#3"},
				"east": {"uv": [4, 7, 6.75, 8.75], "texture": "#3"},
				"south": {"uv": [6.25, 12, 6.75, 13.75], "texture": "#3"},
				"west": {"uv": [6.75, 7, 9.5, 8.75], "texture": "#3"},
				"up": {"uv": [3.25, 14.25, 2.75, 11.5], "texture": "#3"},
				"down": {"uv": [5.5, 12, 5, 14.75], "texture": "#3"}
			}
		},
		{
			"name": "ХвостНижнийПереход",
			"from": [9.5, 2.725, 29.35],
			"to": [11.45, 3.525, 30.9],
			"rotation": {"angle": 0, "axis": "y", "origin": [10.225, 6.5, 6.425]},
			"faces": {
				"north": {"uv": [12.75, 4.5, 13.25, 4.75], "texture": "#3"},
				"east": {"uv": [5.75, 14.75, 6.125, 15], "texture": "#3"},
				"south": {"uv": [13.5, 6.25, 14, 6.5], "texture": "#3"},
				"west": {"uv": [14.75, 7, 15.125, 7.25], "texture": "#3"},
				"up": {"uv": [8.75, 14.875, 8.25, 14.5], "texture": "#3"},
				"down": {"uv": [15, 8.25, 14.5, 8.625], "texture": "#3"}
			}
		},
		{
			"name": "ХвостНижнийУгол",
			"from": [9.525, -5.62276, 25.89271],
			"to": [11.425, -1.37276, 27.89271],
			"rotation": {"angle": -22.5, "axis": "x", "origin": [10.225, 6.5, 6.425]},
			"faces": {
				"north": {"uv": [13.25, 4.5, 13.75, 5.625], "texture": "#3"},
				"east": {"uv": [13.25, 7, 13.75, 8.125], "texture": "#3"},
				"south": {"uv": [9.25, 13.25, 9.75, 14.375], "texture": "#3"},
				"west": {"uv": [13.25, 9.25, 13.75, 10.375], "texture": "#3"},
				"up": {"uv": [2.25, 5, 1.75, 4.5], "texture": "#3"},
				"down": {"uv": [4.5, 5, 4, 5.5], "texture": "#3"}
			}
		},
		{
			"name": "ХвостПереходВерхний",
			"from": [9.475, 4.80205, 14.32473],
			"to": [11.475, 6.87705, 18.74973],
			"rotation": {"angle": -22.5, "axis": "x", "origin": [10.225, 6.5, 6.425]},
			"faces": {
				"north": {"uv": [12, 2.75, 12.5, 3.25], "texture": "#3"},
				"east": {"uv": [13.25, 10.5, 14.375, 11], "texture": "#3"},
				"south": {"uv": [12.75, 7, 13.25, 7.5], "texture": "#3"},
				"west": {"uv": [13.25, 11, 14.375, 11.5], "texture": "#3"},
				"up": {"uv": [10.25, 14.375, 9.75, 13.25], "texture": "#3"},
				"down": {"uv": [14, 11.5, 13.5, 12.625], "texture": "#3"}
			}
		},
		{
			"name": "ХвостВерхнийУгол",
			"from": [9.5, 15.82, 22.87133],
			"to": [11.45, 21.145, 27.54633],
			"rotation": {"angle": 22.5, "axis": "x", "origin": [10.225, 6.5, 6.425]},
			"faces": {
				"north": {"uv": [10.25, 12.5, 10.75, 13.875], "texture": "#3"},
				"east": {"uv": [1.5, 11.5, 2.625, 12.875], "texture": "#3"},
				"south": {"uv": [0, 12.75, 0.5, 14.125], "texture": "#3"},
				"west": {"uv": [11.5, 3.25, 12.625, 4.625], "texture": "#3"},
				"up": {"uv": [14, 13.875, 13.5, 12.75], "texture": "#3"},
				"down": {"uv": [14.25, 0, 13.75, 1.125], "texture": "#3"}
			}
		},
		{
			"name": "ПереднЛапа-Право",
			"from": [11.675, 2.56186, -10.19941],
			"to": [13.675, 4.03686, -5.19941],
			"rotation": {"angle": 0, "axis": "y", "origin": [7.525, 3.675, -9.275]},
			"faces": {
				"north": {"uv": [8.75, 14.5, 9.25, 14.875], "texture": "#3"},
				"east": {"uv": [13.75, 7.5, 15, 7.875], "texture": "#3"},
				"south": {"uv": [14.5, 8.75, 15, 9.125], "texture": "#3"},
				"west": {"uv": [14, 3.25, 15.25, 3.625], "texture": "#3"},
				"up": {"uv": [13.25, 2.25, 12.75, 1], "texture": "#3"},
				"down": {"uv": [13.25, 2.25, 12.75, 3.5], "texture": "#3"}
			}
		},
		{
			"name": "ПереднЛапа-Плечо-Право",
			"from": [11.975, 3.58934, -10.12856],
			"to": [13.975, 5.36434, -5.12856],
			"rotation": {"angle": 22.5, "axis": "x", "origin": [13.225, 4.425, -7.775]},
			"faces": {
				"north": {"uv": [13, 14, 13.5, 14.5], "rotation": 180, "texture": "#3"},
				"east": {"uv": [3.25, 12.75, 4.5, 13.25], "rotation": 180, "texture": "#3"},
				"south": {"uv": [14, 12.5, 14.5, 13], "rotation": 180, "texture": "#3"},
				"west": {"uv": [12.75, 3.5, 14, 4], "rotation": 180, "texture": "#3"},
				"up": {"uv": [7.25, 12.75, 6.75, 14], "texture": "#3"},
				"down": {"uv": [5, 14, 4.5, 12.75], "texture": "#3"}
			}
		},
		{
			"name": "ПереднЛапа-Когти-Право",
			"from": [10.675, 0.675, -10.275],
			"to": [14.675, 3.675, -9.275],
			"rotation": {"angle": 22.5, "axis": "x", "origin": [7.525, 3.925, -10.275]},
			"faces": {
				"north": {"uv": [13.25, 10, 12.25, 9.25], "rotation": 180, "texture": "#3"},
				"east": {"uv": [14.25, 10, 15, 10.25], "rotation": 90, "texture": "#3"},
				"south": {"uv": [13.25, 10, 12.25, 10.75], "texture": "#3"},
				"west": {"uv": [9.25, 14.5, 10, 14.75], "rotation": 270, "texture": "#3"},
				"up": {"uv": [11, 7.5, 12, 7.75], "texture": "#3"},
				"down": {"uv": [9.75, 4.75, 10.75, 5], "rotation": 180, "texture": "#3"}
			}
		},
		{
			"name": "ПереднЛапа-Лево",
			"from": [3.275, 2.38686, -10.17441],
			"to": [5.275, 3.86186, -5.17441],
			"rotation": {"angle": 0, "axis": "y", "origin": [8.525, 3.5, -9.25]},
			"faces": {
				"north": {"uv": [14.5, 10.5, 15, 10.875], "texture": "#3"},
				"east": {"uv": [14, 3.75, 15.25, 4.125], "texture": "#3"},
				"south": {"uv": [14.5, 11, 15, 11.375], "texture": "#3"},
				"west": {"uv": [14, 6.25, 15.25, 6.625], "texture": "#3"},
				"up": {"uv": [7.75, 14, 7.25, 12.75], "texture": "#3"},
				"down": {"uv": [8.25, 12.75, 7.75, 14], "texture": "#3"}
			}
		},
		{
			"name": "ПереднЛапа-Плечо-Лево",
			"from": [2.975, 3.29822, -10.48744],
			"to": [4.975, 5.07322, -5.48744],
			"rotation": {"angle": 22.5, "axis": "x", "origin": [4.225, 3.25, -7.25]},
			"faces": {
				"north": {"uv": [13.5, 14, 14, 14.5], "rotation": 180, "texture": "#3"},
				"east": {"uv": [12.75, 4, 14, 4.5], "rotation": 180, "texture": "#3"},
				"south": {"uv": [14, 13, 14.5, 13.5], "rotation": 180, "texture": "#3"},
				"west": {"uv": [12.75, 6.5, 14, 7], "rotation": 180, "texture": "#3"},
				"up": {"uv": [9.25, 12.75, 8.75, 14], "texture": "#3"},
				"down": {"uv": [8.75, 14, 8.25, 12.75], "texture": "#3"}
			}
		},
		{
			"name": "ПереднЛапа-Когти-Лево",
			"from": [2.275, 0.5, -10.25],
			"to": [6.275, 3.5, -9.25],
			"rotation": {"angle": 22.5, "axis": "x", "origin": [8.525, 3.75, -10.25]},
			"faces": {
				"north": {"uv": [10.25, 13.25, 9.25, 12.5], "rotation": 180, "texture": "#3"},
				"east": {"uv": [14.5, 12.5, 15.25, 12.75], "rotation": 90, "texture": "#3"},
				"south": {"uv": [13.5, 12, 12.5, 12.75], "texture": "#3"},
				"west": {"uv": [14.5, 12.75, 15.25, 13], "rotation": 270, "texture": "#3"},
				"up": {"uv": [13.75, 5.5, 14.75, 5.75], "texture": "#3"},
				"down": {"uv": [12.25, 10.75, 13.25, 11], "rotation": 180, "texture": "#3"}
			}
		},
		{
			"name": "ЗаднЛапа-Право",
			"from": [13.23701, 5.55, 9.39291],
			"to": [14.93701, 7.55, 14.39291],
			"rotation": {"angle": 22.5, "axis": "z", "origin": [14.95, 6.3, 12.7]},
			"faces": {
				"north": {"uv": [13, 14.5, 13.5, 14.875], "rotation": 270, "texture": "#3"},
				"east": {"uv": [13, 14, 12.5, 12.75], "rotation": 90, "texture": "#3"},
				"south": {"uv": [14.5, 13, 15, 13.375], "rotation": 90, "texture": "#3"},
				"west": {"uv": [2, 13, 1.5, 14.25], "rotation": 90, "texture": "#3"},
				"up": {"uv": [7.75, 14, 9, 14.375], "rotation": 90, "texture": "#3"},
				"down": {"uv": [6.5, 14, 7.75, 14.375], "rotation": 90, "texture": "#3"}
			}
		},
		{
			"name": "ЗаднЛапа-Бедр-Право",
			"from": [11.55, 5.48744, 6.07322],
			"to": [13.55, 7.48744, 10.07322],
			"rotation": {"angle": 22.5, "axis": "y", "origin": [12.8, 6.25, 8]},
			"faces": {
				"north": {"uv": [14, 13.5, 14.5, 14], "texture": "#3"},
				"east": {"uv": [13.5, 5.75, 14.5, 6.25], "texture": "#3"},
				"south": {"uv": [14, 14, 14.5, 14.5], "texture": "#3"},
				"west": {"uv": [13.5, 8.25, 14.5, 8.75], "texture": "#3"},
				"up": {"uv": [14.25, 2.25, 13.75, 1.25], "texture": "#3"},
				"down": {"uv": [14.25, 2.25, 13.75, 3.25], "texture": "#3"}
			}
		},
		{
			"name": "ЗаднЛапа-Когти-Право",
			"from": [13.7, 3.95, 13.025],
			"to": [14.7, 7.95, 17.025],
			"rotation": {"angle": 0, "axis": "y", "origin": [14.2, 6.2, 15.025]},
			"faces": {
				"north": {"uv": [13.75, 8, 14.75, 8.25], "rotation": 270, "texture": "#3"},
				"east": {"uv": [10.5, 8.75, 9.5, 7.75], "rotation": 90, "texture": "#3"},
				"south": {"uv": [14, 4.25, 15, 4.5], "rotation": 90, "texture": "#3"},
				"west": {"uv": [12.5, 12, 11.5, 13], "rotation": 90, "texture": "#3"},
				"up": {"uv": [14, 6.75, 15, 7], "rotation": 90, "texture": "#3"},
				"down": {"uv": [13.75, 10.25, 14.75, 10.5], "rotation": 90, "texture": "#3"}
			}
		},
		{
			"name": "ЗаднЛапа-Лево",
			"from": [3.46299, 5.55, 9.79291],
			"to": [5.16299, 7.55, 14.79291],
			"rotation": {"angle": -22.5, "axis": "z", "origin": [3.45, 6.75, 13.1]},
			"faces": {
				"north": {"uv": [13.5, 14.5, 14, 14.875], "rotation": 90, "texture": "#3"},
				"east": {"uv": [12, 13, 11.5, 14.25], "rotation": 270, "texture": "#3"},
				"south": {"uv": [14.5, 13.5, 15, 13.875], "rotation": 270, "texture": "#3"},
				"west": {"uv": [2.5, 14.25, 2, 13], "rotation": 270, "texture": "#3"},
				"up": {"uv": [14, 11.5, 15.25, 11.875], "rotation": 270, "texture": "#3"},
				"down": {"uv": [14, 12, 15.25, 12.375], "rotation": 270, "texture": "#3"}
			}
		},
		{
			"name": "ЗаднЛапа-Бедр-Лево",
			"from": [3.15, 5.48744, 5.82322],
			"to": [5.15, 7.48744, 9.82322],
			"rotation": {"angle": 0, "axis": "y", "origin": [8.4, 6.25, 7]},
			"faces": {
				"north": {"uv": [0, 14.25, 0.5, 14.75], "texture": "#3"},
				"east": {"uv": [13.5, 8.75, 14.5, 9.25], "texture": "#3"},
				"south": {"uv": [14.25, 0, 14.75, 0.5], "texture": "#3"},
				"west": {"uv": [13.75, 4.5, 14.75, 5], "texture": "#3"},
				"up": {"uv": [6, 14.75, 5.5, 13.75], "texture": "#3"},
				"down": {"uv": [6.5, 13.75, 6, 14.75], "texture": "#3"}
			}
		},
		{
			"name": "ЗаднЛапа-Когти-Лево",
			"from": [4, 4, 14.225],
			"to": [5, 8, 18.225],
			"rotation": {"angle": 0, "axis": "y", "origin": [4.5, 5.75, 16.475]},
			"faces": {
				"north": {"uv": [14.25, 0.5, 15.25, 0.75], "rotation": 90, "texture": "#3"},
				"east": {"uv": [13.25, 7.5, 12.25, 8.5], "rotation": 270, "texture": "#3"},
				"south": {"uv": [14.25, 1, 15.25, 1.25], "rotation": 270, "texture": "#3"},
				"west": {"uv": [13.25, 5.75, 12.25, 4.75], "rotation": 270, "texture": "#3"},
				"up": {"uv": [14.25, 0.75, 15.25, 1], "rotation": 270, "texture": "#3"},
				"down": {"uv": [14.25, 1.25, 15.25, 1.5], "rotation": 270, "texture": "#3"}
			}
		},
		{
			"name": "СреднПлавн-Плечо-Право",
			"from": [12.775, 4.0756, -0.13687],
			"to": [14.775, 6.0756, 4.86313],
			"rotation": {"angle": 45, "axis": "y", "origin": [9.525, 5, 1.5]},
			"faces": {
				"north": {"uv": [2, 14.75, 1.5, 14.25], "rotation": 180, "texture": "#3"},
				"east": {"uv": [13, 12.75, 13.5, 14], "rotation": 90, "texture": "#3"},
				"south": {"uv": [14.75, 1.5, 14.25, 2], "texture": "#3"},
				"west": {"uv": [13.25, 2.25, 13.75, 3.5], "rotation": 270, "texture": "#3"},
				"up": {"uv": [13.25, 1, 13.75, 2.25], "texture": "#3"},
				"down": {"uv": [12, 13, 12.5, 14.25], "rotation": 180, "texture": "#3"}
			}
		},
		{
			"name": "СреднПлавник-Право",
			"from": [15.75, 3.75, -0.25],
			"to": [17.525, 6.75, 4.75],
			"rotation": {"angle": 22.5, "axis": "y", "origin": [16.775, 5, 4.75]},
			"faces": {
				"north": {"uv": [10.25, 14, 10.75, 14.75], "texture": "#3"},
				"east": {"uv": [12.25, 5.75, 13.5, 6.5], "texture": "#3"},
				"south": {"uv": [12.5, 14, 13, 14.75], "texture": "#3"},
				"west": {"uv": [12.25, 8.5, 13.5, 9.25], "texture": "#3"},
				"up": {"uv": [3.75, 14.5, 3.25, 13.25], "texture": "#3"},
				"down": {"uv": [4.25, 13.25, 3.75, 14.5], "texture": "#3"}
			}
		},
		{
			"name": "СреднПлавн-Серед-Право",
			"from": [15.75, 3.75, 4.75],
			"to": [17.525, 5.75, 8.75],
			"rotation": {"angle": 22.5, "axis": "y", "origin": [16.775, 5, 4.75]},
			"faces": {
				"north": {"uv": [2, 14.25, 2.5, 14.75], "texture": "#3"},
				"east": {"uv": [13.75, 5, 14.75, 5.5], "texture": "#3"},
				"south": {"uv": [14.25, 2, 14.75, 2.5], "texture": "#3"},
				"west": {"uv": [13.75, 7, 14.75, 7.5], "texture": "#3"},
				"up": {"uv": [14.25, 10.25, 13.75, 9.25], "texture": "#3"},
				"down": {"uv": [1, 14, 0.5, 15], "texture": "#3"}
			}
		},
		{
			"name": "СреднПлавн-Кончик-Право",
			"from": [15.75, 3.75, 8.75],
			"to": [17.525, 4.75, 9.75],
			"rotation": {"angle": 22.5, "axis": "y", "origin": [16.775, 5, 4.75]},
			"faces": {
				"north": {"uv": [14.75, 3, 15.25, 3.25], "texture": "#3"},
				"east": {"uv": [10.75, 4.75, 11, 5], "texture": "#3"},
				"south": {"uv": [14.75, 4.5, 15.25, 4.75], "texture": "#3"},
				"west": {"uv": [11.25, 2.5, 11.5, 2.75], "texture": "#3"},
				"up": {"uv": [5.25, 15, 4.75, 14.75], "texture": "#3"},
				"down": {"uv": [15.25, 4.75, 14.75, 5], "texture": "#3"}
			}
		},
		{
			"name": "СреднПлавник-Лево",
			"from": [1.225, 3.5, 0],
			"to": [3, 6.5, 5],
			"rotation": {"angle": 0, "axis": "y", "origin": [1.975, 4.75, 5]},
			"faces": {
				"north": {"uv": [10.25, 14, 10.75, 14.75], "texture": "#3"},
				"east": {"uv": [12.25, 8.5, 13.5, 9.25], "texture": "#3"},
				"south": {"uv": [12.5, 14, 13, 14.75], "texture": "#3"},
				"west": {"uv": [12.25, 5.75, 13.5, 6.5], "texture": "#3"},
				"up": {"uv": [3.75, 14.5, 3.25, 13.25], "texture": "#3"},
				"down": {"uv": [4.25, 13.25, 3.75, 14.5], "texture": "#3"}
			}
		},
		{
			"name": "СреднПлавн-Серед-Лево",
			"from": [1.225, 3.5, 5],
			"to": [3, 5.5, 9],
			"rotation": {"angle": 0, "axis": "y", "origin": [1.975, 4.75, 5]},
			"faces": {
				"north": {"uv": [2, 14.25, 2.5, 14.75], "texture": "#3"},
				"east": {"uv": [13.75, 7, 14.75, 7.5], "texture": "#3"},
				"south": {"uv": [14.25, 2, 14.75, 2.5], "texture": "#3"},
				"west": {"uv": [13.75, 5, 14.75, 5.5], "texture": "#3"},
				"up": {"uv": [14.25, 10.25, 13.75, 9.25], "texture": "#3"},
				"down": {"uv": [1, 14, 0.5, 15], "texture": "#3"}
			}
		},
		{
			"name": "СреднПлавн-Кончик-Лево",
			"from": [1.225, 3.5, 9],
			"to": [3, 4.5, 10],
			"rotation": {"angle": 0, "axis": "y", "origin": [1.975, 4.75, 5]},
			"faces": {
				"north": {"uv": [14.75, 3, 15.25, 3.25], "texture": "#3"},
				"east": {"uv": [11.25, 2.5, 11.5, 2.75], "texture": "#3"},
				"south": {"uv": [14.75, 4.5, 15.25, 4.75], "texture": "#3"},
				"west": {"uv": [10.75, 4.75, 11, 5], "texture": "#3"},
				"up": {"uv": [5.25, 15, 4.75, 14.75], "texture": "#3"},
				"down": {"uv": [15.25, 4.75, 14.75, 5], "texture": "#3"}
			}
		},
		{
			"name": "СреднПлавн-Плечо-Лево",
			"from": [2.96764, 4.0756, -3.34398],
			"to": [4.96764, 6.0756, 1.65602],
			"rotation": {"angle": -45, "axis": "y", "origin": [4.025, 5, -1]},
			"faces": {
				"north": {"uv": [2, 14.75, 1.5, 14.25], "rotation": 180, "texture": "#3"},
				"east": {"uv": [13.25, 2.25, 13.75, 3.5], "rotation": 90, "texture": "#3"},
				"south": {"uv": [14.75, 1.5, 14.25, 2], "texture": "#3"},
				"west": {"uv": [13, 12.75, 13.5, 14], "rotation": 270, "texture": "#3"},
				"up": {"uv": [13.25, 1, 13.75, 2.25], "texture": "#3"},
				"down": {"uv": [12, 13, 12.5, 14.25], "rotation": 180, "texture": "#3"}
			}
		}
	],
	"display": {
		"thirdperson_righthand": {
			"rotation": [-168.81, 74.51, 171.25],
			"translation": [0, 5.5, 3.5],
			"scale": [0.81641, 0.81641, 0.81641]
		},
		"thirdperson_lefthand": {
			"translation": [0, 2, 2.75],
			"scale": [0.28711, 0.28711, 0.28711]
		},
		"ground": {
			"scale": [0.5, 0.5, 0.5]
		},
		"gui": {
			"rotation": [-180, 1.5, -180]
		},
		"head": {
			"translation": [0, -34.5, -33],
			"scale": [1.27539, 1.27539, 1.27539]
		},
		"fixed": {
			"rotation": [0, 90, 0],
			"scale": [0.41211, 0.41211, 0.41211]
		}
	},
	"groups": [
		{
			"name": "nairana",
			"origin": [8, 8, 8],
			"color": 0,
			"children": [
				{
					"name": "ОсновноеТело",
					"origin": [8, 8, 8],
					"color": 0,
					"children": [
						0,
						1,
						2,
						{
							"name": "ПлавникиАнтены",
							"origin": [8, 8, 8],
							"color": 0,
							"children": [
								{
									"name": "Лево",
									"origin": [8, 8, 8],
									"color": 0,
									"children": [3, 4, 5, 6]
								},
								{
									"name": "Право",
									"origin": [8, 8, 8],
									"color": 0,
									"children": [7, 8]
								}
							]
						},
						{
							"name": "ПлавникиСредние",
							"origin": [8, 8, 8],
							"color": 0,
							"children": [
								{
									"name": "Право",
									"origin": [8, 8, 8],
									"color": 0,
									"children": [9, 10, 11, 12]
								},
								{
									"name": "Лево",
									"origin": [8, 8, 8],
									"color": 0,
									"children": [13, 14, 15, 16]
								}
							]
						},
						{
							"name": "Антены",
							"origin": [8, 8, 8],
							"color": 0,
							"children": [17, 18, 19, 20]
						},
						{
							"name": "Хвост",
							"origin": [8, 8, 8],
							"color": 0,
							"children": [21, 22, 23, 24, 25, 26, 27]
						}
					]
				},
				{
					"name": "ПередниеЛапы",
					"origin": [8, 8, 8],
					"color": 0,
					"children": [
						{
							"name": "ПереднПраваяЛапа",
							"origin": [8, 8, 8],
							"color": 0,
							"children": [28, 29, 30]
						},
						{
							"name": "ПереднЛеваяЛапа",
							"origin": [8, 8, 8],
							"color": 0,
							"children": [31, 32, 33]
						}
					]
				},
				{
					"name": "ЗадниеЛапы",
					"origin": [8, 8, 8],
					"color": 0,
					"children": [
						{
							"name": "ЗадняяПраваяЛапа",
							"origin": [8, 8, 8],
							"color": 0,
							"children": [34, 35, 36]
						},
						{
							"name": "ЗадняяЛеваяЛапа",
							"origin": [8, 8, 8],
							"color": 0,
							"children": [37, 38, 39]
						}
					]
				},
				{
					"name": "СредниеПлавники",
					"origin": [8, 8, 8],
					"color": 0,
					"children": [
						{
							"name": "СреднийПлавникПраво",
							"origin": [8, 8, 8],
							"color": 0,
							"children": [40, 41, 42, 43]
						},
						{
							"name": "СреднийПлавникЛево",
							"origin": [8, 8, 8],
							"color": 0,
							"children": [44, 45, 46, 47]
						}
					]
				}
			]
		}
	]
}