{
	"format_version": "1.9.0",
	"credit": "Made with Blockbench",
	"texture_size": [64, 64],
	"textures": {
		"4": "neirana_pattern_b",
		"particle": "block/nairanaT"
	},
	"elements": [
		{
			"name": "Голова",
			"from": [-0.27133, 3.9202, -13.975],
			"to": [9.72867, 12.9202, -4.975],
			"rotation": {"angle": -22.5, "axis": "y", "origin": [3.025, 11.675, -9.2]},
			"faces": {
				"north": {"uv": [2.5, 2.25, 0, 4.5], "texture": "#4"},
				"east": {"uv": [4, 5, 1.75, 7.25], "texture": "#4"},
				"south": {"uv": [2.5, 0, 0, 2.25], "texture": "#4"},
				"west": {"uv": [7, 3.25, 4.75, 5.5], "texture": "#4"},
				"up": {"uv": [4.75, 0, 2.5, 2.5], "rotation": 90, "texture": "#4"},
				"down": {"uv": [4.75, 5, 2.5, 2.5], "rotation": 270, "texture": "#4"}
			}
		},
		{
			"name": "Туловище-Хвост",
			"from": [6.15, 3.7, -1.575],
			"to": [12.85, 9.7, 11.425],
			"rotation": {"angle": 0, "axis": "y", "origin": [9.75, 5.7, 2.675]},
			"faces": {
				"north": {"uv": [10.875, 10, 9.25, 11.5], "texture": "#4"},
				"east": {"uv": [9.75, 0, 6.5, 1.5], "texture": "#4"},
				"south": {"uv": [12.125, 7.75, 10.5, 9.25], "texture": "#4"},
				"west": {"uv": [7.25, 5.5, 4, 7], "texture": "#4"},
				"up": {"uv": [0, 7.75, 1.625, 4.5], "texture": "#4"},
				"down": {"uv": [4.75, 0, 6.375, 3.25], "texture": "#4"}
			}
		},
		{
			"name": "Тело",
			"from": [4.85, 2.83613, -9.66811],
			"to": [12, 11.01113, -0.66811],
			"rotation": {"angle": 22.5, "axis": "y", "origin": [8.675, 5.45, -3.75]},
			"faces": {
				"north": {"uv": [11.5, 2.75, 9.75, 4.75], "texture": "#4"},
				"east": {"uv": [9.5, 5, 7.25, 7], "texture": "#4"},
				"south": {"uv": [6.75, 10, 5, 12], "texture": "#4"},
				"west": {"uv": [4, 7.25, 1.75, 9.25], "texture": "#4"},
				"up": {"uv": [0, 10, 1.75, 7.75], "texture": "#4"},
				"down": {"uv": [1.75, 9.25, 3.5, 11.5], "texture": "#4"}
			}
		},
		{
			"name": "ЛевоПлавникКреплАнтена1",
			"from": [5.92762, 12.93232, -11.1],
			"to": [7.35262, 15.43232, -10.375],
			"rotation": {"angle": -45, "axis": "z", "origin": [9.025, 11.675, -7.525]},
			"faces": {
				"north": {"uv": [14.625, 2.5, 14.25, 3.125], "texture": "#4"},
				"east": {"uv": [10.875, 13.5, 10.75, 14.125], "texture": "#4"},
				"south": {"uv": [2.875, 14.25, 2.5, 14.875], "texture": "#4"},
				"west": {"uv": [2.625, 13.5, 2.5, 14.125], "texture": "#4"},
				"up": {"uv": [13.375, 11.5, 13.25, 11.875], "rotation": 90, "texture": "#4"},
				"down": {"uv": [9.125, 14.375, 9, 14], "rotation": 270, "texture": "#4"}
			}
		},
		{
			"name": "ЛевоПлавникКреплАнтена2",
			"from": [5.42515, 9.9133, -11.2],
			"to": [7.42515, 12.9133, -10.275],
			"rotation": {"angle": -45, "axis": "z", "origin": [9.025, 11.675, -7.525]},
			"faces": {
				"north": {"uv": [11, 9.25, 10.5, 10], "texture": "#4"},
				"east": {"uv": [1.75, 10.75, 1.5, 11.5], "texture": "#4"},
				"south": {"uv": [4, 9.25, 3.5, 10], "texture": "#4"},
				"west": {"uv": [1.75, 10, 1.5, 10.75], "texture": "#4"},
				"up": {"uv": [2.5, 4.5, 2.25, 5], "rotation": 90, "texture": "#4"},
				"down": {"uv": [4.75, 5.5, 4.5, 5], "rotation": 270, "texture": "#4"}
			}
		},
		{
			"from": [6.25, 10.25, -10.75],
			"to": [11.625, 20.825, -10.75],
			"rotation": {"angle": -22.5, "axis": "z", "origin": [9.025, 11.675, -7.525]},
			"faces": {
				"north": {"uv": [11.125, 0, 9.75, 2.625], "texture": "#4"},
				"east": {"uv": [0, 0, 0, 2.625], "texture": "#4"},
				"south": {"uv": [10.875, 5, 9.5, 7.625], "texture": "#4"},
				"west": {"uv": [0, 0, 0, 2.625], "texture": "#4"},
				"up": {"uv": [0, 0, 0, 1.375], "rotation": 90, "texture": "#4"},
				"down": {"uv": [0, 1.375, 0, 0], "rotation": 270, "texture": "#4"}
			}
		},
		{
			"from": [5.025, 10.25, -4.8],
			"to": [10.4, 20.825, -4.8],
			"rotation": {"angle": -22.5, "axis": "z", "origin": [7.8, 11.675, -7.525]},
			"faces": {
				"north": {"uv": [4.875, 10, 3.5, 12.625], "texture": "#4"},
				"east": {"uv": [0, 0, 0, 2.625], "texture": "#4"},
				"south": {"uv": [1.375, 10, 0, 12.625], "texture": "#4"},
				"west": {"uv": [0, 0, 0, 2.625], "texture": "#4"},
				"up": {"uv": [0, 0, 0, 1.375], "rotation": 90, "texture": "#4"},
				"down": {"uv": [0, 1.375, 0, 0], "rotation": 270, "texture": "#4"}
			}
		},
		{
			"name": "ПравоПлавникКреплАнтена2",
			"from": [4.20015, 9.9133, -5.275],
			"to": [6.20015, 12.9133, -4.35],
			"rotation": {"angle": -45, "axis": "z", "origin": [7.8, 11.675, -7.525]},
			"faces": {
				"north": {"uv": [4.75, 14, 4.25, 14.75], "texture": "#4"},
				"east": {"uv": [11.5, 0.75, 11.25, 1.5], "texture": "#4"},
				"south": {"uv": [1.5, 14, 1, 14.75], "texture": "#4"},
				"west": {"uv": [11.5, 0, 11.25, 0.75], "texture": "#4"},
				"up": {"uv": [7.25, 5, 7, 5.5], "rotation": 90, "texture": "#4"},
				"down": {"uv": [11.5, 2, 11.25, 1.5], "rotation": 270, "texture": "#4"}
			}
		},
		{
			"name": "ПравоПлавникКреплАнтена1",
			"from": [2.94526, 17.17496, -5.175],
			"to": [4.37026, 19.67496, -4.45],
			"rotation": {"angle": -45, "axis": "z", "origin": [1.8, 11.675, -7.375]},
			"faces": {
				"north": {"uv": [11.125, 14.25, 10.75, 14.875], "texture": "#4"},
				"east": {"uv": [10.125, 14.5, 10, 15.125], "texture": "#4"},
				"south": {"uv": [14.625, 9.25, 14.25, 9.875], "texture": "#4"},
				"west": {"uv": [4.875, 14, 4.75, 14.625], "texture": "#4"},
				"up": {"uv": [9.875, 14.75, 9.75, 15.125], "rotation": 90, "texture": "#4"},
				"down": {"uv": [10.375, 15.125, 10.25, 14.75], "rotation": 270, "texture": "#4"}
			}
		},
		{
			"from": [7.375, 9.3, 2.5],
			"to": [7.375, 12.625, 9],
			"rotation": {"angle": 0, "axis": "y", "origin": [5.375, 9.5, 3.95]},
			"faces": {
				"north": {"uv": [0, 0, 0, 0.875], "texture": "#4"},
				"east": {"uv": [10.875, 11.5, 9.25, 12.375], "texture": "#4"},
				"south": {"uv": [0, 0, 0, 0.875], "texture": "#4"},
				"west": {"uv": [12.625, 6.5, 11, 7.375], "texture": "#4"},
				"up": {"uv": [0, 1.625, 0, 0], "texture": "#4"},
				"down": {"uv": [0, 0, 0, 1.625], "texture": "#4"}
			}
		},
		{
			"name": "ВерхнийПлавникНачалоПраво",
			"from": [6.95, 8.85971, 1.51149],
			"to": [7.9, 10.75971, 3.18649],
			"rotation": {"angle": 45, "axis": "x", "origin": [9.35, 10.2, 2.275]},
			"faces": {
				"north": {"uv": [11.5, 2, 11.25, 2.5], "texture": "#4"},
				"east": {"uv": [4.125, 14.5, 3.75, 15], "texture": "#4"},
				"south": {"uv": [3.5, 11.5, 3.25, 12], "texture": "#4"},
				"west": {"uv": [12.375, 14.25, 12, 14.75], "texture": "#4"},
				"up": {"uv": [10.75, 12.875, 11, 12.5], "texture": "#4"},
				"down": {"uv": [2.5, 13, 2.75, 13.375], "texture": "#4"}
			}
		},
		{
			"name": "ВерхнийПлавникСередПраво",
			"from": [7.1, 10.2256, 2.19635],
			"to": [7.75, 11.4756, 4.72135],
			"rotation": {"angle": -22.5, "axis": "x", "origin": [9.55, 11.325, 3.225]},
			"faces": {
				"north": {"uv": [10.625, 14.75, 10.5, 15.125], "texture": "#4"},
				"east": {"uv": [3.625, 14.5, 3, 14.875], "texture": "#4"},
				"south": {"uv": [11.375, 14.75, 11.25, 15.125], "texture": "#4"},
				"west": {"uv": [11.875, 14.25, 11.25, 14.625], "texture": "#4"},
				"up": {"uv": [6.25, 15.375, 6.375, 14.75], "texture": "#4"},
				"down": {"uv": [9.25, 14.75, 9.375, 15.375], "texture": "#4"}
			}
		},
		{
			"name": "ВерхнийПлавникКонецПраво",
			"from": [7.2, 11.4256, 4.47135],
			"to": [7.65, 12.4256, 6.14635],
			"rotation": {"angle": -22.5, "axis": "x", "origin": [9.55, 12.425, 5.5]},
			"faces": {
				"north": {"uv": [12.125, 7.5, 12, 7.75], "texture": "#4"},
				"east": {"uv": [5.625, 14.75, 5.25, 15], "texture": "#4"},
				"south": {"uv": [3.375, 12.5, 3.25, 12.75], "texture": "#4"},
				"west": {"uv": [15.125, 5, 14.75, 5.25], "texture": "#4"},
				"up": {"uv": [11.5, 15.125, 11.625, 14.75], "texture": "#4"},
				"down": {"uv": [11.75, 14.75, 11.875, 15.125], "texture": "#4"}
			}
		},
		{
			"from": [11.575, 9.3, 2.5],
			"to": [11.575, 12.625, 9],
			"rotation": {"angle": 0, "axis": "y", "origin": [13.575, 9.5, 3.95]},
			"faces": {
				"north": {"uv": [0, 0, 0, 0.875], "texture": "#4"},
				"east": {"uv": [13.625, 0, 12, 0.875], "texture": "#4"},
				"south": {"uv": [0, 0, 0, 0.875], "texture": "#4"},
				"west": {"uv": [13.125, 11, 11.5, 11.875], "texture": "#4"},
				"up": {"uv": [0, 1.625, 0, 0], "texture": "#4"},
				"down": {"uv": [0, 0, 0, 1.625], "texture": "#4"}
			}
		},
		{
			"name": "ВерхнийПлавникНачалоЛево",
			"from": [11.1, 8.85971, 1.51149],
			"to": [12.05, 10.75971, 3.18649],
			"rotation": {"angle": 45, "axis": "x", "origin": [9.35, 10.2, 2.275]},
			"faces": {
				"north": {"uv": [3.5, 12, 3.25, 12.5], "texture": "#4"},
				"east": {"uv": [8.125, 14.5, 7.75, 15], "texture": "#4"},
				"south": {"uv": [12.75, 2.75, 12.5, 3.25], "texture": "#4"},
				"west": {"uv": [7.625, 14.5, 7.25, 15], "texture": "#4"},
				"up": {"uv": [10.75, 13.375, 11, 13], "texture": "#4"},
				"down": {"uv": [4.25, 13.25, 4.5, 13.625], "texture": "#4"}
			}
		},
		{
			"name": "ВерхнийПлавникСередЛево",
			"from": [11.25, 10.2256, 2.19635],
			"to": [11.9, 11.4756, 4.72135],
			"rotation": {"angle": -22.5, "axis": "x", "origin": [9.55, 11.325, 3.225]},
			"faces": {
				"north": {"uv": [12.125, 14.75, 12, 15.125], "texture": "#4"},
				"east": {"uv": [7.125, 14.5, 6.5, 14.875], "texture": "#4"},
				"south": {"uv": [12.375, 14.75, 12.25, 15.125], "texture": "#4"},
				"west": {"uv": [15.125, 5.75, 14.5, 6.125], "texture": "#4"},
				"up": {"uv": [14.75, 9.875, 14.875, 9.25], "texture": "#4"},
				"down": {"uv": [9.5, 14.75, 9.625, 15.375], "texture": "#4"}
			}
		},
		{
			"name": "ВерхнийПлавникКонецЛево",
			"from": [11.35, 11.4256, 4.47135],
			"to": [11.8, 12.4256, 6.14635],
			"rotation": {"angle": -22.5, "axis": "x", "origin": [9.55, 12.425, 5.5]},
			"faces": {
				"north": {"uv": [13.375, 8.25, 13.25, 8.5], "texture": "#4"},
				"east": {"uv": [15.125, 5.5, 14.75, 5.75], "texture": "#4"},
				"south": {"uv": [13.875, 3.25, 13.75, 3.5], "texture": "#4"},
				"west": {"uv": [15.125, 5.25, 14.75, 5.5], "texture": "#4"},
				"up": {"uv": [12.5, 15.125, 12.625, 14.75], "texture": "#4"},
				"down": {"uv": [12.75, 14.75, 12.875, 15.125], "texture": "#4"}
			}
		},
		{
			"name": "антенна-Лево",
			"from": [2.81518, 11.12373, -11.97888],
			"to": [5.81518, 18.12373, -11.97888],
			"rotation": {"angle": 0, "axis": "y", "origin": [3.025, 11.675, -9.2]},
			"faces": {
				"north": {"uv": [6.25, 12, 5.5, 13.75], "texture": "#4"},
				"east": {"uv": [0, 0, 0, 1.75], "texture": "#4"},
				"south": {"uv": [12.75, 1, 12, 2.75], "texture": "#4"},
				"west": {"uv": [0, 0, 0, 1.75], "texture": "#4"},
				"up": {"uv": [0, 0, 0, 0.75], "rotation": 90, "texture": "#4"},
				"down": {"uv": [0, 0.75, 0, 0], "rotation": 270, "texture": "#4"}
			}
		},
		{
			"name": "антенна-Право",
			"from": [2.50904, 11.12373, -7.16022],
			"to": [5.50904, 18.12373, -7.16022],
			"rotation": {"angle": -45, "axis": "y", "origin": [3.025, 11.675, -9.2]},
			"faces": {
				"north": {"uv": [12, 1, 12.75, 2.75], "texture": "#4"},
				"east": {"uv": [0, 0, 0, 1.75], "texture": "#4"},
				"south": {"uv": [5.5, 12, 6.25, 13.75], "texture": "#4"},
				"west": {"uv": [0, 0, 0, 1.75], "texture": "#4"},
				"up": {"uv": [0, 0, 0, 0.75], "rotation": 90, "texture": "#4"},
				"down": {"uv": [0, 0.75, 0, 0], "rotation": 270, "texture": "#4"}
			}
		},
		{
			"name": "АнтенаШарикЛево",
			"from": [1.5, 15.5, -12.675],
			"to": [3.175, 17.1, -11.1],
			"rotation": {"angle": -22.5, "axis": "y", "origin": [3.025, 11.675, -9.2]},
			"faces": {
				"north": {"uv": [0.375, 14.75, 0, 15.125], "texture": "#4"},
				"east": {"uv": [14.875, 14.5, 14.5, 14.875], "texture": "#4"},
				"south": {"uv": [14.875, 14, 14.5, 14.375], "texture": "#4"},
				"west": {"uv": [14.375, 14.5, 14, 14.875], "texture": "#4"},
				"up": {"uv": [15.125, 0, 14.75, 0.375], "rotation": 90, "texture": "#4"},
				"down": {"uv": [1.375, 15.125, 1, 14.75], "rotation": 270, "texture": "#4"}
			}
		},
		{
			"name": "АнтенаШарикПраво",
			"from": [1.5, 15.5, -8.1],
			"to": [3.175, 17.1, -6.525],
			"rotation": {"angle": -22.5, "axis": "y", "origin": [3.025, 11.675, -9.2]},
			"faces": {
				"north": {"uv": [15.125, 2, 14.75, 2.375], "texture": "#4"},
				"east": {"uv": [2.375, 14.75, 2, 15.125], "texture": "#4"},
				"south": {"uv": [15.125, 1.5, 14.75, 1.875], "texture": "#4"},
				"west": {"uv": [1.875, 14.75, 1.5, 15.125], "texture": "#4"},
				"up": {"uv": [15.125, 2.5, 14.75, 2.875], "rotation": 90, "texture": "#4"},
				"down": {"uv": [4.625, 15.125, 4.25, 14.75], "rotation": 270, "texture": "#4"}
			}
		},
		{
			"name": "Хвост",
			"from": [5.225, 2.2, 10.475],
			"to": [9.725, 9.2, 21.475],
			"rotation": {"angle": -22.5, "axis": "y", "origin": [7.725, 4.575, 14.725]},
			"faces": {
				"north": {"uv": [12.125, 4.75, 11, 6.5], "texture": "#4"},
				"east": {"uv": [9.75, 3.25, 7, 5], "texture": "#4"},
				"south": {"uv": [12.125, 9.25, 11, 11], "texture": "#4"},
				"west": {"uv": [9.25, 1.5, 6.5, 3.25], "texture": "#4"},
				"up": {"uv": [6.75, 12.75, 7.875, 10], "texture": "#4"},
				"down": {"uv": [8, 10, 9.125, 12.75], "texture": "#4"}
			}
		},
		{
			"name": "ХвостВерхн-конец",
			"from": [5.05, 1.14497, 18.85718],
			"to": [7.2, 6.14497, 31.85718],
			"rotation": {"angle": -22.5, "axis": "x", "origin": [6.375, 5.725, 6.55]},
			"faces": {
				"north": {"uv": [1, 12.75, 0.5, 14], "texture": "#4"},
				"east": {"uv": [10.5, 8.75, 7.25, 10], "texture": "#4"},
				"south": {"uv": [1.5, 12.75, 1, 14], "texture": "#4"},
				"west": {"uv": [7.25, 8.75, 4, 10], "texture": "#4"},
				"up": {"uv": [11, 14.25, 11.5, 11], "texture": "#4"},
				"down": {"uv": [11.5, 0, 12, 3.25], "texture": "#4"}
			}
		},
		{
			"name": "Хвост-конец",
			"from": [5.025, 1.95, 18.775],
			"to": [7.225, 8.95, 29.775],
			"rotation": {"angle": 0, "axis": "y", "origin": [6.375, 5.7, 6.6]},
			"faces": {
				"north": {"uv": [9.75, 1.5, 9.25, 3.25], "texture": "#4"},
				"east": {"uv": [9.5, 7, 6.75, 8.75], "texture": "#4"},
				"south": {"uv": [6.75, 12, 6.25, 13.75], "texture": "#4"},
				"west": {"uv": [6.75, 7, 4, 8.75], "texture": "#4"},
				"up": {"uv": [2.75, 14.25, 3.25, 11.5], "texture": "#4"},
				"down": {"uv": [5, 12, 5.5, 14.75], "texture": "#4"}
			}
		},
		{
			"name": "ХвостНижнийПереход",
			"from": [5.15, 1.925, 29.525],
			"to": [7.1, 2.725, 31.075],
			"rotation": {"angle": 0, "axis": "y", "origin": [6.375, 5.7, 6.6]},
			"faces": {
				"north": {"uv": [13.25, 4.5, 12.75, 4.75], "texture": "#4"},
				"east": {"uv": [15.125, 7, 14.75, 7.25], "texture": "#4"},
				"south": {"uv": [14, 6.25, 13.5, 6.5], "texture": "#4"},
				"west": {"uv": [6.125, 14.75, 5.75, 15], "texture": "#4"},
				"up": {"uv": [8.25, 14.875, 8.75, 14.5], "texture": "#4"},
				"down": {"uv": [14.5, 8.25, 15, 8.625], "texture": "#4"}
			}
		},
		{
			"name": "ХвостНижнийУгол",
			"from": [5.175, -6.42276, 26.06771],
			"to": [7.075, -2.17276, 28.06771],
			"rotation": {"angle": -22.5, "axis": "x", "origin": [6.375, 5.7, 6.6]},
			"faces": {
				"north": {"uv": [13.75, 4.5, 13.25, 5.625], "texture": "#4"},
				"east": {"uv": [13.75, 9.25, 13.25, 10.375], "texture": "#4"},
				"south": {"uv": [9.75, 13.25, 9.25, 14.375], "texture": "#4"},
				"west": {"uv": [13.75, 7, 13.25, 8.125], "texture": "#4"},
				"up": {"uv": [1.75, 5, 2.25, 4.5], "texture": "#4"},
				"down": {"uv": [4, 5, 4.5, 5.5], "texture": "#4"}
			}
		},
		{
			"name": "ХвостПереходВерхний",
			"from": [5.125, 4.00205, 14.49973],
			"to": [7.125, 6.07705, 18.92473],
			"rotation": {"angle": -22.5, "axis": "x", "origin": [6.375, 5.7, 6.6]},
			"faces": {
				"north": {"uv": [12.5, 2.75, 12, 3.25], "texture": "#4"},
				"east": {"uv": [14.375, 11, 13.25, 11.5], "texture": "#4"},
				"south": {"uv": [13.25, 7, 12.75, 7.5], "texture": "#4"},
				"west": {"uv": [14.375, 10.5, 13.25, 11], "texture": "#4"},
				"up": {"uv": [9.75, 14.375, 10.25, 13.25], "texture": "#4"},
				"down": {"uv": [13.5, 11.5, 14, 12.625], "texture": "#4"}
			}
		},
		{
			"name": "ХвостВерхнийУгол",
			"from": [5.15, 15.02, 23.04633],
			"to": [7.1, 20.345, 27.72133],
			"rotation": {"angle": 22.5, "axis": "x", "origin": [6.375, 5.7, 6.6]},
			"faces": {
				"north": {"uv": [10.75, 12.5, 10.25, 13.875], "texture": "#4"},
				"east": {"uv": [12.625, 3.25, 11.5, 4.625], "texture": "#4"},
				"south": {"uv": [0.5, 12.75, 0, 14.125], "texture": "#4"},
				"west": {"uv": [2.625, 11.5, 1.5, 12.875], "texture": "#4"},
				"up": {"uv": [13.5, 13.875, 14, 12.75], "texture": "#4"},
				"down": {"uv": [13.75, 0, 14.25, 1.125], "texture": "#4"}
			}
		},
		{
			"name": "ПереднЛапа-Право",
			"from": [-0.7, 1.542, -9.43306],
			"to": [1.3, 3.017, -4.43306],
			"rotation": {"angle": 45, "axis": "y", "origin": [0.3, 2.2, -5.45]},
			"faces": {
				"north": {"uv": [9.25, 14.5, 8.75, 14.875], "texture": "#4"},
				"east": {"uv": [15.25, 3.25, 14, 3.625], "texture": "#4"},
				"south": {"uv": [15, 8.75, 14.5, 9.125], "texture": "#4"},
				"west": {"uv": [15, 7.5, 13.75, 7.875], "texture": "#4"},
				"up": {"uv": [12.75, 2.25, 13.25, 1], "texture": "#4"},
				"down": {"uv": [12.75, 2.25, 13.25, 3.5], "texture": "#4"}
			}
		},
		{
			"name": "ПереднЛапа-Плечо-Право",
			"from": [0.0179, 3.66422, -5.95],
			"to": [5.0179, 5.43922, -3.95],
			"rotation": {"angle": 22.5, "axis": "z", "origin": [3.725, 4.25, -4.7]},
			"faces": {
				"north": {"uv": [14, 3.5, 12.75, 4], "texture": "#4"},
				"east": {"uv": [13.5, 14, 13, 14.5], "texture": "#4"},
				"south": {"uv": [4.5, 12.75, 3.25, 13.25], "texture": "#4"},
				"west": {"uv": [14.5, 12.5, 14, 13], "texture": "#4"},
				"up": {"uv": [5, 12.75, 4.5, 14], "rotation": 90, "texture": "#4"},
				"down": {"uv": [7.25, 14, 6.75, 12.75], "rotation": 270, "texture": "#4"}
			}
		},
		{
			"name": "ПереднЛапа-Когти-Право",
			"from": [-5.125, 1.325, -10.225],
			"to": [-2.125, 2.325, -6.225],
			"rotation": {"angle": -22.5, "axis": "y", "origin": [-2.625, 1.825, -7.975]},
			"faces": {
				"north": {"uv": [10, 14.5, 9.25, 14.75], "texture": "#4"},
				"east": {"uv": [12, 7.5, 11, 7.75], "texture": "#4"},
				"south": {"uv": [15, 10, 14.25, 10.25], "texture": "#4"},
				"west": {"uv": [10.75, 4.75, 9.75, 5], "texture": "#4"},
				"up": {"uv": [13.25, 9.25, 12.25, 10], "rotation": 90, "texture": "#4"},
				"down": {"uv": [13.25, 10.75, 12.25, 10], "rotation": 270, "texture": "#4"}
			}
		},
		{
			"name": "ПереднЛапа-Лево",
			"from": [2.69955, 0.75663, -13.55],
			"to": [7.69955, 2.23163, -11.55],
			"rotation": {"angle": -22.5, "axis": "y", "origin": [6.125, 1.375, -12.55]},
			"faces": {
				"north": {"uv": [15.25, 6.25, 14, 6.625], "texture": "#4"},
				"east": {"uv": [15, 11, 14.5, 11.375], "texture": "#4"},
				"south": {"uv": [15.25, 3.75, 14, 4.125], "texture": "#4"},
				"west": {"uv": [15, 10.5, 14.5, 10.875], "texture": "#4"},
				"up": {"uv": [7.75, 12.75, 7.25, 14], "rotation": 90, "texture": "#4"},
				"down": {"uv": [8.25, 14, 7.75, 12.75], "rotation": 270, "texture": "#4"}
			}
		},
		{
			"name": "ПереднЛапа-Плечо-Лево",
			"from": [6.525, 1.4929, -13.11066],
			"to": [8.525, 6.4929, -11.33566],
			"rotation": {"angle": 45, "axis": "y", "origin": [7.525, 5.2, -12.275]},
			"faces": {
				"north": {"uv": [8.25, 14, 8.75, 12.75], "rotation": 180, "texture": "#4"},
				"east": {"uv": [12.75, 7, 14, 6.5], "rotation": 270, "texture": "#4"},
				"south": {"uv": [8.75, 12.75, 9.25, 14], "texture": "#4"},
				"west": {"uv": [12.75, 4.5, 14, 4], "rotation": 90, "texture": "#4"},
				"up": {"uv": [14, 14, 13.5, 14.5], "texture": "#4"},
				"down": {"uv": [14.5, 13, 14, 13.5], "rotation": 180, "texture": "#4"}
			}
		},
		{
			"name": "ПереднЛапа-Когти-Лево",
			"from": [1.5, 0.45, -15.975],
			"to": [5.5, 1.45, -12.975],
			"rotation": {"angle": 22.5, "axis": "y", "origin": [3.25, 0.95, -13.225]},
			"faces": {
				"north": {"uv": [13.25, 10.75, 12.25, 11], "texture": "#4"},
				"east": {"uv": [15.25, 12.75, 14.5, 13], "texture": "#4"},
				"south": {"uv": [14.75, 5.5, 13.75, 5.75], "texture": "#4"},
				"west": {"uv": [15.25, 12.5, 14.5, 12.75], "texture": "#4"},
				"up": {"uv": [9.25, 13.25, 10.25, 12.5], "texture": "#4"},
				"down": {"uv": [12.5, 12, 13.5, 12.75], "texture": "#4"}
			}
		},
		{
			"name": "ЗаднЛапа-Право",
			"from": [3.725, 2.84805, 7.77163],
			"to": [5.725, 4.54805, 12.77163],
			"rotation": {"angle": 22.5, "axis": "x", "origin": [4.475, 3.7, 9]},
			"faces": {
				"north": {"uv": [13.5, 14.5, 13, 14.875], "texture": "#4"},
				"east": {"uv": [9, 14, 7.75, 14.375], "texture": "#4"},
				"south": {"uv": [15, 13, 14.5, 13.375], "texture": "#4"},
				"west": {"uv": [7.75, 14, 6.5, 14.375], "texture": "#4"},
				"up": {"uv": [12.5, 14, 13, 12.75], "texture": "#4"},
				"down": {"uv": [1.5, 13, 2, 14.25], "texture": "#4"}
			}
		},
		{
			"name": "ЗаднЛапа-Бедр-Право",
			"from": [4.375, 3.50178, 6.38744],
			"to": [6.375, 7.50178, 8.38744],
			"rotation": {"angle": -22.5, "axis": "x", "origin": [5.375, 6.325, 7.15]},
			"faces": {
				"north": {"uv": [13.75, 2.25, 14.25, 3.25], "rotation": 180, "texture": "#4"},
				"east": {"uv": [13.5, 8.75, 14.5, 8.25], "rotation": 90, "texture": "#4"},
				"south": {"uv": [13.75, 2.25, 14.25, 1.25], "texture": "#4"},
				"west": {"uv": [13.5, 6.25, 14.5, 5.75], "rotation": 270, "texture": "#4"},
				"up": {"uv": [14.5, 13.5, 14, 14], "rotation": 180, "texture": "#4"},
				"down": {"uv": [14.5, 14, 14, 14.5], "texture": "#4"}
			}
		},
		{
			"name": "ЗаднЛапа-Когти-Право",
			"from": [2.2, 1.45, 11.2],
			"to": [6.2, 2.45, 15.2],
			"rotation": {"angle": 22.5, "axis": "z", "origin": [4.2, 2.2, 12.7]},
			"faces": {
				"north": {"uv": [14.75, 8, 13.75, 8.25], "texture": "#4"},
				"east": {"uv": [15, 6.75, 14, 7], "texture": "#4"},
				"south": {"uv": [15, 4.25, 14, 4.5], "texture": "#4"},
				"west": {"uv": [14.75, 10.25, 13.75, 10.5], "texture": "#4"},
				"up": {"uv": [9.5, 8.75, 10.5, 7.75], "texture": "#4"},
				"down": {"uv": [11.5, 12, 12.5, 13], "texture": "#4"}
			}
		},
		{
			"name": "ЗаднЛапа-Лево",
			"from": [12.375, 2.94372, 8.7276],
			"to": [14.375, 4.64372, 13.7276],
			"rotation": {"angle": -22.5, "axis": "y", "origin": [13.625, 3.7, 9.725]},
			"faces": {
				"north": {"uv": [14, 14.5, 13.5, 14.875], "texture": "#4"},
				"east": {"uv": [15.25, 12, 14, 12.375], "texture": "#4"},
				"south": {"uv": [15, 13.5, 14.5, 13.875], "texture": "#4"},
				"west": {"uv": [15.25, 11.5, 14, 11.875], "texture": "#4"},
				"up": {"uv": [2, 14.25, 2.5, 13], "texture": "#4"},
				"down": {"uv": [11.5, 13, 12, 14.25], "texture": "#4"}
			}
		},
		{
			"name": "ЗаднЛапа-Бедр-Лево",
			"from": [12.825, 4.93744, 5.49822],
			"to": [14.825, 6.93744, 9.49822],
			"rotation": {"angle": 45, "axis": "x", "origin": [13.575, 5.7, 6.675]},
			"faces": {
				"north": {"uv": [0.5, 14.25, 0, 14.75], "texture": "#4"},
				"east": {"uv": [14.75, 4.5, 13.75, 5], "texture": "#4"},
				"south": {"uv": [14.75, 0, 14.25, 0.5], "texture": "#4"},
				"west": {"uv": [14.5, 8.75, 13.5, 9.25], "texture": "#4"},
				"up": {"uv": [5.5, 14.75, 6, 13.75], "texture": "#4"},
				"down": {"uv": [6, 13.75, 6.5, 14.75], "texture": "#4"}
			}
		},
		{
			"name": "ЗаднЛапа-Когти-Лево",
			"from": [11.175, 1.475, 12.225],
			"to": [12.175, 5.475, 16.225],
			"rotation": {"angle": 22.5, "axis": "z", "origin": [11.675, 3.725, 13.475]},
			"faces": {
				"north": {"uv": [14.25, 0.75, 15.25, 0.5], "rotation": 90, "texture": "#4"},
				"east": {"uv": [13.25, 4.75, 12.25, 5.75], "rotation": 270, "texture": "#4"},
				"south": {"uv": [14.25, 1.25, 15.25, 1], "rotation": 270, "texture": "#4"},
				"west": {"uv": [13.25, 8.5, 12.25, 7.5], "rotation": 270, "texture": "#4"},
				"up": {"uv": [14.25, 1, 15.25, 0.75], "rotation": 270, "texture": "#4"},
				"down": {"uv": [14.25, 1.5, 15.25, 1.25], "rotation": 270, "texture": "#4"}
			}
		},
		{
			"name": "СреднПлавн-Плечо-Право",
			"from": [4, 1.36187, -3.6744],
			"to": [6, 6.36187, -1.6744],
			"rotation": {"angle": -45, "axis": "z", "origin": [5.25, 4.725, -2.75]},
			"faces": {
				"north": {"uv": [12.5, 13, 12, 14.25], "texture": "#4"},
				"east": {"uv": [13.75, 2.25, 13.25, 3.5], "texture": "#4"},
				"south": {"uv": [13.75, 1, 13.25, 2.25], "texture": "#4"},
				"west": {"uv": [13.5, 12.75, 13, 14], "texture": "#4"},
				"up": {"uv": [1.5, 14.75, 2, 14.25], "texture": "#4"},
				"down": {"uv": [14.25, 1.5, 14.75, 2], "texture": "#4"}
			}
		},
		{
			"name": "СреднПлавник-Право",
			"from": [-1.3, 0.45, -1.825],
			"to": [3.7, 3.45, -0.05],
			"rotation": {"angle": 22.5, "axis": "y", "origin": [-1.3, 1.7, -1.075]},
			"faces": {
				"north": {"uv": [13.5, 5.75, 12.25, 6.5], "texture": "#4"},
				"east": {"uv": [10.75, 14, 10.25, 14.75], "texture": "#4"},
				"south": {"uv": [13.5, 8.5, 12.25, 9.25], "texture": "#4"},
				"west": {"uv": [13, 14, 12.5, 14.75], "texture": "#4"},
				"up": {"uv": [3.75, 13.25, 3.25, 14.5], "rotation": 270, "texture": "#4"},
				"down": {"uv": [4.25, 14.5, 3.75, 13.25], "rotation": 90, "texture": "#4"}
			}
		},
		{
			"name": "СреднПлавн-Серед-Право",
			"from": [-5.3, 0.45, -1.825],
			"to": [-1.3, 2.45, -0.05],
			"rotation": {"angle": 22.5, "axis": "y", "origin": [-1.3, 1.7, -1.075]},
			"faces": {
				"north": {"uv": [14.75, 5, 13.75, 5.5], "texture": "#4"},
				"east": {"uv": [2.5, 14.25, 2, 14.75], "texture": "#4"},
				"south": {"uv": [14.75, 7, 13.75, 7.5], "texture": "#4"},
				"west": {"uv": [14.75, 2, 14.25, 2.5], "texture": "#4"},
				"up": {"uv": [14.25, 9.25, 13.75, 10.25], "rotation": 270, "texture": "#4"},
				"down": {"uv": [1, 15, 0.5, 14], "rotation": 90, "texture": "#4"}
			}
		},
		{
			"name": "СреднПлавн-Кончик-Право",
			"from": [-6.3, 0.45, -1.825],
			"to": [-5.3, 1.45, -0.05],
			"rotation": {"angle": 22.5, "axis": "y", "origin": [-1.3, 1.7, -1.075]},
			"faces": {
				"north": {"uv": [11, 4.75, 10.75, 5], "texture": "#4"},
				"east": {"uv": [15.25, 3, 14.75, 3.25], "texture": "#4"},
				"south": {"uv": [11.5, 2.5, 11.25, 2.75], "texture": "#4"},
				"west": {"uv": [15.25, 4.5, 14.75, 4.75], "texture": "#4"},
				"up": {"uv": [5.25, 14.75, 4.75, 15], "rotation": 270, "texture": "#4"},
				"down": {"uv": [15.25, 5, 14.75, 4.75], "rotation": 90, "texture": "#4"}
			}
		},
		{
			"name": "СреднПлавник-Лево",
			"from": [11.525, 0.45, -3.225],
			"to": [13.3, 3.45, 1.775],
			"rotation": {"angle": 0, "axis": "y", "origin": [12.55, 1.7, 1.775]},
			"faces": {
				"north": {"uv": [10.75, 14, 10.25, 14.75], "texture": "#4"},
				"east": {"uv": [13.5, 5.75, 12.25, 6.5], "texture": "#4"},
				"south": {"uv": [13, 14, 12.5, 14.75], "texture": "#4"},
				"west": {"uv": [13.5, 8.5, 12.25, 9.25], "texture": "#4"},
				"up": {"uv": [3.75, 13.25, 3.25, 14.5], "texture": "#4"},
				"down": {"uv": [4.25, 13.25, 3.75, 14.5], "texture": "#4"}
			}
		},
		{
			"name": "СреднПлавн-Серед-Лево",
			"from": [11.525, 0.45, 1.775],
			"to": [13.3, 2.45, 5.775],
			"rotation": {"angle": 0, "axis": "y", "origin": [12.55, 1.7, 1.775]},
			"faces": {
				"north": {"uv": [2.5, 14.25, 2, 14.75], "texture": "#4"},
				"east": {"uv": [14.75, 5, 13.75, 5.5], "texture": "#4"},
				"south": {"uv": [14.75, 2, 14.25, 2.5], "texture": "#4"},
				"west": {"uv": [14.75, 7, 13.75, 7.5], "texture": "#4"},
				"up": {"uv": [14.25, 9.25, 13.75, 10.25], "texture": "#4"},
				"down": {"uv": [1, 14, 0.5, 15], "texture": "#4"}
			}
		},
		{
			"name": "СреднПлавн-Кончик-Лево",
			"from": [11.525, 0.45, 5.775],
			"to": [13.3, 1.45, 6.775],
			"rotation": {"angle": 0, "axis": "y", "origin": [12.55, 1.7, 1.775]},
			"faces": {
				"north": {"uv": [15.25, 3, 14.75, 3.25], "texture": "#4"},
				"east": {"uv": [11, 4.75, 10.75, 5], "texture": "#4"},
				"south": {"uv": [15.25, 4.5, 14.75, 4.75], "texture": "#4"},
				"west": {"uv": [11.5, 2.5, 11.25, 2.75], "texture": "#4"},
				"up": {"uv": [5.25, 14.75, 4.75, 15], "texture": "#4"},
				"down": {"uv": [15.25, 4.75, 14.75, 5], "texture": "#4"}
			}
		},
		{
			"name": "СреднПлавн-Плечо-Лево",
			"from": [11.45, 1.18254, -4.63037],
			"to": [13.45, 6.18254, -2.63037],
			"rotation": {"angle": -22.5, "axis": "x", "origin": [12.2, 4.45, -3.475]},
			"faces": {
				"north": {"uv": [12.5, 13, 12, 14.25], "texture": "#4"},
				"east": {"uv": [13.5, 12.75, 13, 14], "texture": "#4"},
				"south": {"uv": [13.75, 1, 13.25, 2.25], "texture": "#4"},
				"west": {"uv": [13.75, 2.25, 13.25, 3.5], "texture": "#4"},
				"up": {"uv": [2, 14.25, 1.5, 14.75], "texture": "#4"},
				"down": {"uv": [14.75, 1.5, 14.25, 2], "texture": "#4"}
			}
		}
	],
	"display": {
		"thirdperson_righthand": {
			"rotation": [-168.81, 74.51, 171.25],
			"translation": [0, 5.5, 3.5],
			"scale": [0.81641, 0.81641, 0.81641]
		},
		"thirdperson_lefthand": {
			"translation": [0, 2, 2.75],
			"scale": [0.28711, 0.28711, 0.28711]
		},
		"ground": {
			"scale": [0.5, 0.5, 0.5]
		},
		"gui": {
			"rotation": [-180, 1.5, -180]
		},
		"head": {
			"translation": [0, -34.5, -33],
			"scale": [1.27539, 1.27539, 1.27539]
		},
		"fixed": {
			"rotation": [0, 90, 0],
			"scale": [0.41211, 0.41211, 0.41211]
		}
	},
	"groups": [
		{
			"name": "nairana",
			"origin": [8, 8, 8],
			"color": 0,
			"children": [
				{
					"name": "ОсновноеТело",
					"origin": [8, 8, 8],
					"color": 0,
					"children": [
						0,
						1,
						2,
						{
							"name": "ПлавникиАнтены",
							"origin": [8, 8, 8],
							"color": 0,
							"children": [
								{
									"name": "Лево",
									"origin": [8, 8, 8],
									"color": 0,
									"children": [3, 4, 5, 6]
								},
								{
									"name": "Право",
									"origin": [8, 8, 8],
									"color": 0,
									"children": [7, 8]
								}
							]
						},
						{
							"name": "ПлавникиСредние",
							"origin": [8, 8, 8],
							"color": 0,
							"children": [
								{
									"name": "Право",
									"origin": [8, 8, 8],
									"color": 0,
									"children": [9, 10, 11, 12]
								},
								{
									"name": "Лево",
									"origin": [8, 8, 8],
									"color": 0,
									"children": [13, 14, 15, 16]
								}
							]
						},
						{
							"name": "Антены",
							"origin": [8, 8, 8],
							"color": 0,
							"children": [17, 18, 19, 20]
						},
						{
							"name": "Хвост",
							"origin": [8, 8, 8],
							"color": 0,
							"children": [21, 22, 23, 24, 25, 26, 27]
						}
					]
				},
				{
					"name": "ПередниеЛапы",
					"origin": [8, 8, 8],
					"color": 0,
					"children": [
						{
							"name": "ПереднПраваяЛапа",
							"origin": [8, 8, 8],
							"color": 0,
							"children": [28, 29, 30]
						},
						{
							"name": "ПереднЛеваяЛапа",
							"origin": [8, 8, 8],
							"color": 0,
							"children": [31, 32, 33]
						}
					]
				},
				{
					"name": "ЗадниеЛапы",
					"origin": [8, 8, 8],
					"color": 0,
					"children": [
						{
							"name": "ЗадняяПраваяЛапа",
							"origin": [8, 8, 8],
							"color": 0,
							"children": [34, 35, 36]
						},
						{
							"name": "ЗадняяЛеваяЛапа",
							"origin": [8, 8, 8],
							"color": 0,
							"children": [37, 38, 39]
						}
					]
				},
				{
					"name": "СредниеПлавники",
					"origin": [8, 8, 8],
					"color": 0,
					"children": [
						{
							"name": "СреднийПлавникПраво",
							"origin": [8, 8, 8],
							"color": 0,
							"children": [40, 41, 42, 43]
						},
						{
							"name": "СреднийПлавникЛево",
							"origin": [8, 8, 8],
							"color": 0,
							"children": [44, 45, 46, 47]
						}
					]
				}
			]
		}
	]
}