{
	"format_version": "1.9.0",
	"credit": "Made with Blockbench",
	"texture_size": [64, 64],
	"textures": {
		"3": "block/texture",
		"particle": "block/nairanaT"
	},
	"elements": [
		{
			"name": "ЛевоПлавникКреплАнтена1",
			"from": [-4.20169, 14.46757, -8.8],
			"to": [-2.77669, 16.96757, -8.075],
			"rotation": {"angle": -45, "axis": "z", "origin": [-1.725, 7, -5.75]},
			"faces": {
				"north": {"uv": [14.625, 2.5, 14.25, 3.125], "texture": "#3"},
				"east": {"uv": [10.875, 13.5, 10.75, 14.125], "texture": "#3"},
				"south": {"uv": [2.875, 14.25, 2.5, 14.875], "texture": "#3"},
				"west": {"uv": [2.625, 13.5, 2.5, 14.125], "texture": "#3"},
				"up": {"uv": [13.375, 11.5, 13.25, 11.875], "rotation": 90, "texture": "#3"},
				"down": {"uv": [9.125, 14.375, 9, 14], "rotation": 270, "texture": "#3"}
			}
		},
		{
			"name": "ЛевоПлавникКреплАнтена2",
			"from": [-4.70416, 11.44855, -8.9],
			"to": [-2.70416, 14.44855, -7.975],
			"rotation": {"angle": -45, "axis": "z", "origin": [-1.725, 7, -5.75]},
			"faces": {
				"north": {"uv": [11, 9.25, 10.5, 10], "texture": "#3"},
				"east": {"uv": [1.75, 10.75, 1.5, 11.5], "texture": "#3"},
				"south": {"uv": [4, 9.25, 3.5, 10], "texture": "#3"},
				"west": {"uv": [1.75, 10, 1.5, 10.75], "texture": "#3"},
				"up": {"uv": [2.5, 4.5, 2.25, 5], "rotation": 90, "texture": "#3"},
				"down": {"uv": [4.75, 5.5, 4.5, 5], "rotation": 270, "texture": "#3"}
			}
		},
		{
			"from": [-1.55, 11.075, -8.45],
			"to": [3.825, 21.65, -8.45],
			"rotation": {"angle": -22.5, "axis": "z", "origin": [-1.725, 7, -5.75]},
			"faces": {
				"north": {"uv": [11.125, 0, 9.75, 2.625], "texture": "#3"},
				"east": {"uv": [0, 0, 0, 2.625], "texture": "#3"},
				"south": {"uv": [10.875, 5, 9.5, 7.625], "texture": "#3"},
				"west": {"uv": [0, 0, 0, 2.625], "texture": "#3"},
				"up": {"uv": [0, 0, 0, 1.375], "rotation": 90, "texture": "#3"},
				"down": {"uv": [0, 1.375, 0, 0], "rotation": 270, "texture": "#3"}
			}
		},
		{
			"from": [-1.55, 11.075, -2.5],
			"to": [3.825, 21.65, -2.5],
			"rotation": {"angle": -22.5, "axis": "z", "origin": [-1.725, 7, -5.75]},
			"faces": {
				"north": {"uv": [4.875, 10, 3.5, 12.625], "texture": "#3"},
				"east": {"uv": [0, 0, 0, 2.625], "texture": "#3"},
				"south": {"uv": [1.375, 10, 0, 12.625], "texture": "#3"},
				"west": {"uv": [0, 0, 0, 2.625], "texture": "#3"},
				"up": {"uv": [0, 1.375, 0, 0], "rotation": 90, "texture": "#3"},
				"down": {"uv": [0, 1.375, 0, 0], "rotation": 270, "texture": "#3"}
			}
		},
		{
			"name": "ПравоПлавникКреплАнтена2",
			"from": [-4.70416, 11.44855, -2.975],
			"to": [-2.70416, 14.44855, -2.05],
			"rotation": {"angle": -45, "axis": "z", "origin": [-1.725, 7, -5.75]},
			"faces": {
				"north": {"uv": [4.75, 14, 4.25, 14.75], "texture": "#3"},
				"east": {"uv": [11.5, 0.75, 11.25, 1.5], "texture": "#3"},
				"south": {"uv": [1.5, 14, 1, 14.75], "texture": "#3"},
				"west": {"uv": [11.5, 0, 11.25, 0.75], "texture": "#3"},
				"up": {"uv": [7.25, 5, 7, 5.5], "rotation": 90, "texture": "#3"},
				"down": {"uv": [11.5, 2, 11.25, 1.5], "rotation": 270, "texture": "#3"}
			}
		},
		{
			"name": "ПравоПлавникКреплАнтена1",
			"from": [-4.20169, 14.46757, -2.875],
			"to": [-2.77669, 16.96757, -2.15],
			"rotation": {"angle": -45, "axis": "z", "origin": [-1.725, 7, -5.75]},
			"faces": {
				"north": {"uv": [11.125, 14.25, 10.75, 14.875], "texture": "#3"},
				"east": {"uv": [10.125, 14.5, 10, 15.125], "texture": "#3"},
				"south": {"uv": [14.625, 9.25, 14.25, 9.875], "texture": "#3"},
				"west": {"uv": [4.875, 14, 4.75, 14.625], "texture": "#3"},
				"up": {"uv": [9.875, 14.75, 9.75, 15.125], "rotation": 90, "texture": "#3"},
				"down": {"uv": [10.375, 15.125, 10.25, 14.75], "rotation": 270, "texture": "#3"}
			}
		},
		{
			"from": [5.9, 7.6, 2.575],
			"to": [5.9, 10.925, 9.075],
			"rotation": {"angle": 0, "axis": "y", "origin": [3.9, 7.8, 4.025]},
			"faces": {
				"north": {"uv": [0, 0, 0, 0.875], "texture": "#3"},
				"east": {"uv": [10.875, 11.5, 9.25, 12.375], "texture": "#3"},
				"south": {"uv": [0, 0, 0, 0.875], "texture": "#3"},
				"west": {"uv": [12.625, 6.5, 11, 7.375], "texture": "#3"},
				"up": {"uv": [0, 1.625, 0, 0], "texture": "#3"},
				"down": {"uv": [0, 0, 0, 1.625], "texture": "#3"}
			}
		},
		{
			"name": "ВерхнийПлавникНачалоПраво",
			"from": [5.475, 7.15971, 1.58649],
			"to": [6.425, 9.05971, 3.26149],
			"rotation": {"angle": 45, "axis": "x", "origin": [7.875, 8.5, 2.35]},
			"faces": {
				"north": {"uv": [11.5, 2, 11.25, 2.5], "texture": "#3"},
				"east": {"uv": [4.125, 14.5, 3.75, 15], "texture": "#3"},
				"south": {"uv": [3.5, 11.5, 3.25, 12], "texture": "#3"},
				"west": {"uv": [12.375, 14.25, 12, 14.75], "texture": "#3"},
				"up": {"uv": [10.75, 12.875, 11, 12.5], "texture": "#3"},
				"down": {"uv": [2.5, 13, 2.75, 13.375], "texture": "#3"}
			}
		},
		{
			"name": "ВерхнийПлавникСередПраво",
			"from": [5.625, 8.5256, 2.27135],
			"to": [6.275, 9.7756, 4.79635],
			"rotation": {"angle": -22.5, "axis": "x", "origin": [8.075, 9.625, 3.3]},
			"faces": {
				"north": {"uv": [10.625, 14.75, 10.5, 15.125], "texture": "#3"},
				"east": {"uv": [3.625, 14.5, 3, 14.875], "texture": "#3"},
				"south": {"uv": [11.375, 14.75, 11.25, 15.125], "texture": "#3"},
				"west": {"uv": [11.875, 14.25, 11.25, 14.625], "texture": "#3"},
				"up": {"uv": [6.25, 15.375, 6.375, 14.75], "texture": "#3"},
				"down": {"uv": [9.25, 14.75, 9.375, 15.375], "texture": "#3"}
			}
		},
		{
			"name": "ВерхнийПлавникКонецПраво",
			"from": [5.725, 9.7256, 4.54635],
			"to": [6.175, 10.7256, 6.22135],
			"rotation": {"angle": -22.5, "axis": "x", "origin": [8.075, 10.725, 5.575]},
			"faces": {
				"north": {"uv": [12.125, 7.5, 12, 7.75], "texture": "#3"},
				"east": {"uv": [5.625, 14.75, 5.25, 15], "texture": "#3"},
				"south": {"uv": [3.375, 12.5, 3.25, 12.75], "texture": "#3"},
				"west": {"uv": [15.125, 5, 14.75, 5.25], "texture": "#3"},
				"up": {"uv": [11.5, 15.125, 11.625, 14.75], "texture": "#3"},
				"down": {"uv": [11.75, 14.75, 11.875, 15.125], "texture": "#3"}
			}
		},
		{
			"from": [9.9, 7.6, 2.575],
			"to": [9.9, 10.925, 9.075],
			"rotation": {"angle": 0, "axis": "y", "origin": [7.9, 7.8, 4.025]},
			"faces": {
				"north": {"uv": [0, 0, 0, 0.875], "texture": "#3"},
				"east": {"uv": [11.5, 11, 13.125, 11.875], "texture": "#3"},
				"south": {"uv": [0, 0, 0, 0.875], "texture": "#3"},
				"west": {"uv": [12, 0, 13.625, 0.875], "texture": "#3"},
				"up": {"uv": [0, 0, 0, 1.625], "texture": "#3"},
				"down": {"uv": [0, 0, 0, 1.625], "texture": "#3"}
			}
		},
		{
			"name": "ВерхнийПлавникНачалоЛево",
			"from": [9.425, 7.15971, 1.58649],
			"to": [10.375, 9.05971, 3.26149],
			"rotation": {"angle": 45, "axis": "x", "origin": [12.125, 8.5, 2.35]},
			"faces": {
				"north": {"uv": [3.25, 12, 3.5, 12.5], "texture": "#3"},
				"east": {"uv": [7.25, 14.5, 7.625, 15], "texture": "#3"},
				"south": {"uv": [12.5, 2.75, 12.75, 3.25], "texture": "#3"},
				"west": {"uv": [7.75, 14.5, 8.125, 15], "texture": "#3"},
				"up": {"uv": [11, 13.375, 10.75, 13], "texture": "#3"},
				"down": {"uv": [4.5, 13.25, 4.25, 13.625], "texture": "#3"}
			}
		},
		{
			"name": "ВерхнийПлавникСередЛево",
			"from": [9.575, 8.5256, 2.27135],
			"to": [10.225, 9.7756, 4.79635],
			"rotation": {"angle": -22.5, "axis": "x", "origin": [11.925, 9.625, 3.3]},
			"faces": {
				"north": {"uv": [12, 14.75, 12.125, 15.125], "texture": "#3"},
				"east": {"uv": [14.5, 5.75, 15.125, 6.125], "texture": "#3"},
				"south": {"uv": [12.25, 14.75, 12.375, 15.125], "texture": "#3"},
				"west": {"uv": [6.5, 14.5, 7.125, 14.875], "texture": "#3"},
				"up": {"uv": [14.875, 9.875, 14.75, 9.25], "texture": "#3"},
				"down": {"uv": [9.625, 14.75, 9.5, 15.375], "texture": "#3"}
			}
		},
		{
			"name": "ВерхнийПлавникКонецЛево",
			"from": [9.675, 9.7256, 4.54635],
			"to": [10.125, 10.7256, 6.22135],
			"rotation": {"angle": -22.5, "axis": "x", "origin": [11.925, 10.725, 5.575]},
			"faces": {
				"north": {"uv": [13.25, 8.25, 13.375, 8.5], "texture": "#3"},
				"east": {"uv": [14.75, 5.25, 15.125, 5.5], "texture": "#3"},
				"south": {"uv": [13.75, 3.25, 13.875, 3.5], "texture": "#3"},
				"west": {"uv": [14.75, 5.5, 15.125, 5.75], "texture": "#3"},
				"up": {"uv": [12.625, 15.125, 12.5, 14.75], "texture": "#3"},
				"down": {"uv": [12.875, 14.75, 12.75, 15.125], "texture": "#3"}
			}
		},
		{
			"name": "антенна-Лево",
			"from": [-4.21939, 10.29873, -8],
			"to": [-1.21939, 17.29873, -8],
			"rotation": {"angle": 22.5, "axis": "y", "origin": [-3.075, 13.775, -8]},
			"faces": {
				"north": {"uv": [6.25, 12, 5.5, 13.75], "texture": "#3"},
				"east": {"uv": [0, 0, 0, 1.75], "texture": "#3"},
				"south": {"uv": [12.75, 1, 12, 2.75], "texture": "#3"},
				"west": {"uv": [0, 0, 0, 1.75], "texture": "#3"},
				"up": {"uv": [0, 0, 0, 0.75], "rotation": 90, "texture": "#3"},
				"down": {"uv": [0, 0.75, 0, 0], "rotation": 270, "texture": "#3"}
			}
		},
		{
			"name": "антенна-Право",
			"from": [-4.21939, 10.29873, -2.95],
			"to": [-1.21939, 17.29873, -2.95],
			"rotation": {"angle": -22.5, "axis": "y", "origin": [-3.075, 13.775, -2.95]},
			"faces": {
				"north": {"uv": [12, 1, 12.75, 2.75], "texture": "#3"},
				"east": {"uv": [0, 0, 0, 1.75], "texture": "#3"},
				"south": {"uv": [5.5, 12, 6.25, 13.75], "texture": "#3"},
				"west": {"uv": [0, 0, 0, 1.75], "texture": "#3"},
				"up": {"uv": [0, 0.75, 0, 0], "rotation": 90, "texture": "#3"},
				"down": {"uv": [0, 0.75, 0, 0], "rotation": 270, "texture": "#3"}
			}
		},
		{
			"name": "АнтенаШарикЛево",
			"from": [-4.4, 14.675, -8.55],
			"to": [-2.725, 16.275, -6.975],
			"rotation": {"angle": 0, "axis": "y", "origin": [-3.475, 15.1, -8.05]},
			"faces": {
				"north": {"uv": [0.375, 14.75, 0, 15.125], "texture": "#3"},
				"east": {"uv": [14.875, 14.5, 14.5, 14.875], "texture": "#3"},
				"south": {"uv": [14.875, 14, 14.5, 14.375], "texture": "#3"},
				"west": {"uv": [14.375, 14.5, 14, 14.875], "texture": "#3"},
				"up": {"uv": [15.125, 0, 14.75, 0.375], "rotation": 90, "texture": "#3"},
				"down": {"uv": [1.375, 15.125, 1, 14.75], "rotation": 270, "texture": "#3"}
			}
		},
		{
			"name": "АнтенаШарикПраво",
			"from": [-4.4, 14.675, -3.975],
			"to": [-2.725, 16.275, -2.4],
			"rotation": {"angle": 0, "axis": "y", "origin": [-3.6, 15.275, -3.175]},
			"faces": {
				"north": {"uv": [15.125, 2, 14.75, 2.375], "texture": "#3"},
				"east": {"uv": [2.375, 14.75, 2, 15.125], "texture": "#3"},
				"south": {"uv": [15.125, 1.5, 14.75, 1.875], "texture": "#3"},
				"west": {"uv": [1.875, 14.75, 1.5, 15.125], "texture": "#3"},
				"up": {"uv": [15.125, 2.5, 14.75, 2.875], "rotation": 90, "texture": "#3"},
				"down": {"uv": [4.625, 15.125, 4.25, 14.75], "rotation": 270, "texture": "#3"}
			}
		},
		{
			"name": "Хвост",
			"from": [2.775, 0.625, 8.675],
			"to": [7.275, 7.625, 19.675],
			"rotation": {"angle": -45, "axis": "y", "origin": [5.275, 4, 13.925]},
			"faces": {
				"north": {"uv": [12.125, 4.75, 11, 6.5], "texture": "#3"},
				"east": {"uv": [9.75, 3.25, 7, 5], "texture": "#3"},
				"south": {"uv": [12.125, 9.25, 11, 11], "texture": "#3"},
				"west": {"uv": [9.25, 1.5, 6.5, 3.25], "texture": "#3"},
				"up": {"uv": [6.75, 12.75, 7.875, 10], "texture": "#3"},
				"down": {"uv": [8, 10, 9.125, 12.75], "texture": "#3"}
			}
		},
		{
			"name": "ХвостВерхн-конец",
			"from": [-13.90692, 5.79394, 14.85],
			"to": [-0.90692, 10.79394, 17],
			"rotation": {"angle": -22.5, "axis": "z", "origin": [-4.725, 4.75, 16.175]},
			"faces": {
				"north": {"uv": [7.25, 8.75, 4, 10], "texture": "#3"},
				"east": {"uv": [1, 12.75, 0.5, 14], "texture": "#3"},
				"south": {"uv": [10.5, 8.75, 7.25, 10], "texture": "#3"},
				"west": {"uv": [1.5, 12.75, 1, 14], "texture": "#3"},
				"up": {"uv": [11.5, 11, 11, 14.25], "rotation": 270, "texture": "#3"},
				"down": {"uv": [12, 3.25, 11.5, 0], "rotation": 90, "texture": "#3"}
			}
		},
		{
			"name": "Хвост-конец",
			"from": [-10.9, 0, 14.825],
			"to": [0.1, 7, 17.025],
			"rotation": {"angle": 0, "axis": "y", "origin": [-4.725, 4.75, 16.175]},
			"faces": {
				"north": {"uv": [6.75, 7, 4, 8.75], "texture": "#3"},
				"east": {"uv": [9.75, 1.5, 9.25, 3.25], "texture": "#3"},
				"south": {"uv": [9.5, 7, 6.75, 8.75], "texture": "#3"},
				"west": {"uv": [6.75, 12, 6.25, 13.75], "texture": "#3"},
				"up": {"uv": [3.25, 11.5, 2.75, 14.25], "rotation": 270, "texture": "#3"},
				"down": {"uv": [5.5, 14.75, 5, 12], "rotation": 90, "texture": "#3"}
			}
		},
		{
			"name": "ХвостНижнийПереход",
			"from": [-12.2, -0.025, 14.95],
			"to": [-10.65, 0.775, 16.9],
			"rotation": {"angle": 0, "axis": "y", "origin": [-4.725, 4.75, 16.175]},
			"faces": {
				"north": {"uv": [6.125, 14.75, 5.75, 15], "texture": "#3"},
				"east": {"uv": [13.25, 4.5, 12.75, 4.75], "texture": "#3"},
				"south": {"uv": [15.125, 7, 14.75, 7.25], "texture": "#3"},
				"west": {"uv": [14, 6.25, 13.5, 6.5], "texture": "#3"},
				"up": {"uv": [8.75, 14.5, 8.25, 14.875], "rotation": 270, "texture": "#3"},
				"down": {"uv": [15, 8.625, 14.5, 8.25], "rotation": 90, "texture": "#3"}
			}
		},
		{
			"name": "ХвостНижнийУгол",
			"from": [-10.10407, -1.79102, 14.975],
			"to": [-8.10407, 2.45898, 16.875],
			"rotation": {"angle": -22.5, "axis": "z", "origin": [-4.725, 4.75, 16.175]},
			"faces": {
				"north": {"uv": [13.75, 7, 13.25, 8.125], "texture": "#3"},
				"east": {"uv": [13.75, 4.5, 13.25, 5.625], "texture": "#3"},
				"south": {"uv": [13.75, 9.25, 13.25, 10.375], "texture": "#3"},
				"west": {"uv": [9.75, 13.25, 9.25, 14.375], "texture": "#3"},
				"up": {"uv": [2.25, 4.5, 1.75, 5], "rotation": 270, "texture": "#3"},
				"down": {"uv": [4.5, 5.5, 4, 5], "rotation": 90, "texture": "#3"}
			}
		},
		{
			"name": "ХвостПереходВерхний",
			"from": [-0.96109, 8.63379, 14.925],
			"to": [3.46391, 10.70879, 16.925],
			"rotation": {"angle": -22.5, "axis": "z", "origin": [-4.725, 4.75, 16.175]},
			"faces": {
				"north": {"uv": [14.375, 10.5, 13.25, 11], "texture": "#3"},
				"east": {"uv": [12.5, 2.75, 12, 3.25], "texture": "#3"},
				"south": {"uv": [14.375, 11, 13.25, 11.5], "texture": "#3"},
				"west": {"uv": [13.25, 7, 12.75, 7.5], "texture": "#3"},
				"up": {"uv": [10.25, 13.25, 9.75, 14.375], "rotation": 270, "texture": "#3"},
				"down": {"uv": [14, 12.625, 13.5, 11.5], "rotation": 90, "texture": "#3"}
			}
		},
		{
			"name": "ХвостВерхнийУгол",
			"from": [-10.52306, 6.6405, 14.95],
			"to": [-5.84806, 11.9655, 16.9],
			"rotation": {"angle": 22.5, "axis": "z", "origin": [-4.725, 4.75, 16.175]},
			"faces": {
				"north": {"uv": [2.625, 11.5, 1.5, 12.875], "texture": "#3"},
				"east": {"uv": [10.75, 12.5, 10.25, 13.875], "texture": "#3"},
				"south": {"uv": [12.625, 3.25, 11.5, 4.625], "texture": "#3"},
				"west": {"uv": [0.5, 12.75, 0, 14.125], "texture": "#3"},
				"up": {"uv": [14, 12.75, 13.5, 13.875], "rotation": 270, "texture": "#3"},
				"down": {"uv": [14.25, 1.125, 13.75, 0], "rotation": 90, "texture": "#3"}
			}
		},
		{
			"name": "Голова",
			"from": [-6.19113, 3.19762, -10],
			"to": [3.80887, 12.19762, -1],
			"rotation": {"angle": 0, "axis": "y", "origin": [-1.725, 7, -5.75]},
			"faces": {
				"north": {"uv": [2.5, 2.25, 0, 4.5], "texture": "#3"},
				"east": {"uv": [4, 5, 1.75, 7.25], "texture": "#3"},
				"south": {"uv": [2.5, 0, 0, 2.25], "texture": "#3"},
				"west": {"uv": [7, 3.25, 4.75, 5.5], "texture": "#3"},
				"up": {"uv": [4.75, 0, 2.5, 2.5], "rotation": 90, "texture": "#3"},
				"down": {"uv": [4.75, 5, 2.5, 2.5], "rotation": 270, "texture": "#3"}
			}
		},
		{
			"name": "Туловище-Хвост",
			"from": [4.675, 2, -1.5],
			"to": [11.375, 8, 11.5],
			"rotation": {"angle": 0, "axis": "y", "origin": [8.275, 4, 6.75]},
			"faces": {
				"north": {"uv": [10.875, 10, 9.25, 11.5], "texture": "#3"},
				"east": {"uv": [9.75, 0, 6.5, 1.5], "texture": "#3"},
				"south": {"uv": [12.125, 7.75, 10.5, 9.25], "texture": "#3"},
				"west": {"uv": [7.25, 5.5, 4, 7], "texture": "#3"},
				"up": {"uv": [0, 7.75, 1.625, 4.5], "texture": "#3"},
				"down": {"uv": [4.75, 0, 6.375, 3.25], "texture": "#3"}
			}
		},
		{
			"name": "Тело",
			"from": [2.7, 1.71226, -7.78543],
			"to": [9.85, 9.88726, 1.21457],
			"rotation": {"angle": 45, "axis": "y", "origin": [6.525, 5.25, -2.25]},
			"faces": {
				"north": {"uv": [11.5, 2.75, 9.75, 4.75], "texture": "#3"},
				"east": {"uv": [9.5, 5, 7.25, 7], "texture": "#3"},
				"south": {"uv": [6.75, 10, 5, 12], "texture": "#3"},
				"west": {"uv": [4, 7.25, 1.75, 9.25], "texture": "#3"},
				"up": {"uv": [0, 10, 1.75, 7.75], "texture": "#3"},
				"down": {"uv": [1.75, 9.25, 3.5, 11.5], "texture": "#3"}
			}
		},
		{
			"name": "ПереднЛапа-Право",
			"from": [-4.63903, 0.43768, -1.25],
			"to": [0.36097, 1.91268, 0.75],
			"rotation": {"angle": 0, "axis": "y", "origin": [-0.425, 1, -0.25]},
			"faces": {
				"north": {"uv": [15.25, 3.25, 14, 3.625], "texture": "#3"},
				"east": {"uv": [15, 8.75, 14.5, 9.125], "texture": "#3"},
				"south": {"uv": [15, 7.5, 13.75, 7.875], "texture": "#3"},
				"west": {"uv": [9.25, 14.5, 8.75, 14.875], "texture": "#3"},
				"up": {"uv": [13.25, 1, 12.75, 2.25], "rotation": 90, "texture": "#3"},
				"down": {"uv": [13.25, 3.5, 12.75, 2.25], "rotation": 270, "texture": "#3"}
			}
		},
		{
			"name": "ПереднЛапа-Плечо-Право",
			"from": [-0.73076, 1.28412, -1.45],
			"to": [1.04424, 6.28412, 0.55],
			"rotation": {"angle": -22.5, "axis": "z", "origin": [0.325, 3.25, -5]},
			"faces": {
				"north": {"uv": [12.75, 4, 14, 3.5], "rotation": 270, "texture": "#3"},
				"east": {"uv": [6.75, 12.75, 7.25, 14], "texture": "#3"},
				"south": {"uv": [3.25, 13.25, 4.5, 12.75], "rotation": 90, "texture": "#3"},
				"west": {"uv": [4.5, 14, 5, 12.75], "rotation": 180, "texture": "#3"},
				"up": {"uv": [13, 14.5, 13.5, 14], "rotation": 90, "texture": "#3"},
				"down": {"uv": [14, 13, 14.5, 12.5], "rotation": 90, "texture": "#3"}
			}
		},
		{
			"name": "ПереднЛапа-Когти-Право",
			"from": [-6.75008, 0.75, -2.11575],
			"to": [-3.75008, 1.75, 1.88425],
			"rotation": {"angle": -22.5, "axis": "z", "origin": [-5.675, 1.75, -0.75]},
			"faces": {
				"north": {"uv": [10, 14.5, 9.25, 14.75], "texture": "#3"},
				"east": {"uv": [12, 7.5, 11, 7.75], "texture": "#3"},
				"south": {"uv": [15, 10, 14.25, 10.25], "texture": "#3"},
				"west": {"uv": [10.75, 4.75, 9.75, 5], "texture": "#3"},
				"up": {"uv": [13.25, 9.25, 12.25, 10], "rotation": 90, "texture": "#3"},
				"down": {"uv": [13.25, 10.75, 12.25, 10], "rotation": 270, "texture": "#3"}
			}
		},
		{
			"name": "ПереднЛапа-Лево",
			"from": [-0.80882, 2.166, -12.15],
			"to": [4.19118, 3.641, -10.15],
			"rotation": {"angle": 45, "axis": "z", "origin": [4.575, 3.25, -5.25]},
			"faces": {
				"north": {"uv": [15.25, 6.25, 14, 6.625], "texture": "#3"},
				"east": {"uv": [15, 11, 14.5, 11.375], "texture": "#3"},
				"south": {"uv": [15.25, 3.75, 14, 4.125], "texture": "#3"},
				"west": {"uv": [15, 10.5, 14.5, 10.875], "texture": "#3"},
				"up": {"uv": [7.75, 12.75, 7.25, 14], "rotation": 90, "texture": "#3"},
				"down": {"uv": [8.25, 14, 7.75, 12.75], "rotation": 270, "texture": "#3"}
			}
		},
		{
			"name": "ПереднЛапа-Плечо-Лево",
			"from": [0.65035, 0.61129, -11.45],
			"to": [2.42535, 5.61129, -9.45],
			"rotation": {"angle": 45, "axis": "z", "origin": [1.825, 4.25, -10.5]},
			"faces": {
				"north": {"uv": [12.75, 7, 14, 6.5], "rotation": 270, "texture": "#3"},
				"east": {"uv": [8.75, 12.75, 9.25, 14], "texture": "#3"},
				"south": {"uv": [12.75, 4.5, 14, 4], "rotation": 90, "texture": "#3"},
				"west": {"uv": [8.25, 14, 8.75, 12.75], "rotation": 180, "texture": "#3"},
				"up": {"uv": [13.5, 14.5, 14, 14], "rotation": 90, "texture": "#3"},
				"down": {"uv": [14, 13.5, 14.5, 13], "rotation": 90, "texture": "#3"}
			}
		},
		{
			"name": "ПереднЛапа-Когти-Лево",
			"from": [-1.07807, -0.75, -14.36955],
			"to": [1.92193, 0.25, -10.36955],
			"rotation": {"angle": -45, "axis": "y", "origin": [0.575, -0.25, -12.25]},
			"faces": {
				"north": {"uv": [15.25, 12.75, 14.5, 13], "texture": "#3"},
				"east": {"uv": [14.75, 5.5, 13.75, 5.75], "texture": "#3"},
				"south": {"uv": [15.25, 12.5, 14.5, 12.75], "texture": "#3"},
				"west": {"uv": [13.25, 10.75, 12.25, 11], "texture": "#3"},
				"up": {"uv": [10.25, 12.5, 9.25, 13.25], "rotation": 90, "texture": "#3"},
				"down": {"uv": [13.5, 12.75, 12.5, 12], "rotation": 270, "texture": "#3"}
			}
		},
		{
			"name": "ЗаднЛапа-Право",
			"from": [0.3, 1.14805, 6.02163],
			"to": [2.3, 2.84805, 11.02163],
			"rotation": {"angle": 0, "axis": "y", "origin": [1.05, 2, 7.25]},
			"faces": {
				"north": {"uv": [13.5, 14.5, 13, 14.875], "texture": "#3"},
				"east": {"uv": [9, 14, 7.75, 14.375], "texture": "#3"},
				"south": {"uv": [15, 13, 14.5, 13.375], "texture": "#3"},
				"west": {"uv": [7.75, 14, 6.5, 14.375], "texture": "#3"},
				"up": {"uv": [12.5, 14, 13, 12.75], "texture": "#3"},
				"down": {"uv": [1.5, 13, 2, 14.25], "texture": "#3"}
			}
		},
		{
			"name": "ЗаднЛапа-Бедр-Право",
			"from": [2.7, 1.44544, 6.13992],
			"to": [4.7, 5.44544, 8.13992],
			"rotation": {"angle": -45, "axis": "z", "origin": [3.7, 4.5, 7]},
			"faces": {
				"north": {"uv": [13.75, 2.25, 14.25, 3.25], "rotation": 180, "texture": "#3"},
				"east": {"uv": [13.5, 8.75, 14.5, 8.25], "rotation": 90, "texture": "#3"},
				"south": {"uv": [13.75, 2.25, 14.25, 1.25], "texture": "#3"},
				"west": {"uv": [13.5, 6.25, 14.5, 5.75], "rotation": 270, "texture": "#3"},
				"up": {"uv": [14.5, 13.5, 14, 14], "rotation": 180, "texture": "#3"},
				"down": {"uv": [14.5, 14, 14, 14.5], "texture": "#3"}
			}
		},
		{
			"name": "ЗаднЛапа-Когти-Право",
			"from": [-1.45, 0.75, 9.25],
			"to": [2.55, 1.75, 13.25],
			"rotation": {"angle": -45, "axis": "x", "origin": [0.55, 1.25, 10.75]},
			"faces": {
				"north": {"uv": [14.75, 8, 13.75, 8.25], "texture": "#3"},
				"east": {"uv": [15, 6.75, 14, 7], "texture": "#3"},
				"south": {"uv": [15, 4.25, 14, 4.5], "texture": "#3"},
				"west": {"uv": [14.75, 10.25, 13.75, 10.5], "texture": "#3"},
				"up": {"uv": [9.5, 8.75, 10.5, 7.75], "texture": "#3"},
				"down": {"uv": [11.5, 12, 12.5, 13], "texture": "#3"}
			}
		},
		{
			"name": "ЗаднЛапа-Лево",
			"from": [12.25, 0.47731, 7.90641],
			"to": [14.25, 2.17731, 12.90641],
			"rotation": {"angle": 22.5, "axis": "y", "origin": [13.25, 1.25, 10.25]},
			"faces": {
				"north": {"uv": [14, 14.5, 13.5, 14.875], "texture": "#3"},
				"east": {"uv": [15.25, 12, 14, 12.375], "texture": "#3"},
				"south": {"uv": [15, 13.5, 14.5, 13.875], "texture": "#3"},
				"west": {"uv": [15.25, 11.5, 14, 11.875], "texture": "#3"},
				"up": {"uv": [2, 14.25, 2.5, 13], "texture": "#3"},
				"down": {"uv": [11.5, 13, 12, 14.25], "texture": "#3"}
			}
		},
		{
			"name": "ЗаднЛапа-Бедр-Лево",
			"from": [11.35, 2.73744, 5.57322],
			"to": [13.35, 4.73744, 9.57322],
			"rotation": {"angle": 45, "axis": "x", "origin": [8.1, 3.5, 6.75]},
			"faces": {
				"north": {"uv": [0.5, 14.25, 0, 14.75], "texture": "#3"},
				"east": {"uv": [14.75, 4.5, 13.75, 5], "texture": "#3"},
				"south": {"uv": [14.75, 0, 14.25, 0.5], "texture": "#3"},
				"west": {"uv": [14.5, 8.75, 13.5, 9.25], "texture": "#3"},
				"up": {"uv": [5.5, 14.75, 6, 13.75], "texture": "#3"},
				"down": {"uv": [6, 13.75, 6.5, 14.75], "texture": "#3"}
			}
		},
		{
			"name": "ЗаднЛапа-Когти-Лево",
			"from": [12.75, 0, 11],
			"to": [16.75, 1, 15],
			"rotation": {"angle": 0, "axis": "y", "origin": [14.75, 0.75, 13]},
			"faces": {
				"north": {"uv": [15.25, 0.5, 14.25, 0.75], "texture": "#3"},
				"east": {"uv": [15.25, 1.25, 14.25, 1.5], "texture": "#3"},
				"south": {"uv": [15.25, 1, 14.25, 1.25], "texture": "#3"},
				"west": {"uv": [15.25, 0.75, 14.25, 1], "texture": "#3"},
				"up": {"uv": [12.25, 5.75, 13.25, 4.75], "texture": "#3"},
				"down": {"uv": [12.25, 7.5, 13.25, 8.5], "texture": "#3"}
			}
		},
		{
			"name": "СреднПлавн-Плечо-Право",
			"from": [2.225, 0.56075, -0.79172],
			"to": [4.225, 5.56075, 1.20828],
			"rotation": {"angle": -22.5, "axis": "z", "origin": [3.225, 3, -0.25]},
			"faces": {
				"north": {"uv": [12.5, 13, 12, 14.25], "texture": "#3"},
				"east": {"uv": [13.75, 2.25, 13.25, 3.5], "texture": "#3"},
				"south": {"uv": [13.75, 1, 13.25, 2.25], "texture": "#3"},
				"west": {"uv": [13.5, 12.75, 13, 14], "texture": "#3"},
				"up": {"uv": [1.5, 14.75, 2, 14.25], "texture": "#3"},
				"down": {"uv": [14.25, 1.5, 14.75, 2], "texture": "#3"}
			}
		},
		{
			"name": "СреднПлавник-Право",
			"from": [-1.525, 0, -0.75],
			"to": [0.25, 3, 4.25],
			"rotation": {"angle": -45, "axis": "y", "origin": [-0.775, 1.25, 4.25]},
			"faces": {
				"north": {"uv": [10.75, 14, 10.25, 14.75], "texture": "#3"},
				"east": {"uv": [13.5, 8.5, 12.25, 9.25], "texture": "#3"},
				"south": {"uv": [13, 14, 12.5, 14.75], "texture": "#3"},
				"west": {"uv": [13.5, 5.75, 12.25, 6.5], "texture": "#3"},
				"up": {"uv": [3.25, 14.5, 3.75, 13.25], "texture": "#3"},
				"down": {"uv": [3.75, 13.25, 4.25, 14.5], "texture": "#3"}
			}
		},
		{
			"name": "СреднПлавн-Серед-Право",
			"from": [-1.525, 0, 4.25],
			"to": [0.25, 2, 8.25],
			"rotation": {"angle": -45, "axis": "y", "origin": [-0.775, 1.25, 4.25]},
			"faces": {
				"north": {"uv": [2.5, 14.25, 2, 14.75], "texture": "#3"},
				"east": {"uv": [14.75, 7, 13.75, 7.5], "texture": "#3"},
				"south": {"uv": [14.75, 2, 14.25, 2.5], "texture": "#3"},
				"west": {"uv": [14.75, 5, 13.75, 5.5], "texture": "#3"},
				"up": {"uv": [13.75, 10.25, 14.25, 9.25], "texture": "#3"},
				"down": {"uv": [0.5, 14, 1, 15], "texture": "#3"}
			}
		},
		{
			"name": "СреднПлавн-Кончик-Право",
			"from": [-1.525, 0, 8.25],
			"to": [0.25, 1, 9.25],
			"rotation": {"angle": -45, "axis": "y", "origin": [-0.775, 1.25, 4.25]},
			"faces": {
				"north": {"uv": [15.25, 3, 14.75, 3.25], "texture": "#3"},
				"east": {"uv": [11.5, 2.5, 11.25, 2.75], "texture": "#3"},
				"south": {"uv": [15.25, 4.5, 14.75, 4.75], "texture": "#3"},
				"west": {"uv": [11, 4.75, 10.75, 5], "texture": "#3"},
				"up": {"uv": [4.75, 15, 5.25, 14.75], "texture": "#3"},
				"down": {"uv": [14.75, 4.75, 15.25, 5], "texture": "#3"}
			}
		},
		{
			"name": "СреднПлавник-Лево",
			"from": [10.275, 0, -10.25],
			"to": [12.05, 3, -5.25],
			"rotation": {"angle": -22.5, "axis": "y", "origin": [11.025, 1.25, -10.25]},
			"faces": {
				"north": {"uv": [13, 14, 12.5, 14.75], "texture": "#3"},
				"east": {"uv": [13.5, 8.5, 12.25, 9.25], "texture": "#3"},
				"south": {"uv": [10.75, 14, 10.25, 14.75], "texture": "#3"},
				"west": {"uv": [13.5, 5.75, 12.25, 6.5], "texture": "#3"},
				"up": {"uv": [3.25, 14.5, 3.75, 13.25], "rotation": 180, "texture": "#3"},
				"down": {"uv": [3.75, 13.25, 4.25, 14.5], "rotation": 180, "texture": "#3"}
			}
		},
		{
			"name": "СреднПлавн-Серед-Лево",
			"from": [10.275, 0, -14.25],
			"to": [12.05, 2, -10.25],
			"rotation": {"angle": -22.5, "axis": "y", "origin": [11.025, 1.25, -10.25]},
			"faces": {
				"north": {"uv": [14.75, 2, 14.25, 2.5], "texture": "#3"},
				"east": {"uv": [14.75, 7, 13.75, 7.5], "texture": "#3"},
				"south": {"uv": [2.5, 14.25, 2, 14.75], "texture": "#3"},
				"west": {"uv": [14.75, 5, 13.75, 5.5], "texture": "#3"},
				"up": {"uv": [13.75, 10.25, 14.25, 9.25], "rotation": 180, "texture": "#3"},
				"down": {"uv": [0.5, 14, 1, 15], "rotation": 180, "texture": "#3"}
			}
		},
		{
			"name": "СреднПлавн-Кончик-Лево",
			"from": [10.275, 0, -15.25],
			"to": [12.05, 1, -14.25],
			"rotation": {"angle": -22.5, "axis": "y", "origin": [11.025, 1.25, -10.25]},
			"faces": {
				"north": {"uv": [15.25, 4.5, 14.75, 4.75], "texture": "#3"},
				"east": {"uv": [11.5, 2.5, 11.25, 2.75], "texture": "#3"},
				"south": {"uv": [15.25, 3, 14.75, 3.25], "texture": "#3"},
				"west": {"uv": [11, 4.75, 10.75, 5], "texture": "#3"},
				"up": {"uv": [4.75, 15, 5.25, 14.75], "rotation": 180, "texture": "#3"},
				"down": {"uv": [14.75, 4.75, 15.25, 5], "rotation": 180, "texture": "#3"}
			}
		},
		{
			"name": "СреднПлавн-Плечо-Лево",
			"from": [7.98328, 0.56075, -6],
			"to": [9.98328, 5.56075, -4],
			"rotation": {"angle": 22.5, "axis": "x", "origin": [8.525, 3, -4.75]},
			"faces": {
				"north": {"uv": [13.5, 12.75, 13, 14], "texture": "#3"},
				"east": {"uv": [13.75, 1, 13.25, 2.25], "texture": "#3"},
				"south": {"uv": [13.75, 2.25, 13.25, 3.5], "texture": "#3"},
				"west": {"uv": [12.5, 13, 12, 14.25], "texture": "#3"},
				"up": {"uv": [2, 14.25, 1.5, 14.75], "rotation": 90, "texture": "#3"},
				"down": {"uv": [14.75, 2, 14.25, 1.5], "rotation": 270, "texture": "#3"}
			}
		}
	],
	"display": {
		"thirdperson_righthand": {
			"rotation": [-168.81, 74.51, 171.25],
			"translation": [0, 5.5, 3.5],
			"scale": [0.81641, 0.81641, 0.81641]
		},
		"thirdperson_lefthand": {
			"translation": [0, 2, 2.75],
			"scale": [0.28711, 0.28711, 0.28711]
		},
		"ground": {
			"scale": [0.5, 0.5, 0.5]
		},
		"gui": {
			"rotation": [-180, 1.5, -180]
		},
		"head": {
			"translation": [0, -34.5, -33],
			"scale": [1.27539, 1.27539, 1.27539]
		},
		"fixed": {
			"rotation": [0, 90, 0],
			"scale": [0.41211, 0.41211, 0.41211]
		}
	},
	"groups": [
		{
			"name": "nairana",
			"origin": [8, 8, 8],
			"color": 0,
			"children": [
				{
					"name": "ОсновноеТело",
					"origin": [8, 8, 8],
					"color": 0,
					"children": [
						{
							"name": "ПлавникиАнтены",
							"origin": [8, 8, 8],
							"color": 0,
							"children": [
								{
									"name": "Лево",
									"origin": [8, 8, 8],
									"color": 0,
									"children": [0, 1, 2, 3]
								},
								{
									"name": "Право",
									"origin": [8, 8, 8],
									"color": 0,
									"children": [4, 5]
								}
							]
						},
						{
							"name": "ПлавникиСредние",
							"origin": [8, 8, 8],
							"color": 0,
							"children": [
								{
									"name": "Право",
									"origin": [8, 8, 8],
									"color": 0,
									"children": [6, 7, 8, 9]
								},
								{
									"name": "Лево",
									"origin": [8, 8, 8],
									"color": 0,
									"children": [10, 11, 12, 13]
								}
							]
						},
						{
							"name": "Антены",
							"origin": [8, 8, 8],
							"color": 0,
							"children": [14, 15, 16, 17]
						},
						{
							"name": "Хвост",
							"origin": [8, 8, 8],
							"color": 0,
							"children": [18, 19, 20, 21, 22, 23, 24]
						},
						25,
						26,
						27
					]
				},
				{
					"name": "ПередниеЛапы",
					"origin": [8, 8, 8],
					"color": 0,
					"children": [
						{
							"name": "ПереднПраваяЛапа",
							"origin": [8, 8, 8],
							"color": 0,
							"children": [28, 29, 30]
						},
						{
							"name": "ПереднЛеваяЛапа",
							"origin": [8, 8, 8],
							"color": 0,
							"children": [31, 32, 33]
						}
					]
				},
				{
					"name": "ЗадниеЛапы",
					"origin": [8, 8, 8],
					"color": 0,
					"children": [
						{
							"name": "ЗадняяПраваяЛапа",
							"origin": [8, 8, 8],
							"color": 0,
							"children": [34, 35, 36]
						},
						{
							"name": "ЗадняяЛеваяЛапа",
							"origin": [8, 8, 8],
							"color": 0,
							"children": [37, 38, 39]
						}
					]
				},
				{
					"name": "СредниеПлавники",
					"origin": [8, 8, 8],
					"color": 0,
					"children": [
						{
							"name": "СреднийПлавникПраво",
							"origin": [8, 8, 8],
							"color": 0,
							"children": [40, 41, 42, 43]
						},
						{
							"name": "СреднийПлавникЛево",
							"origin": [8, 8, 8],
							"color": 0,
							"children": [44, 45, 46, 47]
						}
					]
				}
			]
		}
	]
}