{
	"format_version": "1.9.0",
	"credit": "Made with Blockbench",
	"texture_size": [64, 64],
	"textures": {
		"3": "block/texture",
		"particle": "block/nairanaT"
	},
	"elements": [
		{
			"name": "Голова",
			"from": [3.475, 1.9952, -15.44633],
			"to": [12.475, 10.9952, -5.44633],
			"rotation": {"angle": 0, "axis": "y", "origin": [8.25, 9.75, -6.15]},
			"faces": {
				"north": {"uv": [4.75, 3.25, 7, 5.5], "texture": "#3"},
				"east": {"uv": [0, 0, 2.5, 2.25], "texture": "#3"},
				"south": {"uv": [1.75, 5, 4, 7.25], "texture": "#3"},
				"west": {"uv": [0, 2.25, 2.5, 4.5], "texture": "#3"},
				"up": {"uv": [4.75, 2.5, 2.5, 0], "texture": "#3"},
				"down": {"uv": [4.75, 2.5, 2.5, 5], "texture": "#3"}
			}
		},
		{
			"name": "Туловище-Хвост",
			"from": [4.625, 1.175, -1.1],
			"to": [11.325, 7.175, 11.9],
			"rotation": {"angle": 0, "axis": "y", "origin": [7.725, 3.175, 3.15]},
			"faces": {
				"north": {"uv": [9.25, 10, 10.875, 11.5], "texture": "#3"},
				"east": {"uv": [4, 5.5, 7.25, 7], "texture": "#3"},
				"south": {"uv": [10.5, 7.75, 12.125, 9.25], "texture": "#3"},
				"west": {"uv": [6.5, 0, 9.75, 1.5], "texture": "#3"},
				"up": {"uv": [1.625, 7.75, 0, 4.5], "texture": "#3"},
				"down": {"uv": [6.375, 0, 4.75, 3.25], "texture": "#3"}
			}
		},
		{
			"name": "Тело",
			"from": [4.4, 0.93613, -9.01811],
			"to": [11.55, 9.11113, -0.01811],
			"rotation": {"angle": 22.5, "axis": "x", "origin": [7.725, 3.55, -3.1]},
			"faces": {
				"north": {"uv": [9.75, 2.75, 11.5, 4.75], "texture": "#3"},
				"east": {"uv": [1.75, 7.25, 4, 9.25], "texture": "#3"},
				"south": {"uv": [5, 10, 6.75, 12], "texture": "#3"},
				"west": {"uv": [7.25, 5, 9.5, 7], "texture": "#3"},
				"up": {"uv": [1.75, 10, 0, 7.75], "texture": "#3"},
				"down": {"uv": [3.5, 9.25, 1.75, 11.5], "texture": "#3"}
			}
		},
		{
			"name": "ЛевоПлавникКреплАнтена1",
			"from": [4.675, 11.00732, -9.24738],
			"to": [5.4, 13.50732, -7.82238],
			"rotation": {"angle": 45, "axis": "x", "origin": [8.25, 9.75, -6.15]},
			"faces": {
				"north": {"uv": [2.5, 13.5, 2.625, 14.125], "texture": "#3"},
				"east": {"uv": [2.5, 14.25, 2.875, 14.875], "texture": "#3"},
				"south": {"uv": [10.75, 13.5, 10.875, 14.125], "texture": "#3"},
				"west": {"uv": [14.25, 2.5, 14.625, 3.125], "texture": "#3"},
				"up": {"uv": [13.375, 11.875, 13.25, 11.5], "texture": "#3"},
				"down": {"uv": [9.125, 14, 9, 14.375], "texture": "#3"}
			}
		},
		{
			"name": "ЛевоПлавникКреплАнтена2",
			"from": [4.575, 7.9883, -9.74985],
			"to": [5.5, 10.9883, -7.74985],
			"rotation": {"angle": 45, "axis": "x", "origin": [8.25, 9.75, -6.15]},
			"faces": {
				"north": {"uv": [1.5, 10, 1.75, 10.75], "texture": "#3"},
				"east": {"uv": [3.5, 9.25, 4, 10], "texture": "#3"},
				"south": {"uv": [1.5, 10.75, 1.75, 11.5], "texture": "#3"},
				"west": {"uv": [10.5, 9.25, 11, 10], "texture": "#3"},
				"up": {"uv": [2.5, 5, 2.25, 4.5], "texture": "#3"},
				"down": {"uv": [4.75, 5, 4.5, 5.5], "texture": "#3"}
			}
		},
		{
			"from": [5.025, 8.325, -8.925],
			"to": [5.025, 18.9, -3.55],
			"rotation": {"angle": 22.5, "axis": "x", "origin": [8.25, 9.75, -6.15]},
			"faces": {
				"north": {"uv": [0, 0, 0, 2.625], "texture": "#3"},
				"east": {"uv": [9.5, 5, 10.875, 7.625], "texture": "#3"},
				"south": {"uv": [0, 0, 0, 2.625], "texture": "#3"},
				"west": {"uv": [9.75, 0, 11.125, 2.625], "texture": "#3"},
				"up": {"uv": [0, 1.375, 0, 0], "texture": "#3"},
				"down": {"uv": [0, 0, 0, 1.375], "texture": "#3"}
			}
		},
		{
			"from": [10.975, 8.325, -8.925],
			"to": [10.975, 18.9, -3.55],
			"rotation": {"angle": 22.5, "axis": "x", "origin": [8.25, 9.75, -6.15]},
			"faces": {
				"north": {"uv": [0, 0, 0, 2.625], "texture": "#3"},
				"east": {"uv": [0, 10, 1.375, 12.625], "texture": "#3"},
				"south": {"uv": [0, 0, 0, 2.625], "texture": "#3"},
				"west": {"uv": [3.5, 10, 4.875, 12.625], "texture": "#3"},
				"up": {"uv": [0, 0, 0, 1.375], "texture": "#3"},
				"down": {"uv": [0, 0, 0, 1.375], "texture": "#3"}
			}
		},
		{
			"name": "ПравоПлавникКреплАнтена2",
			"from": [10.5, 7.9883, -9.74985],
			"to": [11.425, 10.9883, -7.74985],
			"rotation": {"angle": 45, "axis": "x", "origin": [8.25, 9.75, -6.15]},
			"faces": {
				"north": {"uv": [11.25, 0, 11.5, 0.75], "texture": "#3"},
				"east": {"uv": [1, 14, 1.5, 14.75], "texture": "#3"},
				"south": {"uv": [11.25, 0.75, 11.5, 1.5], "texture": "#3"},
				"west": {"uv": [4.25, 14, 4.75, 14.75], "texture": "#3"},
				"up": {"uv": [7.25, 5.5, 7, 5], "texture": "#3"},
				"down": {"uv": [11.5, 1.5, 11.25, 2], "texture": "#3"}
			}
		},
		{
			"name": "ПравоПлавникКреплАнтена1",
			"from": [10.6, 11.00732, -9.24738],
			"to": [11.325, 13.50732, -7.82238],
			"rotation": {"angle": 45, "axis": "x", "origin": [8.25, 9.75, -6.15]},
			"faces": {
				"north": {"uv": [4.75, 14, 4.875, 14.625], "texture": "#3"},
				"east": {"uv": [14.25, 9.25, 14.625, 9.875], "texture": "#3"},
				"south": {"uv": [10, 14.5, 10.125, 15.125], "texture": "#3"},
				"west": {"uv": [10.75, 14.25, 11.125, 14.875], "texture": "#3"},
				"up": {"uv": [9.875, 15.125, 9.75, 14.75], "texture": "#3"},
				"down": {"uv": [10.375, 14.75, 10.25, 15.125], "texture": "#3"}
			}
		},
		{
			"from": [10.1, 6.775, 2.975],
			"to": [10.1, 10.1, 9.475],
			"rotation": {"angle": 0, "axis": "y", "origin": [12.1, 6.975, 4.425]},
			"faces": {
				"north": {"uv": [0, 0, 0, 0.875], "texture": "#3"},
				"east": {"uv": [11, 6.5, 12.625, 7.375], "texture": "#3"},
				"south": {"uv": [0, 0, 0, 0.875], "texture": "#3"},
				"west": {"uv": [9.25, 11.5, 10.875, 12.375], "texture": "#3"},
				"up": {"uv": [0, 1.625, 0, 0], "texture": "#3"},
				"down": {"uv": [0, 0, 0, 1.625], "texture": "#3"}
			}
		},
		{
			"name": "ВерхнийПлавникНачалоПраво",
			"from": [9.575, 6.33471, 1.98649],
			"to": [10.525, 8.23471, 3.66149],
			"rotation": {"angle": 45, "axis": "x", "origin": [8.125, 7.675, 2.75]},
			"faces": {
				"north": {"uv": [11.25, 2, 11.5, 2.5], "texture": "#3"},
				"east": {"uv": [12, 14.25, 12.375, 14.75], "texture": "#3"},
				"south": {"uv": [3.25, 11.5, 3.5, 12], "texture": "#3"},
				"west": {"uv": [3.75, 14.5, 4.125, 15], "texture": "#3"},
				"up": {"uv": [11, 12.875, 10.75, 12.5], "texture": "#3"},
				"down": {"uv": [2.75, 13, 2.5, 13.375], "texture": "#3"}
			}
		},
		{
			"name": "ВерхнийПлавникСередПраво",
			"from": [9.725, 7.7006, 2.67135],
			"to": [10.375, 8.9506, 5.19635],
			"rotation": {"angle": -22.5, "axis": "x", "origin": [7.925, 8.8, 3.7]},
			"faces": {
				"north": {"uv": [10.5, 14.75, 10.625, 15.125], "texture": "#3"},
				"east": {"uv": [11.25, 14.25, 11.875, 14.625], "texture": "#3"},
				"south": {"uv": [11.25, 14.75, 11.375, 15.125], "texture": "#3"},
				"west": {"uv": [3, 14.5, 3.625, 14.875], "texture": "#3"},
				"up": {"uv": [6.375, 15.375, 6.25, 14.75], "texture": "#3"},
				"down": {"uv": [9.375, 14.75, 9.25, 15.375], "texture": "#3"}
			}
		},
		{
			"name": "ВерхнийПлавникКонецПраво",
			"from": [9.825, 8.9006, 4.94635],
			"to": [10.275, 9.9006, 6.62135],
			"rotation": {"angle": -22.5, "axis": "x", "origin": [7.925, 9.9, 5.975]},
			"faces": {
				"north": {"uv": [12, 7.5, 12.125, 7.75], "texture": "#3"},
				"east": {"uv": [14.75, 5, 15.125, 5.25], "texture": "#3"},
				"south": {"uv": [3.25, 12.5, 3.375, 12.75], "texture": "#3"},
				"west": {"uv": [5.25, 14.75, 5.625, 15], "texture": "#3"},
				"up": {"uv": [11.625, 15.125, 11.5, 14.75], "texture": "#3"},
				"down": {"uv": [11.875, 14.75, 11.75, 15.125], "texture": "#3"}
			}
		},
		{
			"from": [5.9, 6.775, 2.975],
			"to": [5.9, 10.1, 9.475],
			"rotation": {"angle": 0, "axis": "y", "origin": [3.9, 6.975, 4.425]},
			"faces": {
				"north": {"uv": [0, 0, 0, 0.875], "texture": "#3"},
				"east": {"uv": [11.5, 11, 13.125, 11.875], "texture": "#3"},
				"south": {"uv": [0, 0, 0, 0.875], "texture": "#3"},
				"west": {"uv": [12, 0, 13.625, 0.875], "texture": "#3"},
				"up": {"uv": [0, 0, 0, 1.625], "texture": "#3"},
				"down": {"uv": [0, 0, 0, 1.625], "texture": "#3"}
			}
		},
		{
			"name": "ВерхнийПлавникНачалоЛево",
			"from": [5.425, 6.33471, 1.98649],
			"to": [6.375, 8.23471, 3.66149],
			"rotation": {"angle": 45, "axis": "x", "origin": [8.125, 7.675, 2.75]},
			"faces": {
				"north": {"uv": [3.25, 12, 3.5, 12.5], "texture": "#3"},
				"east": {"uv": [7.25, 14.5, 7.625, 15], "texture": "#3"},
				"south": {"uv": [12.5, 2.75, 12.75, 3.25], "texture": "#3"},
				"west": {"uv": [7.75, 14.5, 8.125, 15], "texture": "#3"},
				"up": {"uv": [11, 13.375, 10.75, 13], "texture": "#3"},
				"down": {"uv": [4.5, 13.25, 4.25, 13.625], "texture": "#3"}
			}
		},
		{
			"name": "ВерхнийПлавникСередЛево",
			"from": [5.575, 7.7006, 2.67135],
			"to": [6.225, 8.9506, 5.19635],
			"rotation": {"angle": -22.5, "axis": "x", "origin": [7.925, 8.8, 3.7]},
			"faces": {
				"north": {"uv": [12, 14.75, 12.125, 15.125], "texture": "#3"},
				"east": {"uv": [14.5, 5.75, 15.125, 6.125], "texture": "#3"},
				"south": {"uv": [12.25, 14.75, 12.375, 15.125], "texture": "#3"},
				"west": {"uv": [6.5, 14.5, 7.125, 14.875], "texture": "#3"},
				"up": {"uv": [14.875, 9.875, 14.75, 9.25], "texture": "#3"},
				"down": {"uv": [9.625, 14.75, 9.5, 15.375], "texture": "#3"}
			}
		},
		{
			"name": "ВерхнийПлавникКонецЛево",
			"from": [5.675, 8.9006, 4.94635],
			"to": [6.125, 9.9006, 6.62135],
			"rotation": {"angle": -22.5, "axis": "x", "origin": [7.925, 9.9, 5.975]},
			"faces": {
				"north": {"uv": [13.25, 8.25, 13.375, 8.5], "texture": "#3"},
				"east": {"uv": [14.75, 5.25, 15.125, 5.5], "texture": "#3"},
				"south": {"uv": [13.75, 3.25, 13.875, 3.5], "texture": "#3"},
				"west": {"uv": [14.75, 5.5, 15.125, 5.75], "texture": "#3"},
				"up": {"uv": [12.625, 15.125, 12.5, 14.75], "texture": "#3"},
				"down": {"uv": [12.875, 14.75, 12.75, 15.125], "texture": "#3"}
			}
		},
		{
			"name": "антенна-Лево",
			"from": [5.475, 8.72373, -14.24439],
			"to": [5.475, 15.72373, -11.24439],
			"rotation": {"angle": -22.5, "axis": "y", "origin": [5.475, 12.2, -13.1]},
			"faces": {
				"north": {"uv": [0, 0, 0, 1.75], "texture": "#3"},
				"east": {"uv": [12, 1, 12.75, 2.75], "texture": "#3"},
				"south": {"uv": [0, 0, 0, 1.75], "texture": "#3"},
				"west": {"uv": [5.5, 12, 6.25, 13.75], "texture": "#3"},
				"up": {"uv": [0, 0.75, 0, 0], "texture": "#3"},
				"down": {"uv": [0, 0, 0, 0.75], "texture": "#3"}
			}
		},
		{
			"name": "антенна-Право",
			"from": [10.525, 8.72373, -14.24439],
			"to": [10.525, 15.72373, -11.24439],
			"rotation": {"angle": 22.5, "axis": "y", "origin": [10.525, 12.2, -13.1]},
			"faces": {
				"north": {"uv": [0, 0, 0, 1.75], "texture": "#3"},
				"east": {"uv": [6.25, 12, 5.5, 13.75], "texture": "#3"},
				"south": {"uv": [0, 0, 0, 1.75], "texture": "#3"},
				"west": {"uv": [12.75, 1, 12, 2.75], "texture": "#3"},
				"up": {"uv": [0, 0, 0, 0.75], "texture": "#3"},
				"down": {"uv": [0, 0, 0, 0.75], "texture": "#3"}
			}
		},
		{
			"name": "АнтенаШарикЛево",
			"from": [4.925, 13.1, -14.425],
			"to": [6.5, 14.7, -12.75],
			"rotation": {"angle": 0, "axis": "y", "origin": [5.425, 13.525, -13.5]},
			"faces": {
				"north": {"uv": [14, 14.5, 14.375, 14.875], "texture": "#3"},
				"east": {"uv": [14.5, 14, 14.875, 14.375], "texture": "#3"},
				"south": {"uv": [14.5, 14.5, 14.875, 14.875], "texture": "#3"},
				"west": {"uv": [0, 14.75, 0.375, 15.125], "texture": "#3"},
				"up": {"uv": [15.125, 0.375, 14.75, 0], "texture": "#3"},
				"down": {"uv": [1.375, 14.75, 1, 15.125], "texture": "#3"}
			}
		},
		{
			"name": "АнтенаШарикПраво",
			"from": [9.5, 13.1, -14.425],
			"to": [11.075, 14.7, -12.75],
			"rotation": {"angle": 0, "axis": "y", "origin": [10.3, 13.7, -13.625]},
			"faces": {
				"north": {"uv": [1.5, 14.75, 1.875, 15.125], "texture": "#3"},
				"east": {"uv": [14.75, 1.5, 15.125, 1.875], "texture": "#3"},
				"south": {"uv": [2, 14.75, 2.375, 15.125], "texture": "#3"},
				"west": {"uv": [14.75, 2, 15.125, 2.375], "texture": "#3"},
				"up": {"uv": [15.125, 2.875, 14.75, 2.5], "texture": "#3"},
				"down": {"uv": [4.625, 14.75, 4.25, 15.125], "texture": "#3"}
			}
		},
		{
			"name": "Хвост",
			"from": [5.725, 0.325, 11.575],
			"to": [10.225, 7.325, 22.575],
			"rotation": {"angle": 0, "axis": "y", "origin": [7.725, 2.7, 15.825]},
			"faces": {
				"north": {"uv": [11, 4.75, 12.125, 6.5], "texture": "#3"},
				"east": {"uv": [6.5, 1.5, 9.25, 3.25], "texture": "#3"},
				"south": {"uv": [11, 9.25, 12.125, 11], "texture": "#3"},
				"west": {"uv": [7, 3.25, 9.75, 5], "texture": "#3"},
				"up": {"uv": [7.875, 12.75, 6.75, 10], "texture": "#3"},
				"down": {"uv": [9.125, 10, 8, 12.75], "texture": "#3"}
			}
		},
		{
			"name": "ХвостВерхн-конец",
			"from": [6.9, -0.55503, 18.98218],
			"to": [9.05, 4.44497, 31.98218],
			"rotation": {"angle": -22.5, "axis": "x", "origin": [7.725, 4.025, 6.675]},
			"faces": {
				"north": {"uv": [0.5, 12.75, 1, 14], "texture": "#3"},
				"east": {"uv": [4, 8.75, 7.25, 10], "texture": "#3"},
				"south": {"uv": [1, 12.75, 1.5, 14], "texture": "#3"},
				"west": {"uv": [7.25, 8.75, 10.5, 10], "texture": "#3"},
				"up": {"uv": [11.5, 14.25, 11, 11], "texture": "#3"},
				"down": {"uv": [12, 0, 11.5, 3.25], "texture": "#3"}
			}
		},
		{
			"name": "Хвост-конец",
			"from": [6.875, 0.25, 18.9],
			"to": [9.075, 7.25, 29.9],
			"rotation": {"angle": 0, "axis": "y", "origin": [7.725, 4, 6.725]},
			"faces": {
				"north": {"uv": [9.25, 1.5, 9.75, 3.25], "texture": "#3"},
				"east": {"uv": [4, 7, 6.75, 8.75], "texture": "#3"},
				"south": {"uv": [6.25, 12, 6.75, 13.75], "texture": "#3"},
				"west": {"uv": [6.75, 7, 9.5, 8.75], "texture": "#3"},
				"up": {"uv": [3.25, 14.25, 2.75, 11.5], "texture": "#3"},
				"down": {"uv": [5.5, 12, 5, 14.75], "texture": "#3"}
			}
		},
		{
			"name": "ХвостНижнийПереход",
			"from": [7, 0.225, 29.65],
			"to": [8.95, 1.025, 31.2],
			"rotation": {"angle": 0, "axis": "y", "origin": [7.725, 4, 6.725]},
			"faces": {
				"north": {"uv": [12.75, 4.5, 13.25, 4.75], "texture": "#3"},
				"east": {"uv": [5.75, 14.75, 6.125, 15], "texture": "#3"},
				"south": {"uv": [13.5, 6.25, 14, 6.5], "texture": "#3"},
				"west": {"uv": [14.75, 7, 15.125, 7.25], "texture": "#3"},
				"up": {"uv": [8.75, 14.875, 8.25, 14.5], "texture": "#3"},
				"down": {"uv": [15, 8.25, 14.5, 8.625], "texture": "#3"}
			}
		},
		{
			"name": "ХвостНижнийУгол",
			"from": [7.025, -8.12276, 26.19271],
			"to": [8.925, -3.87276, 28.19271],
			"rotation": {"angle": -22.5, "axis": "x", "origin": [7.725, 4, 6.725]},
			"faces": {
				"north": {"uv": [13.25, 4.5, 13.75, 5.625], "texture": "#3"},
				"east": {"uv": [13.25, 7, 13.75, 8.125], "texture": "#3"},
				"south": {"uv": [9.25, 13.25, 9.75, 14.375], "texture": "#3"},
				"west": {"uv": [13.25, 9.25, 13.75, 10.375], "texture": "#3"},
				"up": {"uv": [2.25, 5, 1.75, 4.5], "texture": "#3"},
				"down": {"uv": [4.5, 5, 4, 5.5], "texture": "#3"}
			}
		},
		{
			"name": "ХвостПереходВерхний",
			"from": [6.975, 2.30205, 14.72473],
			"to": [8.975, 4.37705, 19.14973],
			"rotation": {"angle": -22.5, "axis": "x", "origin": [7.725, 4, 6.825]},
			"faces": {
				"north": {"uv": [12, 2.75, 12.5, 3.25], "texture": "#3"},
				"east": {"uv": [13.25, 10.5, 14.375, 11], "texture": "#3"},
				"south": {"uv": [12.75, 7, 13.25, 7.5], "texture": "#3"},
				"west": {"uv": [13.25, 11, 14.375, 11.5], "texture": "#3"},
				"up": {"uv": [10.25, 14.375, 9.75, 13.25], "texture": "#3"},
				"down": {"uv": [14, 11.5, 13.5, 12.625], "texture": "#3"}
			}
		},
		{
			"name": "ХвостВерхнийУгол",
			"from": [7, 13.32, 23.17133],
			"to": [8.95, 18.645, 27.84633],
			"rotation": {"angle": 22.5, "axis": "x", "origin": [7.725, 4, 6.725]},
			"faces": {
				"north": {"uv": [10.25, 12.5, 10.75, 13.875], "texture": "#3"},
				"east": {"uv": [1.5, 11.5, 2.625, 12.875], "texture": "#3"},
				"south": {"uv": [0, 12.75, 0.5, 14.125], "texture": "#3"},
				"west": {"uv": [11.5, 3.25, 12.625, 4.625], "texture": "#3"},
				"up": {"uv": [14, 13.875, 13.5, 12.75], "texture": "#3"},
				"down": {"uv": [14.25, 0, 13.75, 1.125], "texture": "#3"}
			}
		},
		{
			"name": "ПереднЛапа-Право",
			"from": [11.675, 0.092, -10.33306],
			"to": [13.675, 1.567, -5.33306],
			"rotation": {"angle": 0, "axis": "x", "origin": [12.675, 0.75, -6.35]},
			"faces": {
				"north": {"uv": [8.75, 14.5, 9.25, 14.875], "texture": "#3"},
				"east": {"uv": [13.75, 7.5, 15, 7.875], "texture": "#3"},
				"south": {"uv": [14.5, 8.75, 15, 9.125], "texture": "#3"},
				"west": {"uv": [14, 3.25, 15.25, 3.625], "texture": "#3"},
				"up": {"uv": [13.25, 2.25, 12.75, 1], "texture": "#3"},
				"down": {"uv": [13.25, 2.25, 12.75, 3.5], "texture": "#3"}
			}
		},
		{
			"name": "ПереднЛапа-Плечо-Право",
			"from": [11.475, 1.56078, -9.3929],
			"to": [13.475, 3.33578, -4.3929],
			"rotation": {"angle": 22.5, "axis": "x", "origin": [12.725, 2.75, -8.1]},
			"faces": {
				"north": {"uv": [13, 14, 13.5, 14.5], "rotation": 180, "texture": "#3"},
				"east": {"uv": [3.25, 12.75, 4.5, 13.25], "rotation": 180, "texture": "#3"},
				"south": {"uv": [14, 12.5, 14.5, 13], "rotation": 180, "texture": "#3"},
				"west": {"uv": [12.75, 3.5, 14, 4], "rotation": 180, "texture": "#3"},
				"up": {"uv": [7.25, 12.75, 6.75, 14], "texture": "#3"},
				"down": {"uv": [5, 14, 4.5, 12.75], "texture": "#3"}
			}
		},
		{
			"name": "ПереднЛапа-Когти-Право",
			"from": [10.675, 0, -12.6],
			"to": [14.675, 1, -9.6],
			"rotation": {"angle": 0, "axis": "y", "origin": [12.925, 0.5, -10.1]},
			"faces": {
				"north": {"uv": [9.75, 4.75, 10.75, 5], "texture": "#3"},
				"east": {"uv": [14.25, 10, 15, 10.25], "texture": "#3"},
				"south": {"uv": [11, 7.5, 12, 7.75], "texture": "#3"},
				"west": {"uv": [9.25, 14.5, 10, 14.75], "texture": "#3"},
				"up": {"uv": [13.25, 10, 12.25, 9.25], "texture": "#3"},
				"down": {"uv": [13.25, 10, 12.25, 10.75], "texture": "#3"}
			}
		},
		{
			"name": "ПереднЛапа-Лево",
			"from": [2.275, 0.13163, -10.27545],
			"to": [4.275, 1.60663, -5.27545],
			"rotation": {"angle": 0, "axis": "x", "origin": [3.275, 0.75, -6.85]},
			"faces": {
				"north": {"uv": [14.5, 10.5, 15, 10.875], "texture": "#3"},
				"east": {"uv": [14, 3.75, 15.25, 4.125], "texture": "#3"},
				"south": {"uv": [14.5, 11, 15, 11.375], "texture": "#3"},
				"west": {"uv": [14, 6.25, 15.25, 6.625], "texture": "#3"},
				"up": {"uv": [7.75, 14, 7.25, 12.75], "texture": "#3"},
				"down": {"uv": [8.25, 12.75, 7.75, 14], "texture": "#3"}
			}
		},
		{
			"name": "ПереднЛапа-Плечо-Лево",
			"from": [2.475, 1.66434, -9.6429],
			"to": [4.475, 3.43934, -4.6429],
			"rotation": {"angle": 22.5, "axis": "x", "origin": [3.475, 2.5, -8.35]},
			"faces": {
				"north": {"uv": [13.5, 14, 14, 14.5], "rotation": 180, "texture": "#3"},
				"east": {"uv": [12.75, 4, 14, 4.5], "rotation": 180, "texture": "#3"},
				"south": {"uv": [14, 13, 14.5, 13.5], "rotation": 180, "texture": "#3"},
				"west": {"uv": [12.75, 6.5, 14, 7], "rotation": 180, "texture": "#3"},
				"up": {"uv": [9.25, 12.75, 8.75, 14], "texture": "#3"},
				"down": {"uv": [8.75, 14, 8.25, 12.75], "texture": "#3"}
			}
		},
		{
			"name": "ПереднЛапа-Когти-Лево",
			"from": [1.275, 0, -12.6],
			"to": [5.275, 1, -9.6],
			"rotation": {"angle": 0, "axis": "y", "origin": [3.525, 0.5, -9.85]},
			"faces": {
				"north": {"uv": [12.25, 10.75, 13.25, 11], "texture": "#3"},
				"east": {"uv": [14.5, 12.5, 15.25, 12.75], "texture": "#3"},
				"south": {"uv": [13.75, 5.5, 14.75, 5.75], "texture": "#3"},
				"west": {"uv": [14.5, 12.75, 15.25, 13], "texture": "#3"},
				"up": {"uv": [10.25, 13.25, 9.25, 12.5], "texture": "#3"},
				"down": {"uv": [13.5, 12, 12.5, 12.75], "texture": "#3"}
			}
		},
		{
			"name": "ЗаднЛапа-Право",
			"from": [11.45, 0.14805, 8.67163],
			"to": [13.45, 1.84805, 13.67163],
			"rotation": {"angle": 22.5, "axis": "y", "origin": [12.7, 1, 9.9]},
			"faces": {
				"north": {"uv": [13, 14.5, 13.5, 14.875], "texture": "#3"},
				"east": {"uv": [6.5, 14, 7.75, 14.375], "texture": "#3"},
				"south": {"uv": [14.5, 13, 15, 13.375], "texture": "#3"},
				"west": {"uv": [7.75, 14, 9, 14.375], "texture": "#3"},
				"up": {"uv": [13, 14, 12.5, 12.75], "texture": "#3"},
				"down": {"uv": [2, 13, 1.5, 14.25], "texture": "#3"}
			}
		},
		{
			"name": "ЗаднЛапа-Бедр-Право",
			"from": [11.3, 0.92678, 7.63744],
			"to": [13.3, 4.92678, 9.63744],
			"rotation": {"angle": 0, "axis": "x", "origin": [12.3, 3.75, 8.4]},
			"faces": {
				"north": {"uv": [14.25, 2.25, 13.75, 3.25], "rotation": 180, "texture": "#3"},
				"east": {"uv": [13.5, 5.75, 14.5, 6.25], "rotation": 270, "texture": "#3"},
				"south": {"uv": [14.25, 2.25, 13.75, 1.25], "texture": "#3"},
				"west": {"uv": [13.5, 8.25, 14.5, 8.75], "rotation": 90, "texture": "#3"},
				"up": {"uv": [14, 13.5, 14.5, 14], "rotation": 180, "texture": "#3"},
				"down": {"uv": [14, 14, 14.5, 14.5], "texture": "#3"}
			}
		},
		{
			"name": "ЗаднЛапа-Когти-Право",
			"from": [11.45, 0, 11.9],
			"to": [15.45, 1, 15.9],
			"rotation": {"angle": 0, "axis": "y", "origin": [13.45, 0.75, 13.4]},
			"faces": {
				"north": {"uv": [13.75, 8, 14.75, 8.25], "texture": "#3"},
				"east": {"uv": [13.75, 10.25, 14.75, 10.5], "texture": "#3"},
				"south": {"uv": [14, 4.25, 15, 4.5], "texture": "#3"},
				"west": {"uv": [14, 6.75, 15, 7], "texture": "#3"},
				"up": {"uv": [10.5, 8.75, 9.5, 7.75], "texture": "#3"},
				"down": {"uv": [12.5, 12, 11.5, 13], "texture": "#3"}
			}
		},
		{
			"name": "ЗаднЛапа-Лево",
			"from": [2.5, 0.24372, 8.6526],
			"to": [4.5, 1.94372, 13.6526],
			"rotation": {"angle": -22.5, "axis": "y", "origin": [3.25, 1, 9.65]},
			"faces": {
				"north": {"uv": [13.5, 14.5, 14, 14.875], "texture": "#3"},
				"east": {"uv": [14, 11.5, 15.25, 11.875], "texture": "#3"},
				"south": {"uv": [14.5, 13.5, 15, 13.875], "texture": "#3"},
				"west": {"uv": [14, 12, 15.25, 12.375], "texture": "#3"},
				"up": {"uv": [2.5, 14.25, 2, 13], "texture": "#3"},
				"down": {"uv": [12, 13, 11.5, 14.25], "texture": "#3"}
			}
		},
		{
			"name": "ЗаднЛапа-Бедр-Лево",
			"from": [2.65, 0.92678, 7.63744],
			"to": [4.65, 4.92678, 9.63744],
			"rotation": {"angle": 0, "axis": "x", "origin": [3.9, 3.75, 8.4]},
			"faces": {
				"north": {"uv": [6.5, 13.75, 6, 14.75], "rotation": 180, "texture": "#3"},
				"east": {"uv": [13.5, 8.75, 14.5, 9.25], "rotation": 270, "texture": "#3"},
				"south": {"uv": [6, 14.75, 5.5, 13.75], "texture": "#3"},
				"west": {"uv": [13.75, 4.5, 14.75, 5], "rotation": 90, "texture": "#3"},
				"up": {"uv": [0, 14.25, 0.5, 14.75], "rotation": 180, "texture": "#3"},
				"down": {"uv": [14.25, 0, 14.75, 0.5], "texture": "#3"}
			}
		},
		{
			"name": "ЗаднЛапа-Когти-Лево",
			"from": [0.5, 0, 11.9],
			"to": [4.5, 1, 15.9],
			"rotation": {"angle": 0, "axis": "y", "origin": [2.75, 0.5, 13.15]},
			"faces": {
				"north": {"uv": [14.25, 0.5, 15.25, 0.75], "texture": "#3"},
				"east": {"uv": [14.25, 0.75, 15.25, 1], "texture": "#3"},
				"south": {"uv": [14.25, 1, 15.25, 1.25], "texture": "#3"},
				"west": {"uv": [14.25, 1.25, 15.25, 1.5], "texture": "#3"},
				"up": {"uv": [13.25, 5.75, 12.25, 4.75], "texture": "#3"},
				"down": {"uv": [13.25, 7.5, 12.25, 8.5], "texture": "#3"}
			}
		},
		{
			"name": "СреднПлавн-Плечо-Право",
			"from": [11.275, 1.3256, -2.98687],
			"to": [13.275, 3.3256, 2.01313],
			"rotation": {"angle": 22.5, "axis": "x", "origin": [12.025, 2.25, -1.35]},
			"faces": {
				"north": {"uv": [2, 14.75, 1.5, 14.25], "rotation": 180, "texture": "#3"},
				"east": {"uv": [13, 12.75, 13.5, 14], "rotation": 90, "texture": "#3"},
				"south": {"uv": [14.75, 1.5, 14.25, 2], "texture": "#3"},
				"west": {"uv": [13.25, 2.25, 13.75, 3.5], "rotation": 270, "texture": "#3"},
				"up": {"uv": [13.25, 1, 13.75, 2.25], "texture": "#3"},
				"down": {"uv": [12, 13, 12.5, 14.25], "rotation": 180, "texture": "#3"}
			}
		},
		{
			"name": "СреднПлавник-Право",
			"from": [13.25, 0, 1.4],
			"to": [15.025, 3, 6.4],
			"rotation": {"angle": 22.5, "axis": "y", "origin": [14.275, 1.25, 6.4]},
			"faces": {
				"north": {"uv": [10.25, 14, 10.75, 14.75], "texture": "#3"},
				"east": {"uv": [12.25, 5.75, 13.5, 6.5], "texture": "#3"},
				"south": {"uv": [12.5, 14, 13, 14.75], "texture": "#3"},
				"west": {"uv": [12.25, 8.5, 13.5, 9.25], "texture": "#3"},
				"up": {"uv": [3.75, 14.5, 3.25, 13.25], "texture": "#3"},
				"down": {"uv": [4.25, 13.25, 3.75, 14.5], "texture": "#3"}
			}
		},
		{
			"name": "СреднПлавн-Серед-Право",
			"from": [13.25, 0, 6.4],
			"to": [15.025, 2, 10.4],
			"rotation": {"angle": 22.5, "axis": "y", "origin": [14.275, 1.25, 6.4]},
			"faces": {
				"north": {"uv": [2, 14.25, 2.5, 14.75], "texture": "#3"},
				"east": {"uv": [13.75, 5, 14.75, 5.5], "texture": "#3"},
				"south": {"uv": [14.25, 2, 14.75, 2.5], "texture": "#3"},
				"west": {"uv": [13.75, 7, 14.75, 7.5], "texture": "#3"},
				"up": {"uv": [14.25, 10.25, 13.75, 9.25], "texture": "#3"},
				"down": {"uv": [1, 14, 0.5, 15], "texture": "#3"}
			}
		},
		{
			"name": "СреднПлавн-Кончик-Право",
			"from": [13.25, 0, 10.4],
			"to": [15.025, 1, 11.4],
			"rotation": {"angle": 22.5, "axis": "y", "origin": [14.275, 1.25, 6.4]},
			"faces": {
				"north": {"uv": [14.75, 3, 15.25, 3.25], "texture": "#3"},
				"east": {"uv": [10.75, 4.75, 11, 5], "texture": "#3"},
				"south": {"uv": [14.75, 4.5, 15.25, 4.75], "texture": "#3"},
				"west": {"uv": [11.25, 2.5, 11.5, 2.75], "texture": "#3"},
				"up": {"uv": [5.25, 15, 4.75, 14.75], "texture": "#3"},
				"down": {"uv": [15.25, 4.75, 14.75, 5], "texture": "#3"}
			}
		},
		{
			"name": "СреднПлавник-Лево",
			"from": [0.975, 0, 1.4],
			"to": [2.75, 3, 6.4],
			"rotation": {"angle": -22.5, "axis": "y", "origin": [1.725, 1.25, 6.4]},
			"faces": {
				"north": {"uv": [10.25, 14, 10.75, 14.75], "texture": "#3"},
				"east": {"uv": [12.25, 8.5, 13.5, 9.25], "texture": "#3"},
				"south": {"uv": [12.5, 14, 13, 14.75], "texture": "#3"},
				"west": {"uv": [12.25, 5.75, 13.5, 6.5], "texture": "#3"},
				"up": {"uv": [3.75, 14.5, 3.25, 13.25], "texture": "#3"},
				"down": {"uv": [4.25, 13.25, 3.75, 14.5], "texture": "#3"}
			}
		},
		{
			"name": "СреднПлавн-Серед-Лево",
			"from": [0.975, 0, 6.4],
			"to": [2.75, 2, 10.4],
			"rotation": {"angle": -22.5, "axis": "y", "origin": [1.725, 1.25, 6.4]},
			"faces": {
				"north": {"uv": [2, 14.25, 2.5, 14.75], "texture": "#3"},
				"east": {"uv": [13.75, 7, 14.75, 7.5], "texture": "#3"},
				"south": {"uv": [14.25, 2, 14.75, 2.5], "texture": "#3"},
				"west": {"uv": [13.75, 5, 14.75, 5.5], "texture": "#3"},
				"up": {"uv": [14.25, 10.25, 13.75, 9.25], "texture": "#3"},
				"down": {"uv": [1, 14, 0.5, 15], "texture": "#3"}
			}
		},
		{
			"name": "СреднПлавн-Кончик-Лево",
			"from": [0.975, 0, 10.4],
			"to": [2.75, 1, 11.4],
			"rotation": {"angle": -22.5, "axis": "y", "origin": [1.725, 1.25, 6.4]},
			"faces": {
				"north": {"uv": [14.75, 3, 15.25, 3.25], "texture": "#3"},
				"east": {"uv": [11.25, 2.5, 11.5, 2.75], "texture": "#3"},
				"south": {"uv": [14.75, 4.5, 15.25, 4.75], "texture": "#3"},
				"west": {"uv": [10.75, 4.75, 11, 5], "texture": "#3"},
				"up": {"uv": [5.25, 15, 4.75, 14.75], "texture": "#3"},
				"down": {"uv": [15.25, 4.75, 14.75, 5], "texture": "#3"}
			}
		},
		{
			"name": "СреднПлавн-Плечо-Лево",
			"from": [2.725, 1.09463, -2.83254],
			"to": [4.725, 3.09463, 2.16746],
			"rotation": {"angle": 22.5, "axis": "x", "origin": [3.975, 2.25, -1.1]},
			"faces": {
				"north": {"uv": [2, 14.75, 1.5, 14.25], "rotation": 180, "texture": "#3"},
				"east": {"uv": [13.25, 2.25, 13.75, 3.5], "rotation": 90, "texture": "#3"},
				"south": {"uv": [14.75, 1.5, 14.25, 2], "texture": "#3"},
				"west": {"uv": [13, 12.75, 13.5, 14], "rotation": 270, "texture": "#3"},
				"up": {"uv": [13.25, 1, 13.75, 2.25], "texture": "#3"},
				"down": {"uv": [12, 13, 12.5, 14.25], "rotation": 180, "texture": "#3"}
			}
		}
	],
	"display": {
		"thirdperson_righthand": {
			"rotation": [-168.81, 74.51, 171.25],
			"translation": [0, 5.5, 3.5],
			"scale": [0.81641, 0.81641, 0.81641]
		},
		"thirdperson_lefthand": {
			"translation": [0, 2, 2.75],
			"scale": [0.28711, 0.28711, 0.28711]
		},
		"ground": {
			"scale": [0.5, 0.5, 0.5]
		},
		"gui": {
			"rotation": [-180, 1.5, -180]
		},
		"head": {
			"translation": [0, -34.5, -33],
			"scale": [1.27539, 1.27539, 1.27539]
		},
		"fixed": {
			"rotation": [0, 90, 0],
			"scale": [0.41211, 0.41211, 0.41211]
		}
	},
	"groups": [
		{
			"name": "nairana",
			"origin": [8, 8, 8],
			"color": 0,
			"children": [
				{
					"name": "ОсновноеТело",
					"origin": [8, 8, 8],
					"color": 0,
					"children": [
						0,
						1,
						2,
						{
							"name": "ПлавникиАнтены",
							"origin": [8, 8, 8],
							"color": 0,
							"children": [
								{
									"name": "Лево",
									"origin": [8, 8, 8],
									"color": 0,
									"children": [3, 4, 5, 6]
								},
								{
									"name": "Право",
									"origin": [8, 8, 8],
									"color": 0,
									"children": [7, 8]
								}
							]
						},
						{
							"name": "ПлавникиСредние",
							"origin": [8, 8, 8],
							"color": 0,
							"children": [
								{
									"name": "Право",
									"origin": [8, 8, 8],
									"color": 0,
									"children": [9, 10, 11, 12]
								},
								{
									"name": "Лево",
									"origin": [8, 8, 8],
									"color": 0,
									"children": [13, 14, 15, 16]
								}
							]
						},
						{
							"name": "Антены",
							"origin": [8, 8, 8],
							"color": 0,
							"children": [17, 18, 19, 20]
						},
						{
							"name": "Хвост",
							"origin": [8, 8, 8],
							"color": 0,
							"children": [21, 22, 23, 24, 25, 26, 27]
						}
					]
				},
				{
					"name": "ПередниеЛапы",
					"origin": [8, 8, 8],
					"color": 0,
					"children": [
						{
							"name": "ПереднПраваяЛапа",
							"origin": [8, 8, 8],
							"color": 0,
							"children": [28, 29, 30]
						},
						{
							"name": "ПереднЛеваяЛапа",
							"origin": [8, 8, 8],
							"color": 0,
							"children": [31, 32, 33]
						}
					]
				},
				{
					"name": "ЗадниеЛапы",
					"origin": [8, 8, 8],
					"color": 0,
					"children": [
						{
							"name": "ЗадняяПраваяЛапа",
							"origin": [8, 8, 8],
							"color": 0,
							"children": [34, 35, 36]
						},
						{
							"name": "ЗадняяЛеваяЛапа",
							"origin": [8, 8, 8],
							"color": 0,
							"children": [37, 38, 39]
						}
					]
				},
				{
					"name": "СредниеПлавники",
					"origin": [8, 8, 8],
					"color": 0,
					"children": [
						{
							"name": "СреднийПлавникПраво",
							"origin": [8, 8, 8],
							"color": 0,
							"children": [40, 41, 42, 43]
						},
						{
							"name": "СреднийПлавникЛево",
							"origin": [8, 8, 8],
							"color": 0,
							"children": [44, 45, 46, 47]
						}
					]
				}
			]
		}
	]
}