{
	"format_version": "1.9.0",
	"credit": "Made with Blockbench",
	"texture_size": [64, 64],
	"textures": {
		"4": "neirana_pattern_b",
		"particle": "block/nairanaT"
	},
	"elements": [
		{
			"name": "Голова",
			"from": [3.6452, 8.77133, -13.975],
			"to": [12.6452, 18.77133, -4.975],
			"rotation": {"angle": -22.5, "axis": "x", "origin": [10.4, 10.475, -9.2]},
			"faces": {
				"north": {"uv": [0, 4.5, 2.5, 2.25], "rotation": 90, "texture": "#4"},
				"east": {"uv": [2.5, 2.5, 4.75, 0], "texture": "#4"},
				"south": {"uv": [0, 2.25, 2.5, 0], "rotation": 270, "texture": "#4"},
				"west": {"uv": [2.5, 2.5, 4.75, 5], "rotation": 180, "texture": "#4"},
				"up": {"uv": [4.75, 5.5, 7, 3.25], "rotation": 270, "texture": "#4"},
				"down": {"uv": [1.75, 7.25, 4, 5], "rotation": 270, "texture": "#4"}
			}
		},
		{
			"name": "Туловище-Хвост",
			"from": [4.675, 3.9, -1.575],
			"to": [10.675, 10.6, 11.425],
			"rotation": {"angle": 0, "axis": "y", "origin": [6.675, 7, 2.675]},
			"faces": {
				"north": {"uv": [9.25, 11.5, 10.875, 10], "rotation": 90, "texture": "#4"},
				"east": {"uv": [1.625, 4.5, 0, 7.75], "rotation": 270, "texture": "#4"},
				"south": {"uv": [10.5, 9.25, 12.125, 7.75], "rotation": 270, "texture": "#4"},
				"west": {"uv": [6.375, 3.25, 4.75, 0], "rotation": 270, "texture": "#4"},
				"up": {"uv": [4, 7, 7.25, 5.5], "rotation": 270, "texture": "#4"},
				"down": {"uv": [6.5, 1.5, 9.75, 0], "rotation": 270, "texture": "#4"}
			}
		},
		{
			"name": "Тело",
			"from": [3.81113, 4.75, -9.66811],
			"to": [11.98613, 11.9, -0.66811],
			"rotation": {"angle": 22.5, "axis": "x", "origin": [6.425, 8.075, -3.75]},
			"faces": {
				"north": {"uv": [9.75, 4.75, 11.5, 2.75], "rotation": 90, "texture": "#4"},
				"east": {"uv": [1.75, 7.75, 0, 10], "rotation": 270, "texture": "#4"},
				"south": {"uv": [5, 12, 6.75, 10], "rotation": 270, "texture": "#4"},
				"west": {"uv": [3.5, 11.5, 1.75, 9.25], "rotation": 270, "texture": "#4"},
				"up": {"uv": [1.75, 9.25, 4, 7.25], "rotation": 270, "texture": "#4"},
				"down": {"uv": [7.25, 7, 9.5, 5], "rotation": 270, "texture": "#4"}
			}
		},
		{
			"name": "ЛевоПлавникКреплАнтена1",
			"from": [13.07153, 10.82238, -12.6],
			"to": [15.57153, 12.24738, -11.875],
			"rotation": {"angle": -45, "axis": "z", "origin": [10.4, 9.15, -9.2]},
			"faces": {
				"north": {"uv": [14.25, 3.125, 14.625, 2.5], "rotation": 90, "texture": "#4"},
				"east": {"uv": [13.25, 11.875, 13.375, 11.5], "texture": "#4"},
				"south": {"uv": [2.5, 14.875, 2.875, 14.25], "rotation": 270, "texture": "#4"},
				"west": {"uv": [9, 14, 9.125, 14.375], "rotation": 180, "texture": "#4"},
				"up": {"uv": [2.5, 14.125, 2.625, 13.5], "rotation": 270, "texture": "#4"},
				"down": {"uv": [10.75, 14.125, 10.875, 13.5], "rotation": 270, "texture": "#4"}
			}
		},
		{
			"name": "ЛевоПлавникКреплАнтена2",
			"from": [10.05251, 10.74985, -12.7],
			"to": [13.05251, 12.74985, -11.775],
			"rotation": {"angle": -45, "axis": "z", "origin": [10.4, 9.15, -9.2]},
			"faces": {
				"north": {"uv": [10.5, 10, 11, 9.25], "rotation": 90, "texture": "#4"},
				"east": {"uv": [2.25, 5, 2.5, 4.5], "texture": "#4"},
				"south": {"uv": [3.5, 10, 4, 9.25], "rotation": 270, "texture": "#4"},
				"west": {"uv": [4.5, 5, 4.75, 5.5], "rotation": 180, "texture": "#4"},
				"up": {"uv": [1.5, 10.75, 1.75, 10], "rotation": 270, "texture": "#4"},
				"down": {"uv": [1.5, 11.5, 1.75, 10.75], "rotation": 270, "texture": "#4"}
			}
		},
		{
			"from": [10.28156, 6.0088, -12.25],
			"to": [20.85656, 11.3838, -12.25],
			"rotation": {"angle": -22.5, "axis": "z", "origin": [10.4, 9.15, -9.2]},
			"faces": {
				"north": {"uv": [9.75, 2.625, 11.125, 0], "rotation": 90, "texture": "#4"},
				"east": {"uv": [0, 1.375, 0, 0], "texture": "#4"},
				"south": {"uv": [9.5, 7.625, 10.875, 5], "rotation": 270, "texture": "#4"},
				"west": {"uv": [0, 0, 0, 1.375], "rotation": 180, "texture": "#4"},
				"up": {"uv": [0, 2.625, 0, 0], "rotation": 270, "texture": "#4"},
				"down": {"uv": [0, 2.625, 0, 0], "rotation": 270, "texture": "#4"}
			}
		},
		{
			"from": [9.81278, 7.81556, -7.8],
			"to": [20.38778, 13.19056, -7.8],
			"rotation": {"angle": -22.5, "axis": "z", "origin": [10.4, 9.825, -10.2]},
			"faces": {
				"north": {"uv": [3.5, 12.625, 4.875, 10], "rotation": 90, "texture": "#4"},
				"east": {"uv": [0, 1.375, 0, 0], "texture": "#4"},
				"south": {"uv": [0, 12.625, 1.375, 10], "rotation": 270, "texture": "#4"},
				"west": {"uv": [0, 0, 0, 1.375], "rotation": 180, "texture": "#4"},
				"up": {"uv": [0, 2.625, 0, 0], "rotation": 270, "texture": "#4"},
				"down": {"uv": [0, 2.625, 0, 0], "rotation": 270, "texture": "#4"}
			}
		},
		{
			"name": "ПравоПлавникКреплАнтена2",
			"from": [9.18631, 12.29106, -8.275],
			"to": [12.18631, 14.29106, -7.35],
			"rotation": {"angle": -45, "axis": "z", "origin": [10.4, 9.825, -10.2]},
			"faces": {
				"north": {"uv": [4.25, 14.75, 4.75, 14], "rotation": 90, "texture": "#4"},
				"east": {"uv": [7, 5.5, 7.25, 5], "texture": "#4"},
				"south": {"uv": [1, 14.75, 1.5, 14], "rotation": 270, "texture": "#4"},
				"west": {"uv": [11.25, 1.5, 11.5, 2], "rotation": 180, "texture": "#4"},
				"up": {"uv": [11.25, 0.75, 11.5, 0], "rotation": 270, "texture": "#4"},
				"down": {"uv": [11.25, 1.5, 11.5, 0.75], "rotation": 270, "texture": "#4"}
			}
		},
		{
			"name": "ПравоПлавникКреплАнтена1",
			"from": [12.20533, 12.36359, -8.175],
			"to": [14.70533, 13.78859, -7.45],
			"rotation": {"angle": -45, "axis": "z", "origin": [10.4, 9.825, -10.2]},
			"faces": {
				"north": {"uv": [10.75, 14.875, 11.125, 14.25], "rotation": 90, "texture": "#4"},
				"east": {"uv": [9.75, 15.125, 9.875, 14.75], "texture": "#4"},
				"south": {"uv": [14.25, 9.875, 14.625, 9.25], "rotation": 270, "texture": "#4"},
				"west": {"uv": [10.25, 14.75, 10.375, 15.125], "rotation": 180, "texture": "#4"},
				"up": {"uv": [4.75, 14.625, 4.875, 14], "rotation": 270, "texture": "#4"},
				"down": {"uv": [10, 15.125, 10.125, 14.5], "rotation": 270, "texture": "#4"}
			}
		},
		{
			"from": [10.275, 9.375, 2.5],
			"to": [13.6, 9.375, 9],
			"rotation": {"angle": 0, "axis": "y", "origin": [10.475, 11.375, 3.95]},
			"faces": {
				"north": {"uv": [0, 0.875, 0, 0], "rotation": 90, "texture": "#4"},
				"east": {"uv": [0, 0, 0, 1.625], "rotation": 270, "texture": "#4"},
				"south": {"uv": [0, 0.875, 0, 0], "rotation": 270, "texture": "#4"},
				"west": {"uv": [0, 1.625, 0, 0], "rotation": 270, "texture": "#4"},
				"up": {"uv": [11, 7.375, 12.625, 6.5], "rotation": 270, "texture": "#4"},
				"down": {"uv": [9.25, 12.375, 10.875, 11.5], "rotation": 270, "texture": "#4"}
			}
		},
		{
			"name": "ВерхнийПлавникНачалоПраво",
			"from": [9.83471, 8.85, 1.51149],
			"to": [11.73471, 9.8, 3.18649],
			"rotation": {"angle": -45, "axis": "y", "origin": [11.175, 7.4, 2.275]},
			"faces": {
				"north": {"uv": [11.25, 2.5, 11.5, 2], "rotation": 90, "texture": "#4"},
				"east": {"uv": [11, 12.5, 10.75, 12.875], "rotation": 270, "texture": "#4"},
				"south": {"uv": [3.25, 12, 3.5, 11.5], "rotation": 270, "texture": "#4"},
				"west": {"uv": [2.75, 13.375, 2.5, 13], "rotation": 270, "texture": "#4"},
				"up": {"uv": [12, 14.75, 12.375, 14.25], "rotation": 270, "texture": "#4"},
				"down": {"uv": [3.75, 15, 4.125, 14.5], "rotation": 270, "texture": "#4"}
			}
		},
		{
			"name": "ВерхнийПлавникСередПраво",
			"from": [11.2006, 9, 2.19635],
			"to": [12.4506, 9.65, 4.72135],
			"rotation": {"angle": 22.5, "axis": "y", "origin": [12.3, 7.2, 3.225]},
			"faces": {
				"north": {"uv": [10.5, 15.125, 10.625, 14.75], "rotation": 90, "texture": "#4"},
				"east": {"uv": [6.375, 14.75, 6.25, 15.375], "rotation": 270, "texture": "#4"},
				"south": {"uv": [11.25, 15.125, 11.375, 14.75], "rotation": 270, "texture": "#4"},
				"west": {"uv": [9.375, 15.375, 9.25, 14.75], "rotation": 270, "texture": "#4"},
				"up": {"uv": [11.25, 14.625, 11.875, 14.25], "rotation": 270, "texture": "#4"},
				"down": {"uv": [3, 14.875, 3.625, 14.5], "rotation": 270, "texture": "#4"}
			}
		},
		{
			"name": "ВерхнийПлавникКонецПраво",
			"from": [12.4006, 9.1, 4.47135],
			"to": [13.4006, 9.55, 6.14635],
			"rotation": {"angle": 22.5, "axis": "y", "origin": [13.4, 7.2, 5.5]},
			"faces": {
				"north": {"uv": [12, 7.75, 12.125, 7.5], "rotation": 90, "texture": "#4"},
				"east": {"uv": [11.625, 14.75, 11.5, 15.125], "rotation": 270, "texture": "#4"},
				"south": {"uv": [3.25, 12.75, 3.375, 12.5], "rotation": 270, "texture": "#4"},
				"west": {"uv": [11.875, 15.125, 11.75, 14.75], "rotation": 270, "texture": "#4"},
				"up": {"uv": [14.75, 5.25, 15.125, 5], "rotation": 270, "texture": "#4"},
				"down": {"uv": [5.25, 15, 5.625, 14.75], "rotation": 270, "texture": "#4"}
			}
		},
		{
			"from": [10.275, 5.175, 2.5],
			"to": [13.6, 5.175, 9],
			"rotation": {"angle": 0, "axis": "y", "origin": [10.475, 3.175, 3.95]},
			"faces": {
				"north": {"uv": [0, 0.875, 0, 0], "rotation": 90, "texture": "#4"},
				"east": {"uv": [0, 0, 0, 1.625], "rotation": 270, "texture": "#4"},
				"south": {"uv": [0, 0.875, 0, 0], "rotation": 270, "texture": "#4"},
				"west": {"uv": [0, 1.625, 0, 0], "rotation": 270, "texture": "#4"},
				"up": {"uv": [11.5, 11.875, 13.125, 11], "rotation": 270, "texture": "#4"},
				"down": {"uv": [12, 0.875, 13.625, 0], "rotation": 270, "texture": "#4"}
			}
		},
		{
			"name": "ВерхнийПлавникНачалоЛево",
			"from": [9.83471, 4.7, 1.51149],
			"to": [11.73471, 5.65, 3.18649],
			"rotation": {"angle": -45, "axis": "y", "origin": [11.175, 7.4, 2.275]},
			"faces": {
				"north": {"uv": [3.25, 12.5, 3.5, 12], "rotation": 90, "texture": "#4"},
				"east": {"uv": [11, 13, 10.75, 13.375], "rotation": 270, "texture": "#4"},
				"south": {"uv": [12.5, 3.25, 12.75, 2.75], "rotation": 270, "texture": "#4"},
				"west": {"uv": [4.5, 13.625, 4.25, 13.25], "rotation": 270, "texture": "#4"},
				"up": {"uv": [7.25, 15, 7.625, 14.5], "rotation": 270, "texture": "#4"},
				"down": {"uv": [7.75, 15, 8.125, 14.5], "rotation": 270, "texture": "#4"}
			}
		},
		{
			"name": "ВерхнийПлавникСередЛево",
			"from": [11.2006, 4.85, 2.19635],
			"to": [12.4506, 5.5, 4.72135],
			"rotation": {"angle": 22.5, "axis": "y", "origin": [12.3, 7.2, 3.225]},
			"faces": {
				"north": {"uv": [12, 15.125, 12.125, 14.75], "rotation": 90, "texture": "#4"},
				"east": {"uv": [14.875, 9.25, 14.75, 9.875], "rotation": 270, "texture": "#4"},
				"south": {"uv": [12.25, 15.125, 12.375, 14.75], "rotation": 270, "texture": "#4"},
				"west": {"uv": [9.625, 15.375, 9.5, 14.75], "rotation": 270, "texture": "#4"},
				"up": {"uv": [14.5, 6.125, 15.125, 5.75], "rotation": 270, "texture": "#4"},
				"down": {"uv": [6.5, 14.875, 7.125, 14.5], "rotation": 270, "texture": "#4"}
			}
		},
		{
			"name": "ВерхнийПлавникКонецЛево",
			"from": [12.4006, 4.95, 4.47135],
			"to": [13.4006, 5.4, 6.14635],
			"rotation": {"angle": 22.5, "axis": "y", "origin": [13.4, 7.2, 5.5]},
			"faces": {
				"north": {"uv": [13.25, 8.5, 13.375, 8.25], "rotation": 90, "texture": "#4"},
				"east": {"uv": [12.625, 14.75, 12.5, 15.125], "rotation": 270, "texture": "#4"},
				"south": {"uv": [13.75, 3.5, 13.875, 3.25], "rotation": 270, "texture": "#4"},
				"west": {"uv": [12.875, 15.125, 12.75, 14.75], "rotation": 270, "texture": "#4"},
				"up": {"uv": [14.75, 5.5, 15.125, 5.25], "rotation": 270, "texture": "#4"},
				"down": {"uv": [14.75, 5.75, 15.125, 5.5], "rotation": 270, "texture": "#4"}
			}
		},
		{
			"name": "антенна-Лево",
			"from": [10.37373, 11.30982, -13.32888],
			"to": [17.37373, 14.30982, -13.32888],
			"rotation": {"angle": 0, "axis": "y", "origin": [10.925, 14.1, -10.55]},
			"faces": {
				"north": {"uv": [5.5, 13.75, 6.25, 12], "rotation": 90, "texture": "#4"},
				"east": {"uv": [0, 0.75, 0, 0], "texture": "#4"},
				"south": {"uv": [12, 2.75, 12.75, 1], "rotation": 270, "texture": "#4"},
				"west": {"uv": [0, 0, 0, 0.75], "rotation": 180, "texture": "#4"},
				"up": {"uv": [0, 1.75, 0, 0], "rotation": 270, "texture": "#4"},
				"down": {"uv": [0, 1.75, 0, 0], "rotation": 270, "texture": "#4"}
			}
		},
		{
			"name": "антенна-Право",
			"from": [10.42373, 11.59096, -8.58522],
			"to": [17.42373, 14.59096, -8.58522],
			"rotation": {"angle": -45, "axis": "x", "origin": [10.975, 14.075, -10.625]},
			"faces": {
				"north": {"uv": [12.75, 2.75, 12, 1], "rotation": 90, "texture": "#4"},
				"east": {"uv": [0, 0.75, 0, 0], "texture": "#4"},
				"south": {"uv": [6.25, 13.75, 5.5, 12], "rotation": 270, "texture": "#4"},
				"west": {"uv": [0, 0, 0, 0.75], "rotation": 180, "texture": "#4"},
				"up": {"uv": [0, 1.75, 0, 0], "rotation": 270, "texture": "#4"},
				"down": {"uv": [0, 1.75, 0, 0], "rotation": 270, "texture": "#4"}
			}
		},
		{
			"name": "АнтенаШарикЛево",
			"from": [14.375, 14.925, -12.4],
			"to": [16.05, 16.525, -10.825],
			"rotation": {"angle": -22.5, "axis": "x", "origin": [20.9, 10.1, -8.925]},
			"faces": {
				"north": {"uv": [0.375, 14.75, 0, 15.125], "texture": "#4"},
				"east": {"uv": [14.875, 14.5, 14.5, 14.875], "texture": "#4"},
				"south": {"uv": [14.875, 14, 14.5, 14.375], "texture": "#4"},
				"west": {"uv": [14.375, 14.5, 14, 14.875], "texture": "#4"},
				"up": {"uv": [15.125, 0, 14.75, 0.375], "rotation": 90, "texture": "#4"},
				"down": {"uv": [1.375, 15.125, 1, 14.75], "rotation": 270, "texture": "#4"}
			}
		},
		{
			"name": "АнтенаШарикПраво",
			"from": [14.375, 14.925, -7.825],
			"to": [16.05, 16.525, -6.25],
			"rotation": {"angle": -22.5, "axis": "x", "origin": [20.9, 10.1, -8.925]},
			"faces": {
				"north": {"uv": [15.125, 2, 14.75, 2.375], "texture": "#4"},
				"east": {"uv": [2.375, 14.75, 2, 15.125], "texture": "#4"},
				"south": {"uv": [15.125, 1.5, 14.75, 1.875], "texture": "#4"},
				"west": {"uv": [1.875, 14.75, 1.5, 15.125], "texture": "#4"},
				"up": {"uv": [15.125, 2.5, 14.75, 2.875], "rotation": 90, "texture": "#4"},
				"down": {"uv": [4.625, 15.125, 4.25, 14.75], "rotation": 270, "texture": "#4"}
			}
		},
		{
			"name": "Хвост",
			"from": [3.175, 7.15, 8.75],
			"to": [10.175, 11.65, 19.75],
			"rotation": {"angle": -45, "axis": "x", "origin": [5.55, 9.15, 13]},
			"faces": {
				"north": {"uv": [11, 6.5, 12.125, 4.75], "rotation": 90, "texture": "#4"},
				"east": {"uv": [7.875, 10, 6.75, 12.75], "rotation": 270, "texture": "#4"},
				"south": {"uv": [11, 11, 12.125, 9.25], "rotation": 270, "texture": "#4"},
				"west": {"uv": [9.125, 12.75, 8, 10], "rotation": 270, "texture": "#4"},
				"up": {"uv": [6.5, 3.25, 9.25, 1.5], "rotation": 270, "texture": "#4"},
				"down": {"uv": [7, 5, 9.75, 3.25], "rotation": 270, "texture": "#4"}
			}
		},
		{
			"name": "ХвостВерхн-конец",
			"from": [2.11997, 14.83218, 15.275],
			"to": [7.11997, 27.83218, 17.425],
			"rotation": {"angle": -22.5, "axis": "z", "origin": [6.7, 2.525, 16.6]},
			"faces": {
				"north": {"uv": [4, 10, 7.25, 8.75], "rotation": 90, "texture": "#4"},
				"east": {"uv": [11, 14.25, 11.5, 11], "rotation": 180, "texture": "#4"},
				"south": {"uv": [7.25, 10, 10.5, 8.75], "rotation": 270, "texture": "#4"},
				"west": {"uv": [11.5, 0, 12, 3.25], "texture": "#4"},
				"up": {"uv": [1, 14, 1.5, 12.75], "rotation": 270, "texture": "#4"},
				"down": {"uv": [0.5, 14, 1, 12.75], "rotation": 270, "texture": "#4"}
			}
		},
		{
			"name": "Хвост-конец",
			"from": [2.925, 14.75, 15.25],
			"to": [9.925, 25.75, 17.45],
			"rotation": {"angle": 0, "axis": "y", "origin": [6.675, 2.575, 16.6]},
			"faces": {
				"north": {"uv": [4, 8.75, 6.75, 7], "rotation": 90, "texture": "#4"},
				"east": {"uv": [2.75, 14.25, 3.25, 11.5], "rotation": 180, "texture": "#4"},
				"south": {"uv": [6.75, 8.75, 9.5, 7], "rotation": 270, "texture": "#4"},
				"west": {"uv": [5, 12, 5.5, 14.75], "texture": "#4"},
				"up": {"uv": [6.25, 13.75, 6.75, 12], "rotation": 270, "texture": "#4"},
				"down": {"uv": [9.25, 3.25, 9.75, 1.5], "rotation": 270, "texture": "#4"}
			}
		},
		{
			"name": "ХвостНижнийПереход",
			"from": [2.9, 25.5, 15.375],
			"to": [3.7, 27.05, 17.325],
			"rotation": {"angle": 0, "axis": "y", "origin": [6.675, 2.575, 16.6]},
			"faces": {
				"north": {"uv": [5.75, 15, 6.125, 14.75], "rotation": 90, "texture": "#4"},
				"east": {"uv": [8.25, 14.875, 8.75, 14.5], "rotation": 180, "texture": "#4"},
				"south": {"uv": [14.75, 7.25, 15.125, 7], "rotation": 270, "texture": "#4"},
				"west": {"uv": [14.5, 8.25, 15, 8.625], "texture": "#4"},
				"up": {"uv": [13.5, 6.5, 14, 6.25], "rotation": 270, "texture": "#4"},
				"down": {"uv": [12.75, 4.75, 13.25, 4.5], "rotation": 270, "texture": "#4"}
			}
		},
		{
			"name": "ХвостНижнийУгол",
			"from": [-5.44776, 22.04271, 15.4],
			"to": [-1.19776, 24.04271, 17.3],
			"rotation": {"angle": -22.5, "axis": "z", "origin": [6.675, 2.575, 16.6]},
			"faces": {
				"north": {"uv": [13.25, 8.125, 13.75, 7], "rotation": 90, "texture": "#4"},
				"east": {"uv": [1.75, 5, 2.25, 4.5], "rotation": 180, "texture": "#4"},
				"south": {"uv": [13.25, 10.375, 13.75, 9.25], "rotation": 270, "texture": "#4"},
				"west": {"uv": [4, 5, 4.5, 5.5], "texture": "#4"},
				"up": {"uv": [9.25, 14.375, 9.75, 13.25], "rotation": 270, "texture": "#4"},
				"down": {"uv": [13.25, 5.625, 13.75, 4.5], "rotation": 270, "texture": "#4"}
			}
		},
		{
			"name": "ХвостПереходВерхний",
			"from": [4.97705, 10.47473, 15.35],
			"to": [7.05205, 14.89973, 17.35],
			"rotation": {"angle": -22.5, "axis": "z", "origin": [6.675, 2.575, 16.6]},
			"faces": {
				"north": {"uv": [13.25, 11, 14.375, 10.5], "rotation": 90, "texture": "#4"},
				"east": {"uv": [9.75, 14.375, 10.25, 13.25], "rotation": 180, "texture": "#4"},
				"south": {"uv": [13.25, 11.5, 14.375, 11], "rotation": 270, "texture": "#4"},
				"west": {"uv": [13.5, 11.5, 14, 12.625], "texture": "#4"},
				"up": {"uv": [12.75, 7.5, 13.25, 7], "rotation": 270, "texture": "#4"},
				"down": {"uv": [12, 3.25, 12.5, 2.75], "rotation": 270, "texture": "#4"}
			}
		},
		{
			"name": "ХвостВерхнийУгол",
			"from": [15.995, 19.02133, 15.375],
			"to": [21.32, 23.69633, 17.325],
			"rotation": {"angle": 22.5, "axis": "z", "origin": [6.675, 2.575, 16.6]},
			"faces": {
				"north": {"uv": [1.5, 12.875, 2.625, 11.5], "rotation": 90, "texture": "#4"},
				"east": {"uv": [13.5, 13.875, 14, 12.75], "rotation": 180, "texture": "#4"},
				"south": {"uv": [11.5, 4.625, 12.625, 3.25], "rotation": 270, "texture": "#4"},
				"west": {"uv": [13.75, 0, 14.25, 1.125], "texture": "#4"},
				"up": {"uv": [0, 14.125, 0.5, 12.75], "rotation": 270, "texture": "#4"},
				"down": {"uv": [10.25, 13.875, 10.75, 12.5], "rotation": 270, "texture": "#4"}
			}
		},
		{
			"name": "ПереднЛапа-Право",
			"from": [-3.55806, 13.892, -6.275],
			"to": [1.44194, 15.367, -4.275],
			"rotation": {"angle": 0, "axis": "y", "origin": [0.425, 14.55, -5.275]},
			"faces": {
				"north": {"uv": [15.25, 3.25, 14, 3.625], "texture": "#4"},
				"east": {"uv": [15, 8.75, 14.5, 9.125], "texture": "#4"},
				"south": {"uv": [15, 7.5, 13.75, 7.875], "texture": "#4"},
				"west": {"uv": [9.25, 14.5, 8.75, 14.875], "texture": "#4"},
				"up": {"uv": [13.25, 1, 12.75, 2.25], "rotation": 90, "texture": "#4"},
				"down": {"uv": [13.25, 3.5, 12.75, 2.25], "rotation": 270, "texture": "#4"}
			}
		},
		{
			"name": "ПереднЛапа-Плечо-Право",
			"from": [0.5929, 12.11422, -6.45],
			"to": [5.5929, 13.88922, -4.45],
			"rotation": {"angle": -22.5, "axis": "z", "origin": [4.3, 12.7, -5.2]},
			"faces": {
				"north": {"uv": [14, 3.5, 12.75, 4], "texture": "#4"},
				"east": {"uv": [13.5, 14, 13, 14.5], "texture": "#4"},
				"south": {"uv": [4.5, 12.75, 3.25, 13.25], "texture": "#4"},
				"west": {"uv": [14.5, 12.5, 14, 13], "texture": "#4"},
				"up": {"uv": [5, 12.75, 4.5, 14], "rotation": 90, "texture": "#4"},
				"down": {"uv": [7.25, 14, 6.75, 12.75], "rotation": 270, "texture": "#4"}
			}
		},
		{
			"name": "ПереднЛапа-Когти-Право",
			"from": [-3.875, 13.9, -7.35],
			"to": [-2.875, 16.9, -3.35],
			"rotation": {"angle": 45, "axis": "z", "origin": [-3.375, 14.4, -5.1]},
			"faces": {
				"north": {"uv": [9.25, 14.75, 10, 14.5], "rotation": 90, "texture": "#4"},
				"east": {"uv": [12.25, 10, 13.25, 9.25], "texture": "#4"},
				"south": {"uv": [14.25, 10.25, 15, 10], "rotation": 270, "texture": "#4"},
				"west": {"uv": [12.25, 10, 13.25, 10.75], "rotation": 180, "texture": "#4"},
				"up": {"uv": [9.75, 5, 10.75, 4.75], "rotation": 270, "texture": "#4"},
				"down": {"uv": [11, 7.75, 12, 7.5], "rotation": 270, "texture": "#4"}
			}
		},
		{
			"name": "ПереднЛапа-Лево",
			"from": [-3.60045, 10.75663, -15.125],
			"to": [1.39955, 12.23163, -13.125],
			"rotation": {"angle": -45, "axis": "z", "origin": [-0.175, 11.375, -14.125]},
			"faces": {
				"north": {"uv": [15.25, 6.25, 14, 6.625], "texture": "#4"},
				"east": {"uv": [15, 11, 14.5, 11.375], "texture": "#4"},
				"south": {"uv": [15.25, 3.75, 14, 4.125], "texture": "#4"},
				"west": {"uv": [15, 10.5, 14.5, 10.875], "texture": "#4"},
				"up": {"uv": [7.75, 12.75, 7.25, 14], "rotation": 90, "texture": "#4"},
				"down": {"uv": [8.25, 14, 7.75, 12.75], "rotation": 270, "texture": "#4"}
			}
		},
		{
			"name": "ПереднЛапа-Плечо-Лево",
			"from": [0.2679, 8.28566, -14.85],
			"to": [5.2679, 10.06066, -12.85],
			"rotation": {"angle": -22.5, "axis": "z", "origin": [3.975, 9.225, -13.85]},
			"faces": {
				"north": {"uv": [14, 6.5, 12.75, 7], "texture": "#4"},
				"east": {"uv": [14, 14, 13.5, 14.5], "texture": "#4"},
				"south": {"uv": [14, 4, 12.75, 4.5], "texture": "#4"},
				"west": {"uv": [14.5, 13, 14, 13.5], "texture": "#4"},
				"up": {"uv": [8.75, 12.75, 8.25, 14], "rotation": 90, "texture": "#4"},
				"down": {"uv": [9.25, 14, 8.75, 12.75], "rotation": 270, "texture": "#4"}
			}
		},
		{
			"name": "ПереднЛапа-Когти-Лево",
			"from": [-3.1, 12.975, -16],
			"to": [-2.1, 15.975, -12],
			"rotation": {"angle": 0, "axis": "y", "origin": [-2.6, 13.225, -13.75]},
			"faces": {
				"north": {"uv": [14.5, 13, 15.25, 12.75], "rotation": 90, "texture": "#4"},
				"east": {"uv": [9.25, 13.25, 10.25, 12.5], "texture": "#4"},
				"south": {"uv": [14.5, 12.75, 15.25, 12.5], "rotation": 270, "texture": "#4"},
				"west": {"uv": [12.5, 12, 13.5, 12.75], "rotation": 180, "texture": "#4"},
				"up": {"uv": [12.25, 11, 13.25, 10.75], "rotation": 270, "texture": "#4"},
				"down": {"uv": [13.75, 5.75, 14.75, 5.5], "rotation": 270, "texture": "#4"}
			}
		},
		{
			"name": "ЗаднЛапа-Право",
			"from": [-0.22163, 10.575, 6.77305],
			"to": [4.77837, 12.575, 8.47305],
			"rotation": {"angle": -22.5, "axis": "z", "origin": [3.55, 11.825, 7.625]},
			"faces": {
				"north": {"uv": [2, 14.25, 1.5, 13], "rotation": 270, "texture": "#4"},
				"east": {"uv": [13, 14.875, 13.5, 14.5], "rotation": 90, "texture": "#4"},
				"south": {"uv": [13, 12.75, 12.5, 14], "rotation": 270, "texture": "#4"},
				"west": {"uv": [14.5, 13.375, 15, 13], "rotation": 270, "texture": "#4"},
				"up": {"uv": [7.75, 14, 6.5, 14.375], "rotation": 180, "texture": "#4"},
				"down": {"uv": [9, 14, 7.75, 14.375], "texture": "#4"}
			}
		},
		{
			"name": "ЗаднЛапа-Бедр-Право",
			"from": [4.32678, 10.225, 6.38744],
			"to": [8.32678, 12.225, 8.38744],
			"rotation": {"angle": 0, "axis": "y", "origin": [7.15, 11.225, 7.15]},
			"faces": {
				"north": {"uv": [14.25, 3.25, 13.75, 2.25], "rotation": 270, "texture": "#4"},
				"east": {"uv": [14, 14, 14.5, 13.5], "rotation": 90, "texture": "#4"},
				"south": {"uv": [14.25, 1.25, 13.75, 2.25], "rotation": 270, "texture": "#4"},
				"west": {"uv": [14, 14.5, 14.5, 14], "rotation": 270, "texture": "#4"},
				"up": {"uv": [14.5, 5.75, 13.5, 6.25], "rotation": 180, "texture": "#4"},
				"down": {"uv": [14.5, 8.25, 13.5, 8.75], "texture": "#4"}
			}
		},
		{
			"name": "ЗаднЛапа-Когти-Право",
			"from": [-0.575, 10.525, 6],
			"to": [0.425, 14.525, 10],
			"rotation": {"angle": 22.5, "axis": "z", "origin": [0.175, 12.525, 7.5]},
			"faces": {
				"north": {"uv": [13.75, 8.25, 14.75, 8], "rotation": 90, "texture": "#4"},
				"east": {"uv": [10.5, 7.75, 9.5, 8.75], "rotation": 270, "texture": "#4"},
				"south": {"uv": [14, 4.5, 15, 4.25], "rotation": 270, "texture": "#4"},
				"west": {"uv": [12.5, 13, 11.5, 12], "rotation": 270, "texture": "#4"},
				"up": {"uv": [13.75, 10.5, 14.75, 10.25], "rotation": 270, "texture": "#4"},
				"down": {"uv": [14, 7, 15, 6.75], "rotation": 270, "texture": "#4"}
			}
		},
		{
			"name": "ЗаднЛапа-Лево",
			"from": [-0.4276, 3.75, 6.51872],
			"to": [4.5724, 5.75, 8.21872],
			"rotation": {"angle": -45, "axis": "z", "origin": [3.575, 4.5, 7.275]},
			"faces": {
				"north": {"uv": [12, 14.25, 11.5, 13], "rotation": 270, "texture": "#4"},
				"east": {"uv": [13.5, 14.875, 14, 14.5], "rotation": 90, "texture": "#4"},
				"south": {"uv": [2.5, 13, 2, 14.25], "rotation": 270, "texture": "#4"},
				"west": {"uv": [14.5, 13.875, 15, 13.5], "rotation": 270, "texture": "#4"},
				"up": {"uv": [15.25, 11.5, 14, 11.875], "rotation": 180, "texture": "#4"},
				"down": {"uv": [15.25, 12, 14, 12.375], "texture": "#4"}
			}
		},
		{
			"name": "ЗаднЛапа-Бедр-Лево",
			"from": [3.75178, 2.4, 6.03744],
			"to": [7.75178, 4.4, 8.03744],
			"rotation": {"angle": -22.5, "axis": "z", "origin": [6.575, 3.65, 6.8]},
			"faces": {
				"north": {"uv": [6.5, 14.75, 6, 13.75], "rotation": 270, "texture": "#4"},
				"east": {"uv": [0, 14.75, 0.5, 14.25], "rotation": 90, "texture": "#4"},
				"south": {"uv": [6, 13.75, 5.5, 14.75], "rotation": 270, "texture": "#4"},
				"west": {"uv": [14.25, 0.5, 14.75, 0], "rotation": 270, "texture": "#4"},
				"up": {"uv": [14.5, 8.75, 13.5, 9.25], "rotation": 180, "texture": "#4"},
				"down": {"uv": [14.75, 4.5, 13.75, 5], "texture": "#4"}
			}
		},
		{
			"name": "ЗаднЛапа-Когти-Лево",
			"from": [0.5, 5.425, 5.425],
			"to": [1.5, 9.425, 9.425],
			"rotation": {"angle": -22.5, "axis": "z", "origin": [1, 7.675, 6.675]},
			"faces": {
				"north": {"uv": [14.25, 0.75, 15.25, 0.5], "rotation": 90, "texture": "#4"},
				"east": {"uv": [13.25, 4.75, 12.25, 5.75], "rotation": 270, "texture": "#4"},
				"south": {"uv": [14.25, 1.25, 15.25, 1], "rotation": 270, "texture": "#4"},
				"west": {"uv": [13.25, 8.5, 12.25, 7.5], "rotation": 270, "texture": "#4"},
				"up": {"uv": [14.25, 1, 15.25, 0.75], "rotation": 270, "texture": "#4"},
				"down": {"uv": [14.25, 1.5, 15.25, 1.25], "rotation": 270, "texture": "#4"}
			}
		},
		{
			"name": "СреднПлавн-Плечо-Право",
			"from": [2.01187, 10.825, -3.6744],
			"to": [7.01187, 12.825, -1.6744],
			"rotation": {"angle": 0, "axis": "y", "origin": [5.375, 11.575, -2.75]},
			"faces": {
				"north": {"uv": [12, 14.25, 12.5, 13], "rotation": 90, "texture": "#4"},
				"east": {"uv": [2, 14.25, 1.5, 14.75], "rotation": 270, "texture": "#4"},
				"south": {"uv": [13.25, 2.25, 13.75, 1], "rotation": 270, "texture": "#4"},
				"west": {"uv": [14.75, 2, 14.25, 1.5], "rotation": 270, "texture": "#4"},
				"up": {"uv": [13, 14, 13.5, 12.75], "rotation": 270, "texture": "#4"},
				"down": {"uv": [13.25, 3.5, 13.75, 2.25], "rotation": 270, "texture": "#4"}
			}
		},
		{
			"name": "СреднПлавник-Право",
			"from": [-2.05, 11.6, -2.35],
			"to": [2.95, 13.375, 0.65],
			"rotation": {"angle": 22.5, "axis": "y", "origin": [-2.05, 12.625, -1.1]},
			"faces": {
				"north": {"uv": [4.25, 14.5, 3.75, 13.25], "rotation": 270, "texture": "#4"},
				"east": {"uv": [10.25, 14.75, 10.75, 14], "rotation": 90, "texture": "#4"},
				"south": {"uv": [3.75, 13.25, 3.25, 14.5], "rotation": 270, "texture": "#4"},
				"west": {"uv": [12.5, 14.75, 13, 14], "rotation": 270, "texture": "#4"},
				"up": {"uv": [13.5, 5.75, 12.25, 6.5], "rotation": 180, "texture": "#4"},
				"down": {"uv": [13.5, 8.5, 12.25, 9.25], "texture": "#4"}
			}
		},
		{
			"name": "СреднПлавн-Серед-Право",
			"from": [-6.05, 11.6, -2.35],
			"to": [-2.05, 13.375, -0.35],
			"rotation": {"angle": 22.5, "axis": "y", "origin": [-2.05, 12.625, -1.1]},
			"faces": {
				"north": {"uv": [1, 15, 0.5, 14], "rotation": 270, "texture": "#4"},
				"east": {"uv": [2, 14.75, 2.5, 14.25], "rotation": 90, "texture": "#4"},
				"south": {"uv": [14.25, 9.25, 13.75, 10.25], "rotation": 270, "texture": "#4"},
				"west": {"uv": [14.25, 2.5, 14.75, 2], "rotation": 270, "texture": "#4"},
				"up": {"uv": [14.75, 5, 13.75, 5.5], "rotation": 180, "texture": "#4"},
				"down": {"uv": [14.75, 7, 13.75, 7.5], "texture": "#4"}
			}
		},
		{
			"name": "СреднПлавн-Кончик-Право",
			"from": [-7.05, 11.6, -2.35],
			"to": [-6.05, 13.375, -1.35],
			"rotation": {"angle": 22.5, "axis": "y", "origin": [-2.05, 12.625, -1.1]},
			"faces": {
				"north": {"uv": [15.25, 5, 14.75, 4.75], "rotation": 270, "texture": "#4"},
				"east": {"uv": [14.75, 3.25, 15.25, 3], "rotation": 90, "texture": "#4"},
				"south": {"uv": [5.25, 14.75, 4.75, 15], "rotation": 270, "texture": "#4"},
				"west": {"uv": [14.75, 4.75, 15.25, 4.5], "rotation": 270, "texture": "#4"},
				"up": {"uv": [11, 4.75, 10.75, 5], "rotation": 180, "texture": "#4"},
				"down": {"uv": [11.5, 2.5, 11.25, 2.75], "texture": "#4"}
			}
		},
		{
			"name": "СреднПлавник-Лево",
			"from": [1.425, 4.8, -3.55],
			"to": [4.425, 6.575, 1.45],
			"rotation": {"angle": -22.5, "axis": "x", "origin": [2.675, 5.55, 1.45]},
			"faces": {
				"north": {"uv": [10.25, 14.75, 10.75, 14], "rotation": 90, "texture": "#4"},
				"east": {"uv": [3.25, 14.5, 3.75, 13.25], "rotation": 270, "texture": "#4"},
				"south": {"uv": [12.5, 14.75, 13, 14], "rotation": 270, "texture": "#4"},
				"west": {"uv": [3.75, 14.5, 4.25, 13.25], "rotation": 270, "texture": "#4"},
				"up": {"uv": [12.25, 9.25, 13.5, 8.5], "rotation": 270, "texture": "#4"},
				"down": {"uv": [12.25, 6.5, 13.5, 5.75], "rotation": 270, "texture": "#4"}
			}
		},
		{
			"name": "СреднПлавн-Серед-Лево",
			"from": [1.425, 4.8, 1.45],
			"to": [3.425, 6.575, 5.45],
			"rotation": {"angle": -22.5, "axis": "x", "origin": [2.675, 5.55, 1.45]},
			"faces": {
				"north": {"uv": [2, 14.75, 2.5, 14.25], "rotation": 90, "texture": "#4"},
				"east": {"uv": [13.75, 10.25, 14.25, 9.25], "rotation": 270, "texture": "#4"},
				"south": {"uv": [14.25, 2.5, 14.75, 2], "rotation": 270, "texture": "#4"},
				"west": {"uv": [0.5, 15, 1, 14], "rotation": 270, "texture": "#4"},
				"up": {"uv": [13.75, 7.5, 14.75, 7], "rotation": 270, "texture": "#4"},
				"down": {"uv": [13.75, 5.5, 14.75, 5], "rotation": 270, "texture": "#4"}
			}
		},
		{
			"name": "СреднПлавн-Кончик-Лево",
			"from": [1.425, 4.8, 5.45],
			"to": [2.425, 6.575, 6.45],
			"rotation": {"angle": -22.5, "axis": "x", "origin": [2.675, 5.55, 1.45]},
			"faces": {
				"north": {"uv": [14.75, 3.25, 15.25, 3], "rotation": 90, "texture": "#4"},
				"east": {"uv": [4.75, 15, 5.25, 14.75], "rotation": 270, "texture": "#4"},
				"south": {"uv": [14.75, 4.75, 15.25, 4.5], "rotation": 270, "texture": "#4"},
				"west": {"uv": [14.75, 5, 15.25, 4.75], "rotation": 270, "texture": "#4"},
				"up": {"uv": [11.25, 2.75, 11.5, 2.5], "rotation": 270, "texture": "#4"},
				"down": {"uv": [10.75, 5, 11, 4.75], "rotation": 270, "texture": "#4"}
			}
		},
		{
			"name": "СреднПлавн-Плечо-Лево",
			"from": [2.15754, 3.3, -4.63037],
			"to": [7.15754, 5.3, -2.63037],
			"rotation": {"angle": 22.5, "axis": "y", "origin": [5.425, 4.55, -3.475]},
			"faces": {
				"north": {"uv": [12, 14.25, 12.5, 13], "rotation": 90, "texture": "#4"},
				"east": {"uv": [1.5, 14.75, 2, 14.25], "rotation": 270, "texture": "#4"},
				"south": {"uv": [13.25, 2.25, 13.75, 1], "rotation": 270, "texture": "#4"},
				"west": {"uv": [14.25, 2, 14.75, 1.5], "rotation": 270, "texture": "#4"},
				"up": {"uv": [13.25, 3.5, 13.75, 2.25], "rotation": 270, "texture": "#4"},
				"down": {"uv": [13, 14, 13.5, 12.75], "rotation": 270, "texture": "#4"}
			}
		}
	],
	"display": {
		"thirdperson_righthand": {
			"rotation": [-168.81, 74.51, 171.25],
			"translation": [0, 5.5, 3.5],
			"scale": [0.81641, 0.81641, 0.81641]
		},
		"thirdperson_lefthand": {
			"translation": [0, 2, 2.75],
			"scale": [0.28711, 0.28711, 0.28711]
		},
		"ground": {
			"scale": [0.5, 0.5, 0.5]
		},
		"gui": {
			"rotation": [-180, 1.5, -180]
		},
		"head": {
			"translation": [0, -34.5, -33],
			"scale": [1.27539, 1.27539, 1.27539]
		},
		"fixed": {
			"rotation": [0, 90, 0],
			"scale": [0.41211, 0.41211, 0.41211]
		}
	},
	"groups": [
		{
			"name": "nairana",
			"origin": [8, 8, 8],
			"color": 0,
			"children": [
				{
					"name": "ОсновноеТело",
					"origin": [8, 8, 8],
					"color": 0,
					"children": [
						0,
						1,
						2,
						{
							"name": "ПлавникиАнтены",
							"origin": [8, 8, 8],
							"color": 0,
							"children": [
								{
									"name": "Лево",
									"origin": [8, 8, 8],
									"color": 0,
									"children": [3, 4, 5, 6]
								},
								{
									"name": "Право",
									"origin": [8, 8, 8],
									"color": 0,
									"children": [7, 8]
								}
							]
						},
						{
							"name": "ПлавникиСредние",
							"origin": [8, 8, 8],
							"color": 0,
							"children": [
								{
									"name": "Право",
									"origin": [8, 8, 8],
									"color": 0,
									"children": [9, 10, 11, 12]
								},
								{
									"name": "Лево",
									"origin": [8, 8, 8],
									"color": 0,
									"children": [13, 14, 15, 16]
								}
							]
						},
						{
							"name": "Антены",
							"origin": [8, 8, 8],
							"color": 0,
							"children": [17, 18, 19, 20]
						},
						{
							"name": "Хвост",
							"origin": [8, 8, 8],
							"color": 0,
							"children": [21, 22, 23, 24, 25, 26, 27]
						}
					]
				},
				{
					"name": "ПередниеЛапы",
					"origin": [8, 8, 8],
					"color": 0,
					"children": [
						{
							"name": "ПереднПраваяЛапа",
							"origin": [8, 8, 8],
							"color": 0,
							"children": [28, 29, 30]
						},
						{
							"name": "ПереднЛеваяЛапа",
							"origin": [8, 8, 8],
							"color": 0,
							"children": [31, 32, 33]
						}
					]
				},
				{
					"name": "ЗадниеЛапы",
					"origin": [8, 8, 8],
					"color": 0,
					"children": [
						{
							"name": "ЗадняяПраваяЛапа",
							"origin": [8, 8, 8],
							"color": 0,
							"children": [34, 35, 36]
						},
						{
							"name": "ЗадняяЛеваяЛапа",
							"origin": [8, 8, 8],
							"color": 0,
							"children": [37, 38, 39]
						}
					]
				},
				{
					"name": "СредниеПлавники",
					"origin": [8, 8, 8],
					"color": 0,
					"children": [
						{
							"name": "СреднийПлавникПраво",
							"origin": [8, 8, 8],
							"color": 0,
							"children": [40, 41, 42, 43]
						},
						{
							"name": "СреднийПлавникЛево",
							"origin": [8, 8, 8],
							"color": 0,
							"children": [44, 45, 46, 47]
						}
					]
				}
			]
		}
	]
}