{
	"credit": "Made with Blockbench",
	"texture_size": [64, 64],
	"textures": {
		"3": "NeiranaTDefolt"
	},
	"elements": [
		{
			"name": "Голова",
			"from": [2.825, 3.48255, -15.64857],
			"to": [11.825, 12.48255, -5.64857],
			"rotation": {"angle": -22.5, "axis": "x", "origin": [7.075, 12, -9.5]},
			"faces": {
				"north": {"uv": [4.75, 3.25, 7, 5.5], "texture": "#3"},
				"east": {"uv": [0, 0, 2.5, 2.25], "texture": "#3"},
				"south": {"uv": [1.75, 5, 4, 7.25], "texture": "#3"},
				"west": {"uv": [0, 2.25, 2.5, 4.5], "texture": "#3"},
				"up": {"uv": [4.75, 2.5, 2.5, 0], "texture": "#3"},
				"down": {"uv": [4.75, 2.5, 2.5, 5], "texture": "#3"}
			}
		},
		{
			"name": "Туловище-Хвост",
			"from": [3.75, 2, -2],
			"to": [10.45, 8, 11],
			"rotation": {"angle": 0, "axis": "y", "origin": [6.85, 4, 6.25]},
			"faces": {
				"north": {"uv": [9.25, 10, 10.875, 11.5], "texture": "#3"},
				"east": {"uv": [4, 5.5, 7.25, 7], "texture": "#3"},
				"south": {"uv": [10.5, 7.75, 12.125, 9.25], "texture": "#3"},
				"west": {"uv": [6.5, 0, 9.75, 1.5], "texture": "#3"},
				"up": {"uv": [1.625, 7.75, 0, 4.5], "texture": "#3"},
				"down": {"uv": [6.375, 0, 4.75, 3.25], "texture": "#3"}
			}
		},
		{
			"name": "Тело",
			"from": [3.925, -1.51682, -9.28959],
			"to": [11.075, 6.65818, -0.28959],
			"rotation": {"angle": 22.5, "axis": "x", "origin": [7.25, 4, 6.25]},
			"faces": {
				"north": {"uv": [9.75, 2.75, 11.5, 4.75], "texture": "#3"},
				"east": {"uv": [1.75, 7.25, 4, 9.25], "texture": "#3"},
				"south": {"uv": [5, 10, 6.75, 12], "texture": "#3"},
				"west": {"uv": [7.25, 5, 9.5, 7], "texture": "#3"},
				"up": {"uv": [1.75, 10, 0, 7.75], "texture": "#3"},
				"down": {"uv": [3.5, 9.25, 1.75, 11.5], "texture": "#3"}
			}
		},
		{
			"name": "ЛевоПлавникКреплАнтена1",
			"from": [4.025, 14.94385, -9.8323],
			"to": [4.75, 17.44385, -8.4073],
			"rotation": {"angle": 22.5, "axis": "x", "origin": [7.075, 12, -9.5]},
			"faces": {
				"north": {"uv": [2.5, 13.5, 2.625, 14.125], "texture": "#3"},
				"east": {"uv": [2.5, 14.25, 2.875, 14.875], "texture": "#3"},
				"south": {"uv": [10.75, 13.5, 10.875, 14.125], "texture": "#3"},
				"west": {"uv": [14.25, 2.5, 14.625, 3.125], "texture": "#3"},
				"up": {"uv": [13.375, 11.875, 13.25, 11.5], "texture": "#3"},
				"down": {"uv": [9.125, 14, 9, 14.375], "texture": "#3"}
			}
		},
		{
			"name": "ЛевоПлавникКреплАнтена2",
			"from": [3.925, 11.92482, -10.33477],
			"to": [4.85, 14.92482, -8.33477],
			"rotation": {"angle": 22.5, "axis": "x", "origin": [7.075, 12, -9.5]},
			"faces": {
				"north": {"uv": [1.5, 10, 1.75, 10.75], "texture": "#3"},
				"east": {"uv": [3.5, 9.25, 4, 10], "texture": "#3"},
				"south": {"uv": [1.5, 10.75, 1.75, 11.5], "texture": "#3"},
				"west": {"uv": [10.5, 9.25, 11, 10], "texture": "#3"},
				"up": {"uv": [2.5, 5, 2.25, 4.5], "texture": "#3"},
				"down": {"uv": [4.75, 5, 4.5, 5.5], "texture": "#3"}
			}
		},
		{
			"from": [4.375, 11.075, -9.075],
			"to": [4.375, 21.65, -3.7],
			"rotation": {"angle": 0, "axis": "y", "origin": [7.075, 12, -9.5]},
			"faces": {
				"north": {"uv": [0, 0, 0, 2.625], "texture": "#3"},
				"east": {"uv": [9.5, 5, 10.875, 7.625], "texture": "#3"},
				"south": {"uv": [0, 0, 0, 2.625], "texture": "#3"},
				"west": {"uv": [9.75, 0, 11.125, 2.625], "texture": "#3"},
				"up": {"uv": [0, 1.375, 0, 0], "texture": "#3"},
				"down": {"uv": [0, 0, 0, 1.375], "texture": "#3"}
			}
		},
		{
			"from": [10.325, 11.075, -9.075],
			"to": [10.325, 21.65, -3.7],
			"rotation": {"angle": 0, "axis": "y", "origin": [7.075, 12, -9.5]},
			"faces": {
				"north": {"uv": [0, 0, 0, 2.625], "texture": "#3"},
				"east": {"uv": [0, 10, 1.375, 12.625], "texture": "#3"},
				"south": {"uv": [0, 0, 0, 2.625], "texture": "#3"},
				"west": {"uv": [3.5, 10, 4.875, 12.625], "texture": "#3"},
				"up": {"uv": [0, 0, 0, 1.375], "texture": "#3"},
				"down": {"uv": [0, 0, 0, 1.375], "texture": "#3"}
			}
		},
		{
			"name": "ПравоПлавникКреплАнтена2",
			"from": [9.85, 11.92482, -10.33477],
			"to": [10.775, 14.92482, -8.33477],
			"rotation": {"angle": 22.5, "axis": "x", "origin": [7.075, 12, -9.5]},
			"faces": {
				"north": {"uv": [11.25, 0, 11.5, 0.75], "texture": "#3"},
				"east": {"uv": [1, 14, 1.5, 14.75], "texture": "#3"},
				"south": {"uv": [11.25, 0.75, 11.5, 1.5], "texture": "#3"},
				"west": {"uv": [4.25, 14, 4.75, 14.75], "texture": "#3"},
				"up": {"uv": [7.25, 5.5, 7, 5], "texture": "#3"},
				"down": {"uv": [11.5, 1.5, 11.25, 2], "texture": "#3"}
			}
		},
		{
			"name": "ПравоПлавникКреплАнтена1",
			"from": [9.95, 14.94385, -9.8323],
			"to": [10.675, 17.44385, -8.4073],
			"rotation": {"angle": 22.5, "axis": "x", "origin": [7.075, 12, -9.5]},
			"faces": {
				"north": {"uv": [4.75, 14, 4.875, 14.625], "texture": "#3"},
				"east": {"uv": [14.25, 9.25, 14.625, 9.875], "texture": "#3"},
				"south": {"uv": [10, 14.5, 10.125, 15.125], "texture": "#3"},
				"west": {"uv": [10.75, 14.25, 11.125, 14.875], "texture": "#3"},
				"up": {"uv": [9.875, 15.125, 9.75, 14.75], "texture": "#3"},
				"down": {"uv": [10.375, 14.75, 10.25, 15.125], "texture": "#3"}
			}
		},
		{
			"from": [9.225, 7.6, 2.075],
			"to": [9.225, 10.925, 8.575],
			"rotation": {"angle": 0, "axis": "y", "origin": [11.225, 7.8, 3.525]},
			"faces": {
				"north": {"uv": [0, 0, 0, 0.875], "texture": "#3"},
				"east": {"uv": [11, 6.5, 12.625, 7.375], "texture": "#3"},
				"south": {"uv": [0, 0, 0, 0.875], "texture": "#3"},
				"west": {"uv": [9.25, 11.5, 10.875, 12.375], "texture": "#3"},
				"up": {"uv": [0, 1.625, 0, 0], "texture": "#3"},
				"down": {"uv": [0, 0, 0, 1.625], "texture": "#3"}
			}
		},
		{
			"name": "ВерхнийПлавникНачалоПраво",
			"from": [8.7, 7.15971, 1.08649],
			"to": [9.65, 9.05971, 2.76149],
			"rotation": {"angle": 45, "axis": "x", "origin": [7.25, 8.5, 1.85]},
			"faces": {
				"north": {"uv": [11.25, 2, 11.5, 2.5], "texture": "#3"},
				"east": {"uv": [12, 14.25, 12.375, 14.75], "texture": "#3"},
				"south": {"uv": [3.25, 11.5, 3.5, 12], "texture": "#3"},
				"west": {"uv": [3.75, 14.5, 4.125, 15], "texture": "#3"},
				"up": {"uv": [11, 12.875, 10.75, 12.5], "texture": "#3"},
				"down": {"uv": [2.75, 13, 2.5, 13.375], "texture": "#3"}
			}
		},
		{
			"name": "ВерхнийПлавникСередПраво",
			"from": [8.85, 8.5256, 1.77135],
			"to": [9.5, 9.7756, 4.29635],
			"rotation": {"angle": -22.5, "axis": "x", "origin": [7.05, 9.625, 2.8]},
			"faces": {
				"north": {"uv": [10.5, 14.75, 10.625, 15.125], "texture": "#3"},
				"east": {"uv": [11.25, 14.25, 11.875, 14.625], "texture": "#3"},
				"south": {"uv": [11.25, 14.75, 11.375, 15.125], "texture": "#3"},
				"west": {"uv": [3, 14.5, 3.625, 14.875], "texture": "#3"},
				"up": {"uv": [6.375, 15.375, 6.25, 14.75], "texture": "#3"},
				"down": {"uv": [9.375, 14.75, 9.25, 15.375], "texture": "#3"}
			}
		},
		{
			"name": "ВерхнийПлавникКонецПраво",
			"from": [8.95, 9.7256, 4.04635],
			"to": [9.4, 10.7256, 5.72135],
			"rotation": {"angle": -22.5, "axis": "x", "origin": [7.05, 10.725, 5.075]},
			"faces": {
				"north": {"uv": [12, 7.5, 12.125, 7.75], "texture": "#3"},
				"east": {"uv": [14.75, 5, 15.125, 5.25], "texture": "#3"},
				"south": {"uv": [3.25, 12.5, 3.375, 12.75], "texture": "#3"},
				"west": {"uv": [5.25, 14.75, 5.625, 15], "texture": "#3"},
				"up": {"uv": [11.625, 15.125, 11.5, 14.75], "texture": "#3"},
				"down": {"uv": [11.875, 14.75, 11.75, 15.125], "texture": "#3"}
			}
		},
		{
			"from": [5.025, 7.6, 2.075],
			"to": [5.025, 10.925, 8.575],
			"rotation": {"angle": 0, "axis": "y", "origin": [3.025, 7.8, 3.525]},
			"faces": {
				"north": {"uv": [0, 0, 0, 0.875], "texture": "#3"},
				"east": {"uv": [11.5, 11, 13.125, 11.875], "texture": "#3"},
				"south": {"uv": [0, 0, 0, 0.875], "texture": "#3"},
				"west": {"uv": [12, 0, 13.625, 0.875], "texture": "#3"},
				"up": {"uv": [0, 0, 0, 1.625], "texture": "#3"},
				"down": {"uv": [0, 0, 0, 1.625], "texture": "#3"}
			}
		},
		{
			"name": "ВерхнийПлавникНачалоЛево",
			"from": [4.55, 7.15971, 1.08649],
			"to": [5.5, 9.05971, 2.76149],
			"rotation": {"angle": 45, "axis": "x", "origin": [7.25, 8.5, 1.85]},
			"faces": {
				"north": {"uv": [3.25, 12, 3.5, 12.5], "texture": "#3"},
				"east": {"uv": [7.25, 14.5, 7.625, 15], "texture": "#3"},
				"south": {"uv": [12.5, 2.75, 12.75, 3.25], "texture": "#3"},
				"west": {"uv": [7.75, 14.5, 8.125, 15], "texture": "#3"},
				"up": {"uv": [11, 13.375, 10.75, 13], "texture": "#3"},
				"down": {"uv": [4.5, 13.25, 4.25, 13.625], "texture": "#3"}
			}
		},
		{
			"name": "ВерхнийПлавникСередЛево",
			"from": [4.7, 8.5256, 1.77135],
			"to": [5.35, 9.7756, 4.29635],
			"rotation": {"angle": -22.5, "axis": "x", "origin": [7.05, 9.625, 2.8]},
			"faces": {
				"north": {"uv": [12, 14.75, 12.125, 15.125], "texture": "#3"},
				"east": {"uv": [14.5, 5.75, 15.125, 6.125], "texture": "#3"},
				"south": {"uv": [12.25, 14.75, 12.375, 15.125], "texture": "#3"},
				"west": {"uv": [6.5, 14.5, 7.125, 14.875], "texture": "#3"},
				"up": {"uv": [14.875, 9.875, 14.75, 9.25], "texture": "#3"},
				"down": {"uv": [9.625, 14.75, 9.5, 15.375], "texture": "#3"}
			}
		},
		{
			"name": "ВерхнийПлавникКонецЛево",
			"from": [4.8, 9.7256, 4.04635],
			"to": [5.25, 10.7256, 5.72135],
			"rotation": {"angle": -22.5, "axis": "x", "origin": [7.05, 10.725, 5.075]},
			"faces": {
				"north": {"uv": [13.25, 8.25, 13.375, 8.5], "texture": "#3"},
				"east": {"uv": [14.75, 5.25, 15.125, 5.5], "texture": "#3"},
				"south": {"uv": [13.75, 3.25, 13.875, 3.5], "texture": "#3"},
				"west": {"uv": [14.75, 5.5, 15.125, 5.75], "texture": "#3"},
				"up": {"uv": [12.625, 15.125, 12.5, 14.75], "texture": "#3"},
				"down": {"uv": [12.875, 14.75, 12.75, 15.125], "texture": "#3"}
			}
		},
		{
			"name": "антенна-Лево",
			"from": [3.84822, 8.97373, -12.55499],
			"to": [3.84822, 15.97373, -9.55499],
			"rotation": {"angle": -22.5, "axis": "y", "origin": [7.075, 12, -9.5]},
			"faces": {
				"north": {"uv": [0, 0, 0, 1.75], "texture": "#3"},
				"east": {"uv": [12, 1, 12.75, 2.75], "texture": "#3"},
				"south": {"uv": [0, 0, 0, 1.75], "texture": "#3"},
				"west": {"uv": [5.5, 12, 6.25, 13.75], "texture": "#3"},
				"up": {"uv": [0, 0.75, 0, 0], "texture": "#3"},
				"down": {"uv": [0, 0, 0, 0.75], "texture": "#3"}
			}
		},
		{
			"name": "антенна-Право",
			"from": [10.80991, 8.97373, -12.34451],
			"to": [10.80991, 15.97373, -9.34451],
			"rotation": {"angle": 22.5, "axis": "y", "origin": [7.075, 12, -9.5]},
			"faces": {
				"north": {"uv": [0, 0, 0, 1.75], "texture": "#3"},
				"east": {"uv": [6.25, 12, 5.5, 13.75], "texture": "#3"},
				"south": {"uv": [0, 0, 0, 1.75], "texture": "#3"},
				"west": {"uv": [12.75, 1, 12, 2.75], "texture": "#3"},
				"up": {"uv": [0, 0, 0, 0.75], "texture": "#3"},
				"down": {"uv": [0, 0, 0, 0.75], "texture": "#3"}
			}
		},
		{
			"name": "АнтенаШарикЛево",
			"from": [4.275, 13.35, -13.825],
			"to": [5.85, 14.95, -12.15],
			"rotation": {"angle": 0, "axis": "y", "origin": [7.075, 12, -9.5]},
			"faces": {
				"north": {"uv": [14, 14.5, 14.375, 14.875], "texture": "#3"},
				"east": {"uv": [14.5, 14, 14.875, 14.375], "texture": "#3"},
				"south": {"uv": [14.5, 14.5, 14.875, 14.875], "texture": "#3"},
				"west": {"uv": [0, 14.75, 0.375, 15.125], "texture": "#3"},
				"up": {"uv": [15.125, 0.375, 14.75, 0], "texture": "#3"},
				"down": {"uv": [1.375, 14.75, 1, 15.125], "texture": "#3"}
			}
		},
		{
			"name": "АнтенаШарикПраво",
			"from": [8.85, 13.35, -13.825],
			"to": [10.425, 14.95, -12.15],
			"rotation": {"angle": 0, "axis": "y", "origin": [7.075, 12, -9.5]},
			"faces": {
				"north": {"uv": [1.5, 14.75, 1.875, 15.125], "texture": "#3"},
				"east": {"uv": [14.75, 1.5, 15.125, 1.875], "texture": "#3"},
				"south": {"uv": [2, 14.75, 2.375, 15.125], "texture": "#3"},
				"west": {"uv": [14.75, 2, 15.125, 2.375], "texture": "#3"},
				"up": {"uv": [15.125, 2.875, 14.75, 2.5], "texture": "#3"},
				"down": {"uv": [4.625, 14.75, 4.25, 15.125], "texture": "#3"}
			}
		},
		{
			"name": "Хвост",
			"from": [4.70054, 0.625, 10.18367],
			"to": [9.20054, 7.625, 21.18367],
			"rotation": {"angle": 22.5, "axis": "y", "origin": [6.225, 4, 12.125]},
			"faces": {
				"north": {"uv": [11, 4.75, 12.125, 6.5], "texture": "#3"},
				"east": {"uv": [6.5, 1.5, 9.25, 3.25], "texture": "#3"},
				"south": {"uv": [11, 9.25, 12.125, 11], "texture": "#3"},
				"west": {"uv": [7, 3.25, 9.75, 5], "texture": "#3"},
				"up": {"uv": [7.875, 12.75, 6.75, 10], "texture": "#3"},
				"down": {"uv": [9.125, 10, 8, 12.75], "texture": "#3"}
			}
		},
		{
			"name": "ХвостВерхн-конец",
			"from": [7.25, -0.55503, 18.98218],
			"to": [9.4, 4.44497, 31.98218],
			"rotation": {"angle": -22.5, "axis": "x", "origin": [8.075, 4.025, 6.675]},
			"faces": {
				"north": {"uv": [0.5, 12.75, 1, 14], "texture": "#3"},
				"east": {"uv": [4, 8.75, 7.25, 10], "texture": "#3"},
				"south": {"uv": [1, 12.75, 1.5, 14], "texture": "#3"},
				"west": {"uv": [7.25, 8.75, 10.5, 10], "texture": "#3"},
				"up": {"uv": [11.5, 14.25, 11, 11], "texture": "#3"},
				"down": {"uv": [12, 0, 11.5, 3.25], "texture": "#3"}
			}
		},
		{
			"name": "Хвост-конец",
			"from": [7.225, 0.25, 18.9],
			"to": [9.425, 7.25, 29.9],
			"rotation": {"angle": 0, "axis": "y", "origin": [8.075, 4, 6.725]},
			"faces": {
				"north": {"uv": [9.25, 1.5, 9.75, 3.25], "texture": "#3"},
				"east": {"uv": [4, 7, 6.75, 8.75], "texture": "#3"},
				"south": {"uv": [6.25, 12, 6.75, 13.75], "texture": "#3"},
				"west": {"uv": [6.75, 7, 9.5, 8.75], "texture": "#3"},
				"up": {"uv": [3.25, 14.25, 2.75, 11.5], "texture": "#3"},
				"down": {"uv": [5.5, 12, 5, 14.75], "texture": "#3"}
			}
		},
		{
			"name": "ХвостНижнийПереход",
			"from": [7.35, 0.225, 29.65],
			"to": [9.3, 1.025, 31.2],
			"rotation": {"angle": 0, "axis": "y", "origin": [8.075, 4, 6.725]},
			"faces": {
				"north": {"uv": [12.75, 4.5, 13.25, 4.75], "texture": "#3"},
				"east": {"uv": [5.75, 14.75, 6.125, 15], "texture": "#3"},
				"south": {"uv": [13.5, 6.25, 14, 6.5], "texture": "#3"},
				"west": {"uv": [14.75, 7, 15.125, 7.25], "texture": "#3"},
				"up": {"uv": [8.75, 14.875, 8.25, 14.5], "texture": "#3"},
				"down": {"uv": [15, 8.25, 14.5, 8.625], "texture": "#3"}
			}
		},
		{
			"name": "ХвостНижнийУгол",
			"from": [7.375, -8.12276, 26.19271],
			"to": [9.275, -3.87276, 28.19271],
			"rotation": {"angle": -22.5, "axis": "x", "origin": [8.075, 4, 6.725]},
			"faces": {
				"north": {"uv": [13.25, 4.5, 13.75, 5.625], "texture": "#3"},
				"east": {"uv": [13.25, 7, 13.75, 8.125], "texture": "#3"},
				"south": {"uv": [9.25, 13.25, 9.75, 14.375], "texture": "#3"},
				"west": {"uv": [13.25, 9.25, 13.75, 10.375], "texture": "#3"},
				"up": {"uv": [2.25, 5, 1.75, 4.5], "texture": "#3"},
				"down": {"uv": [4.5, 5, 4, 5.5], "texture": "#3"}
			}
		},
		{
			"name": "ХвостПереходВерхний",
			"from": [7.325, 2.30205, 14.62473],
			"to": [9.325, 4.37705, 19.04973],
			"rotation": {"angle": -22.5, "axis": "x", "origin": [8.075, 4, 6.725]},
			"faces": {
				"north": {"uv": [12, 2.75, 12.5, 3.25], "texture": "#3"},
				"east": {"uv": [13.25, 10.5, 14.375, 11], "texture": "#3"},
				"south": {"uv": [12.75, 7, 13.25, 7.5], "texture": "#3"},
				"west": {"uv": [13.25, 11, 14.375, 11.5], "texture": "#3"},
				"up": {"uv": [10.25, 14.375, 9.75, 13.25], "texture": "#3"},
				"down": {"uv": [14, 11.5, 13.5, 12.625], "texture": "#3"}
			}
		},
		{
			"name": "ХвостВерхнийУгол",
			"from": [7.35, 13.32, 23.17133],
			"to": [9.3, 18.645, 27.84633],
			"rotation": {"angle": 22.5, "axis": "x", "origin": [8.075, 4, 6.725]},
			"faces": {
				"north": {"uv": [10.25, 12.5, 10.75, 13.875], "texture": "#3"},
				"east": {"uv": [1.5, 11.5, 2.625, 12.875], "texture": "#3"},
				"south": {"uv": [0, 12.75, 0.5, 14.125], "texture": "#3"},
				"west": {"uv": [11.5, 3.25, 12.625, 4.625], "texture": "#3"},
				"up": {"uv": [14, 13.875, 13.5, 12.75], "texture": "#3"},
				"down": {"uv": [14.25, 0, 13.75, 1.125], "texture": "#3"}
			}
		},
		{
			"name": "ЗаднЛапа-Бедр-Право",
			"from": [1.85, 1.95889, 5.16611],
			"to": [3.85, 3.95889, 9.16611],
			"rotation": {"angle": 45, "axis": "x", "origin": [2.6, 3.075, 7.05]},
			"faces": {
				"north": {"uv": [14.5, 13.5, 14, 14], "texture": "#3"},
				"east": {"uv": [14.5, 8.25, 13.5, 8.75], "texture": "#3"},
				"south": {"uv": [14.5, 14, 14, 14.5], "texture": "#3"},
				"west": {"uv": [14.5, 5.75, 13.5, 6.25], "texture": "#3"},
				"up": {"uv": [13.75, 2.25, 14.25, 1.25], "texture": "#3"},
				"down": {"uv": [13.75, 2.25, 14.25, 3.25], "texture": "#3"}
			}
		},
		{
			"name": "ЗаднЛапа-Право",
			"from": [1.45, 2.20267, 7.72767],
			"to": [3.45, 3.90267, 12.72767],
			"rotation": {"angle": 22.5, "axis": "x", "origin": [7.2, 3.85, 5.65]},
			"faces": {
				"north": {"uv": [13.5, 14.5, 13, 14.875], "texture": "#3"},
				"east": {"uv": [9, 14, 7.75, 14.375], "texture": "#3"},
				"south": {"uv": [15, 13, 14.5, 13.375], "texture": "#3"},
				"west": {"uv": [7.75, 14, 6.5, 14.375], "texture": "#3"},
				"up": {"uv": [12.5, 14, 13, 12.75], "texture": "#3"},
				"down": {"uv": [1.5, 13, 2, 14.25], "texture": "#3"}
			}
		},
		{
			"name": "ЗаднЛапа-Когти-Право",
			"from": [0.15, 0, 10.875],
			"to": [4.15, 1, 14.875],
			"rotation": {"angle": -22.5, "axis": "y", "origin": [2.15, 0.5, 12.875]},
			"faces": {
				"north": {"uv": [14.75, 8, 13.75, 8.25], "texture": "#3"},
				"east": {"uv": [15, 6.75, 14, 7], "texture": "#3"},
				"south": {"uv": [15, 4.25, 14, 4.5], "texture": "#3"},
				"west": {"uv": [14.75, 10.25, 13.75, 10.5], "texture": "#3"},
				"up": {"uv": [9.5, 8.75, 10.5, 7.75], "texture": "#3"},
				"down": {"uv": [11.5, 12, 12.5, 13], "texture": "#3"}
			}
		},
		{
			"name": "ЗаднЛапа-Бедр-Лево",
			"from": [10.625, 1.11318, 5.32604],
			"to": [12.625, 5.11318, 7.32604],
			"rotation": {"angle": 45, "axis": "z", "origin": [11.375, 3.3, 6.725]},
			"faces": {
				"north": {"uv": [6, 13.75, 6.5, 14.75], "rotation": 180, "texture": "#3"},
				"east": {"uv": [13.75, 5, 14.75, 4.5], "rotation": 90, "texture": "#3"},
				"south": {"uv": [5.5, 14.75, 6, 13.75], "texture": "#3"},
				"west": {"uv": [13.5, 9.25, 14.5, 8.75], "rotation": 270, "texture": "#3"},
				"up": {"uv": [0.5, 14.25, 0, 14.75], "rotation": 180, "texture": "#3"},
				"down": {"uv": [14.75, 0, 14.25, 0.5], "texture": "#3"}
			}
		},
		{
			"name": "ЗаднЛапа-Лево",
			"from": [11.675, 1.35267, 7.35267],
			"to": [13.675, 3.05267, 12.35267],
			"rotation": {"angle": 22.5, "axis": "y", "origin": [8.425, 3, 5.275]},
			"faces": {
				"north": {"uv": [14, 14.5, 13.5, 14.875], "texture": "#3"},
				"east": {"uv": [15.25, 12, 14, 12.375], "texture": "#3"},
				"south": {"uv": [15, 13.5, 14.5, 13.875], "texture": "#3"},
				"west": {"uv": [15.25, 11.5, 14, 11.875], "texture": "#3"},
				"up": {"uv": [2, 14.25, 2.5, 13], "texture": "#3"},
				"down": {"uv": [11.5, 13, 12, 14.25], "texture": "#3"}
			}
		},
		{
			"name": "ЗаднЛапа-Когти-Лево",
			"from": [13.175, 1.25, 8.5],
			"to": [17.175, 2.25, 12.5],
			"rotation": {"angle": -22.5, "axis": "x", "origin": [14.925, 1.75, 10.25]},
			"faces": {
				"north": {"uv": [15.25, 0.5, 14.25, 0.75], "texture": "#3"},
				"east": {"uv": [15.25, 1.25, 14.25, 1.5], "texture": "#3"},
				"south": {"uv": [15.25, 1, 14.25, 1.25], "texture": "#3"},
				"west": {"uv": [15.25, 0.75, 14.25, 1], "texture": "#3"},
				"up": {"uv": [12.25, 5.75, 13.25, 4.75], "texture": "#3"},
				"down": {"uv": [12.25, 7.5, 13.25, 8.5], "texture": "#3"}
			}
		},
		{
			"name": "СреднПлавн-Плечо-Лево",
			"from": [10.975, 0.6847, -3.66489],
			"to": [12.975, 5.6847, -1.66489],
			"rotation": {"angle": 0, "axis": "y", "origin": [11.975, 4, -2.625]},
			"faces": {
				"north": {"uv": [12.5, 13, 12, 14.25], "texture": "#3"},
				"east": {"uv": [13.5, 12.75, 13, 14], "texture": "#3"},
				"south": {"uv": [13.75, 1, 13.25, 2.25], "texture": "#3"},
				"west": {"uv": [13.75, 2.25, 13.25, 3.5], "texture": "#3"},
				"up": {"uv": [1.5, 14.75, 2, 14.25], "texture": "#3"},
				"down": {"uv": [14.25, 1.5, 14.75, 2], "texture": "#3"}
			}
		},
		{
			"name": "СреднПлавник-Лево",
			"from": [10.825, 0, 0],
			"to": [15.825, 3, 1.775],
			"rotation": {"angle": -45, "axis": "y", "origin": [15.825, 1.25, 0.75]},
			"faces": {
				"north": {"uv": [13.5, 5.75, 12.25, 6.5], "texture": "#3"},
				"east": {"uv": [13, 14, 12.5, 14.75], "texture": "#3"},
				"south": {"uv": [13.5, 8.5, 12.25, 9.25], "texture": "#3"},
				"west": {"uv": [10.75, 14, 10.25, 14.75], "texture": "#3"},
				"up": {"uv": [3.75, 13.25, 3.25, 14.5], "rotation": 90, "texture": "#3"},
				"down": {"uv": [4.25, 14.5, 3.75, 13.25], "rotation": 270, "texture": "#3"}
			}
		},
		{
			"name": "СреднПлавн-Серед-Лево",
			"from": [15.825, 0, 0],
			"to": [19.825, 2, 1.775],
			"rotation": {"angle": -45, "axis": "y", "origin": [15.825, 1.25, 0.75]},
			"faces": {
				"north": {"uv": [14.75, 5, 13.75, 5.5], "texture": "#3"},
				"east": {"uv": [14.75, 2, 14.25, 2.5], "texture": "#3"},
				"south": {"uv": [14.75, 7, 13.75, 7.5], "texture": "#3"},
				"west": {"uv": [2.5, 14.25, 2, 14.75], "texture": "#3"},
				"up": {"uv": [14.25, 9.25, 13.75, 10.25], "rotation": 90, "texture": "#3"},
				"down": {"uv": [1, 15, 0.5, 14], "rotation": 270, "texture": "#3"}
			}
		},
		{
			"name": "СреднПлавн-Кончик-Лево",
			"from": [19.825, 0, 0],
			"to": [20.825, 1, 1.775],
			"rotation": {"angle": -45, "axis": "y", "origin": [15.825, 1.25, 0.75]},
			"faces": {
				"north": {"uv": [11, 4.75, 10.75, 5], "texture": "#3"},
				"east": {"uv": [15.25, 4.5, 14.75, 4.75], "texture": "#3"},
				"south": {"uv": [11.5, 2.5, 11.25, 2.75], "texture": "#3"},
				"west": {"uv": [15.25, 3, 14.75, 3.25], "texture": "#3"},
				"up": {"uv": [5.25, 14.75, 4.75, 15], "rotation": 90, "texture": "#3"},
				"down": {"uv": [15.25, 5, 14.75, 4.75], "rotation": 270, "texture": "#3"}
			}
		},
		{
			"name": "СреднПлавн-Плечо-Право",
			"from": [2.025, 0.84881, -3.23306],
			"to": [4.025, 5.84881, -1.23306],
			"rotation": {"angle": 0, "axis": "y", "origin": [3.025, 3.75, -2.5]},
			"faces": {
				"north": {"uv": [12.5, 13, 12, 14.25], "texture": "#3"},
				"east": {"uv": [13.75, 2.25, 13.25, 3.5], "texture": "#3"},
				"south": {"uv": [13.75, 1, 13.25, 2.25], "texture": "#3"},
				"west": {"uv": [13.5, 12.75, 13, 14], "texture": "#3"},
				"up": {"uv": [1.5, 14.75, 2, 14.25], "texture": "#3"},
				"down": {"uv": [14.25, 1.5, 14.75, 2], "texture": "#3"}
			}
		},
		{
			"name": "СреднПлавник-Право",
			"from": [-1.475, 0, -3.8],
			"to": [0.3, 3, 1.2],
			"rotation": {"angle": -45, "axis": "y", "origin": [-0.725, 1.25, 1.2]},
			"faces": {
				"north": {"uv": [10.75, 14, 10.25, 14.75], "texture": "#3"},
				"east": {"uv": [13.5, 8.5, 12.25, 9.25], "texture": "#3"},
				"south": {"uv": [13, 14, 12.5, 14.75], "texture": "#3"},
				"west": {"uv": [13.5, 5.75, 12.25, 6.5], "texture": "#3"},
				"up": {"uv": [3.25, 14.5, 3.75, 13.25], "texture": "#3"},
				"down": {"uv": [3.75, 13.25, 4.25, 14.5], "texture": "#3"}
			}
		},
		{
			"name": "СреднПлавн-Серед-Право",
			"from": [-1.475, 0, 1.2],
			"to": [0.3, 2, 5.2],
			"rotation": {"angle": -45, "axis": "y", "origin": [-0.725, 1.25, 1.2]},
			"faces": {
				"north": {"uv": [2.5, 14.25, 2, 14.75], "texture": "#3"},
				"east": {"uv": [14.75, 7, 13.75, 7.5], "texture": "#3"},
				"south": {"uv": [14.75, 2, 14.25, 2.5], "texture": "#3"},
				"west": {"uv": [14.75, 5, 13.75, 5.5], "texture": "#3"},
				"up": {"uv": [13.75, 10.25, 14.25, 9.25], "texture": "#3"},
				"down": {"uv": [0.5, 14, 1, 15], "texture": "#3"}
			}
		},
		{
			"name": "СреднПлавн-Кончик-Право",
			"from": [-1.475, 0, 5.2],
			"to": [0.3, 1, 6.2],
			"rotation": {"angle": -45, "axis": "y", "origin": [-0.725, 1.25, 1.2]},
			"faces": {
				"north": {"uv": [15.25, 3, 14.75, 3.25], "texture": "#3"},
				"east": {"uv": [11.5, 2.5, 11.25, 2.75], "texture": "#3"},
				"south": {"uv": [15.25, 4.5, 14.75, 4.75], "texture": "#3"},
				"west": {"uv": [11, 4.75, 10.75, 5], "texture": "#3"},
				"up": {"uv": [4.75, 15, 5.25, 14.75], "texture": "#3"},
				"down": {"uv": [14.75, 4.75, 15.25, 5], "texture": "#3"}
			}
		},
		{
			"name": "ПереднЛапа-Плечо-Право",
			"from": [0.925, 1.25356, -8.51066],
			"to": [2.925, 6.25356, -6.73566],
			"rotation": {"angle": 22.5, "axis": "x", "origin": [2.175, 3.9, -7.675]},
			"faces": {
				"north": {"uv": [4.5, 14, 5, 12.75], "rotation": 180, "texture": "#3"},
				"east": {"uv": [12.75, 4, 14, 3.5], "rotation": 270, "texture": "#3"},
				"south": {"uv": [6.75, 12.75, 7.25, 14], "texture": "#3"},
				"west": {"uv": [3.25, 13.25, 4.5, 12.75], "rotation": 90, "texture": "#3"},
				"up": {"uv": [13.5, 14, 13, 14.5], "texture": "#3"},
				"down": {"uv": [14.5, 12.5, 14, 13], "rotation": 180, "texture": "#3"}
			}
		},
		{
			"name": "ПереднЛапа-Право",
			"from": [0.3, 0.69029, -12.58851],
			"to": [2.3, 2.16529, -7.58851],
			"rotation": {"angle": -22.5, "axis": "x", "origin": [1.05, 1.5, -9.625]},
			"faces": {
				"north": {"uv": [9.25, 14.5, 8.75, 14.875], "texture": "#3"},
				"east": {"uv": [15.25, 3.25, 14, 3.625], "texture": "#3"},
				"south": {"uv": [15, 8.75, 14.5, 9.125], "texture": "#3"},
				"west": {"uv": [15, 7.5, 13.75, 7.875], "texture": "#3"},
				"up": {"uv": [12.75, 2.25, 13.25, 1], "texture": "#3"},
				"down": {"uv": [12.75, 2.25, 13.25, 3.5], "texture": "#3"}
			}
		},
		{
			"name": "ПереднЛапа-Когти-Право",
			"from": [-1.425, 0, -14.275],
			"to": [2.575, 1, -11.275],
			"rotation": {"angle": 45, "axis": "y", "origin": [0.325, 1, -13.025]},
			"faces": {
				"north": {"uv": [10.75, 4.75, 9.75, 5], "texture": "#3"},
				"east": {"uv": [10, 14.5, 9.25, 14.75], "texture": "#3"},
				"south": {"uv": [12, 7.5, 11, 7.75], "texture": "#3"},
				"west": {"uv": [15, 10, 14.25, 10.25], "texture": "#3"},
				"up": {"uv": [12.25, 10, 13.25, 9.25], "texture": "#3"},
				"down": {"uv": [12.25, 10, 13.25, 10.75], "texture": "#3"}
			}
		},
		{
			"name": "ПереднЛапа-Плечо-Лево",
			"from": [11.65, 1.23389, -7.46244],
			"to": [13.65, 6.23389, -5.68744],
			"rotation": {"angle": 22.5, "axis": "x", "origin": [12.65, 3.35, -6.45]},
			"faces": {
				"north": {"uv": [8.25, 14, 8.75, 12.75], "rotation": 180, "texture": "#3"},
				"east": {"uv": [12.75, 7, 14, 6.5], "rotation": 270, "texture": "#3"},
				"south": {"uv": [8.75, 12.75, 9.25, 14], "texture": "#3"},
				"west": {"uv": [12.75, 4.5, 14, 4], "rotation": 90, "texture": "#3"},
				"up": {"uv": [14, 14, 13.5, 14.5], "texture": "#3"},
				"down": {"uv": [14.5, 13, 14, 13.5], "rotation": 180, "texture": "#3"}
			}
		},
		{
			"name": "ПереднЛапа-Лево",
			"from": [12.45, 1.05761, -11.53963],
			"to": [14.45, 2.53261, -6.53963],
			"rotation": {"angle": 0, "axis": "y", "origin": [13.7, 2.25, -9.5]},
			"faces": {
				"north": {"uv": [15, 10.5, 14.5, 10.875], "texture": "#3"},
				"east": {"uv": [15.25, 6.25, 14, 6.625], "texture": "#3"},
				"south": {"uv": [15, 11, 14.5, 11.375], "texture": "#3"},
				"west": {"uv": [15.25, 3.75, 14, 4.125], "texture": "#3"},
				"up": {"uv": [7.25, 14, 7.75, 12.75], "texture": "#3"},
				"down": {"uv": [7.75, 12.75, 8.25, 14], "texture": "#3"}
			}
		},
		{
			"name": "ПереднЛапа-Когти-Лево",
			"from": [12.375, 1.225, -14.175],
			"to": [16.375, 2.225, -11.175],
			"rotation": {"angle": -22.5, "axis": "y", "origin": [14.125, 2.225, -12.5]},
			"faces": {
				"north": {"uv": [13.25, 10.75, 12.25, 11], "texture": "#3"},
				"east": {"uv": [15.25, 12.75, 14.5, 13], "texture": "#3"},
				"south": {"uv": [14.75, 5.5, 13.75, 5.75], "texture": "#3"},
				"west": {"uv": [15.25, 12.5, 14.5, 12.75], "texture": "#3"},
				"up": {"uv": [9.25, 13.25, 10.25, 12.5], "texture": "#3"},
				"down": {"uv": [12.5, 12, 13.5, 12.75], "texture": "#3"}
			}
		}
	],
	"display": {
		"thirdperson_righthand": {
			"rotation": [-168.81, 74.51, 171.25],
			"translation": [0, 5.5, 3.5],
			"scale": [0.81641, 0.81641, 0.81641]
		},
		"thirdperson_lefthand": {
			"translation": [0, 2, 2.75],
			"scale": [0.28711, 0.28711, 0.28711]
		},
		"ground": {
			"scale": [0.5, 0.5, 0.5]
		},
		"gui": {
			"rotation": [-180, 1.5, -180]
		},
		"head": {
			"translation": [0, -34.5, -33],
			"scale": [1.27539, 1.27539, 1.27539]
		},
		"fixed": {
			"rotation": [0, 90, 0],
			"scale": [0.41211, 0.41211, 0.41211]
		}
	},
	"groups": [
		{
			"name": "nairana",
			"origin": [8, 8, 8],
			"color": 0,
			"children": [
				{
					"name": "ОсновноеТело",
					"origin": [8, 8, 8],
					"color": 0,
					"children": [
						0,
						1,
						2,
						{
							"name": "ПлавникиАнтены",
							"origin": [8, 8, 8],
							"color": 0,
							"children": [
								{
									"name": "Лево",
									"origin": [8, 8, 8],
									"color": 0,
									"children": [3, 4, 5, 6]
								},
								{
									"name": "Право",
									"origin": [8, 8, 8],
									"color": 0,
									"children": [7, 8]
								}
							]
						},
						{
							"name": "ПлавникиСредние",
							"origin": [8, 8, 8],
							"color": 0,
							"children": [
								{
									"name": "Право",
									"origin": [8, 8, 8],
									"color": 0,
									"children": [9, 10, 11, 12]
								},
								{
									"name": "Лево",
									"origin": [8, 8, 8],
									"color": 0,
									"children": [13, 14, 15, 16]
								}
							]
						},
						{
							"name": "Антены",
							"origin": [8, 8, 8],
							"color": 0,
							"children": [17, 18, 19, 20]
						},
						{
							"name": "Хвост",
							"origin": [8, 8, 8],
							"color": 0,
							"children": [21, 22, 23, 24, 25, 26, 27]
						}
					]
				},
				{
					"name": "ПередниеЛапы",
					"origin": [8, 8, 8],
					"color": 0,
					"children": [
						{
							"name": "ПереднПраваяЛапа",
							"origin": [8, 8, 8],
							"color": 0,
							"children": []
						},
						{
							"name": "ПереднЛеваяЛапа",
							"origin": [8, 8, 8],
							"color": 0,
							"children": []
						}
					]
				},
				{
					"name": "ЗадниеЛапы",
					"origin": [8, 8, 8],
					"color": 0,
					"children": [
						{
							"name": "ЗадняяПраваяЛапа",
							"origin": [8, 8, 8],
							"color": 0,
							"children": []
						},
						{
							"name": "ЗадняяЛеваяЛапа",
							"origin": [8, 8, 8],
							"color": 0,
							"children": []
						}
					]
				},
				{
					"name": "СредниеПлавники",
					"origin": [8, 8, 8],
					"color": 0,
					"children": [
						{
							"name": "СреднийПлавникПраво",
							"origin": [8, 8, 8],
							"color": 0,
							"children": []
						},
						{
							"name": "СреднийПлавникЛево",
							"origin": [8, 8, 8],
							"color": 0,
							"children": []
						}
					]
				}
			]
		},
		28,
		29,
		30,
		31,
		32,
		33,
		34,
		35,
		36,
		37,
		38,
		39,
		40,
		41,
		42,
		43,
		44,
		45,
		46,
		47
	]
}