{
	"format_version": "1.9.0",
	"credit": "Made with Blockbench",
	"texture_size": [64, 64],
	"textures": {
		"4": "neirana_pattern_b",
		"particle": "block/nairanaT"
	},
	"elements": [
		{
			"name": "Голова",
			"from": [4.275, 1.2702, -15.84633],
			"to": [13.275, 10.2702, -5.84633],
			"rotation": {"angle": 0, "axis": "y", "origin": [8.5, 9.025, -6.55]},
			"faces": {
				"north": {"uv": [7, 3.25, 4.75, 5.5], "texture": "#4"},
				"east": {"uv": [2.5, 2.25, 0, 4.5], "texture": "#4"},
				"south": {"uv": [4, 5, 1.75, 7.25], "texture": "#4"},
				"west": {"uv": [2.5, 0, 0, 2.25], "texture": "#4"},
				"up": {"uv": [2.5, 2.5, 4.75, 0], "texture": "#4"},
				"down": {"uv": [2.5, 2.5, 4.75, 5], "texture": "#4"}
			}
		},
		{
			"name": "Туловище-Хвост",
			"from": [4.675, 0.025, -2],
			"to": [11.375, 6.025, 11],
			"rotation": {"angle": 0, "axis": "y", "origin": [8.275, 2.025, 2.25]},
			"faces": {
				"north": {"uv": [10.875, 10, 9.25, 11.5], "texture": "#4"},
				"east": {"uv": [9.75, 0, 6.5, 1.5], "texture": "#4"},
				"south": {"uv": [12.125, 7.75, 10.5, 9.25], "texture": "#4"},
				"west": {"uv": [7.25, 5.5, 4, 7], "texture": "#4"},
				"up": {"uv": [0, 7.75, 1.625, 4.5], "texture": "#4"},
				"down": {"uv": [4.75, 0, 6.375, 3.25], "texture": "#4"}
			}
		},
		{
			"name": "Тело",
			"from": [4.65, -0.16387, -8.44311],
			"to": [11.8, 8.01113, 0.55689],
			"rotation": {"angle": 0, "axis": "y", "origin": [8.475, 2.45, -2.525]},
			"faces": {
				"north": {"uv": [11.5, 2.75, 9.75, 4.75], "texture": "#4"},
				"east": {"uv": [9.5, 5, 7.25, 7], "texture": "#4"},
				"south": {"uv": [6.75, 10, 5, 12], "texture": "#4"},
				"west": {"uv": [4, 7.25, 1.75, 9.25], "texture": "#4"},
				"up": {"uv": [0, 10, 1.75, 7.75], "texture": "#4"},
				"down": {"uv": [1.75, 9.25, 3.5, 11.5], "texture": "#4"}
			}
		},
		{
			"name": "ЛевоПлавникКреплАнтена1",
			"from": [11.35, 10.28232, -9.64738],
			"to": [12.075, 12.78232, -8.22238],
			"rotation": {"angle": 45, "axis": "x", "origin": [8.5, 9.025, -6.55]},
			"faces": {
				"north": {"uv": [2.625, 13.5, 2.5, 14.125], "texture": "#4"},
				"east": {"uv": [14.625, 2.5, 14.25, 3.125], "texture": "#4"},
				"south": {"uv": [10.875, 13.5, 10.75, 14.125], "texture": "#4"},
				"west": {"uv": [2.875, 14.25, 2.5, 14.875], "texture": "#4"},
				"up": {"uv": [13.25, 11.875, 13.375, 11.5], "texture": "#4"},
				"down": {"uv": [9, 14, 9.125, 14.375], "texture": "#4"}
			}
		},
		{
			"name": "ЛевоПлавникКреплАнтена2",
			"from": [11.25, 7.2633, -10.14985],
			"to": [12.175, 10.2633, -8.14985],
			"rotation": {"angle": 45, "axis": "x", "origin": [8.5, 9.025, -6.55]},
			"faces": {
				"north": {"uv": [1.75, 10, 1.5, 10.75], "texture": "#4"},
				"east": {"uv": [11, 9.25, 10.5, 10], "texture": "#4"},
				"south": {"uv": [1.75, 10.75, 1.5, 11.5], "texture": "#4"},
				"west": {"uv": [4, 9.25, 3.5, 10], "texture": "#4"},
				"up": {"uv": [2.25, 5, 2.5, 4.5], "texture": "#4"},
				"down": {"uv": [4.5, 5, 4.75, 5.5], "texture": "#4"}
			}
		},
		{
			"from": [11.725, 7.6, -9.325],
			"to": [11.725, 18.175, -3.95],
			"rotation": {"angle": 22.5, "axis": "x", "origin": [8.5, 9.025, -6.55]},
			"faces": {
				"north": {"uv": [0, 0, 0, 2.625], "texture": "#4"},
				"east": {"uv": [11.125, 0, 9.75, 2.625], "texture": "#4"},
				"south": {"uv": [0, 0, 0, 2.625], "texture": "#4"},
				"west": {"uv": [10.875, 5, 9.5, 7.625], "texture": "#4"},
				"up": {"uv": [0, 1.375, 0, 0], "texture": "#4"},
				"down": {"uv": [0, 0, 0, 1.375], "texture": "#4"}
			}
		},
		{
			"from": [5.775, 7.6, -9.325],
			"to": [5.775, 18.175, -3.95],
			"rotation": {"angle": 22.5, "axis": "x", "origin": [8.5, 9.025, -6.55]},
			"faces": {
				"north": {"uv": [0, 0, 0, 2.625], "texture": "#4"},
				"east": {"uv": [4.875, 10, 3.5, 12.625], "texture": "#4"},
				"south": {"uv": [0, 0, 0, 2.625], "texture": "#4"},
				"west": {"uv": [1.375, 10, 0, 12.625], "texture": "#4"},
				"up": {"uv": [0, 1.375, 0, 0], "texture": "#4"},
				"down": {"uv": [0, 0, 0, 1.375], "texture": "#4"}
			}
		},
		{
			"name": "ПравоПлавникКреплАнтена2",
			"from": [5.325, 7.2633, -10.14985],
			"to": [6.25, 10.2633, -8.14985],
			"rotation": {"angle": 45, "axis": "x", "origin": [8.5, 9.025, -6.55]},
			"faces": {
				"north": {"uv": [11.5, 0, 11.25, 0.75], "texture": "#4"},
				"east": {"uv": [4.75, 14, 4.25, 14.75], "texture": "#4"},
				"south": {"uv": [11.5, 0.75, 11.25, 1.5], "texture": "#4"},
				"west": {"uv": [1.5, 14, 1, 14.75], "texture": "#4"},
				"up": {"uv": [7, 5.5, 7.25, 5], "texture": "#4"},
				"down": {"uv": [11.25, 1.5, 11.5, 2], "texture": "#4"}
			}
		},
		{
			"name": "ПравоПлавникКреплАнтена1",
			"from": [5.425, 10.28232, -9.64738],
			"to": [6.15, 12.78232, -8.22238],
			"rotation": {"angle": 45, "axis": "x", "origin": [8.5, 9.025, -6.55]},
			"faces": {
				"north": {"uv": [4.875, 14, 4.75, 14.625], "texture": "#4"},
				"east": {"uv": [11.125, 14.25, 10.75, 14.875], "texture": "#4"},
				"south": {"uv": [10.125, 14.5, 10, 15.125], "texture": "#4"},
				"west": {"uv": [14.625, 9.25, 14.25, 9.875], "texture": "#4"},
				"up": {"uv": [9.75, 15.125, 9.875, 14.75], "texture": "#4"},
				"down": {"uv": [10.25, 14.75, 10.375, 15.125], "texture": "#4"}
			}
		},
		{
			"from": [5.9, 5.625, 2.075],
			"to": [5.9, 8.95, 8.575],
			"rotation": {"angle": 0, "axis": "y", "origin": [3.9, 5.825, 3.525]},
			"faces": {
				"north": {"uv": [0, 0, 0, 0.875], "texture": "#4"},
				"east": {"uv": [10.875, 11.5, 9.25, 12.375], "texture": "#4"},
				"south": {"uv": [0, 0, 0, 0.875], "texture": "#4"},
				"west": {"uv": [12.625, 6.5, 11, 7.375], "texture": "#4"},
				"up": {"uv": [0, 1.625, 0, 0], "texture": "#4"},
				"down": {"uv": [0, 0, 0, 1.625], "texture": "#4"}
			}
		},
		{
			"name": "ВерхнийПлавникНачалоПраво",
			"from": [5.475, 5.18471, 1.08649],
			"to": [6.425, 7.08471, 2.76149],
			"rotation": {"angle": 45, "axis": "x", "origin": [7.875, 6.525, 1.85]},
			"faces": {
				"north": {"uv": [11.5, 2, 11.25, 2.5], "texture": "#4"},
				"east": {"uv": [4.125, 14.5, 3.75, 15], "texture": "#4"},
				"south": {"uv": [3.5, 11.5, 3.25, 12], "texture": "#4"},
				"west": {"uv": [12.375, 14.25, 12, 14.75], "texture": "#4"},
				"up": {"uv": [10.75, 12.875, 11, 12.5], "texture": "#4"},
				"down": {"uv": [2.5, 13, 2.75, 13.375], "texture": "#4"}
			}
		},
		{
			"name": "ВерхнийПлавникСередПраво",
			"from": [5.625, 6.5506, 1.77135],
			"to": [6.275, 7.8006, 4.29635],
			"rotation": {"angle": -22.5, "axis": "x", "origin": [8.075, 7.65, 2.8]},
			"faces": {
				"north": {"uv": [10.625, 14.75, 10.5, 15.125], "texture": "#4"},
				"east": {"uv": [3.625, 14.5, 3, 14.875], "texture": "#4"},
				"south": {"uv": [11.375, 14.75, 11.25, 15.125], "texture": "#4"},
				"west": {"uv": [11.875, 14.25, 11.25, 14.625], "texture": "#4"},
				"up": {"uv": [6.25, 15.375, 6.375, 14.75], "texture": "#4"},
				"down": {"uv": [9.25, 14.75, 9.375, 15.375], "texture": "#4"}
			}
		},
		{
			"name": "ВерхнийПлавникКонецПраво",
			"from": [5.725, 7.7506, 4.04635],
			"to": [6.175, 8.7506, 5.72135],
			"rotation": {"angle": -22.5, "axis": "x", "origin": [8.075, 8.75, 5.075]},
			"faces": {
				"north": {"uv": [12.125, 7.5, 12, 7.75], "texture": "#4"},
				"east": {"uv": [5.625, 14.75, 5.25, 15], "texture": "#4"},
				"south": {"uv": [3.375, 12.5, 3.25, 12.75], "texture": "#4"},
				"west": {"uv": [15.125, 5, 14.75, 5.25], "texture": "#4"},
				"up": {"uv": [11.5, 15.125, 11.625, 14.75], "texture": "#4"},
				"down": {"uv": [11.75, 14.75, 11.875, 15.125], "texture": "#4"}
			}
		},
		{
			"from": [10.1, 5.625, 2.075],
			"to": [10.1, 8.95, 8.575],
			"rotation": {"angle": 0, "axis": "y", "origin": [12.1, 5.825, 3.525]},
			"faces": {
				"north": {"uv": [0, 0, 0, 0.875], "texture": "#4"},
				"east": {"uv": [13.625, 0, 12, 0.875], "texture": "#4"},
				"south": {"uv": [0, 0, 0, 0.875], "texture": "#4"},
				"west": {"uv": [13.125, 11, 11.5, 11.875], "texture": "#4"},
				"up": {"uv": [0, 1.625, 0, 0], "texture": "#4"},
				"down": {"uv": [0, 0, 0, 1.625], "texture": "#4"}
			}
		},
		{
			"name": "ВерхнийПлавникНачалоЛево",
			"from": [9.625, 5.18471, 1.08649],
			"to": [10.575, 7.08471, 2.76149],
			"rotation": {"angle": 45, "axis": "x", "origin": [7.875, 6.525, 1.85]},
			"faces": {
				"north": {"uv": [3.5, 12, 3.25, 12.5], "texture": "#4"},
				"east": {"uv": [8.125, 14.5, 7.75, 15], "texture": "#4"},
				"south": {"uv": [12.75, 2.75, 12.5, 3.25], "texture": "#4"},
				"west": {"uv": [7.625, 14.5, 7.25, 15], "texture": "#4"},
				"up": {"uv": [10.75, 13.375, 11, 13], "texture": "#4"},
				"down": {"uv": [4.25, 13.25, 4.5, 13.625], "texture": "#4"}
			}
		},
		{
			"name": "ВерхнийПлавникСередЛево",
			"from": [9.775, 6.5506, 1.77135],
			"to": [10.425, 7.8006, 4.29635],
			"rotation": {"angle": -22.5, "axis": "x", "origin": [8.075, 7.65, 2.8]},
			"faces": {
				"north": {"uv": [12.125, 14.75, 12, 15.125], "texture": "#4"},
				"east": {"uv": [7.125, 14.5, 6.5, 14.875], "texture": "#4"},
				"south": {"uv": [12.375, 14.75, 12.25, 15.125], "texture": "#4"},
				"west": {"uv": [15.125, 5.75, 14.5, 6.125], "texture": "#4"},
				"up": {"uv": [14.75, 9.875, 14.875, 9.25], "texture": "#4"},
				"down": {"uv": [9.5, 14.75, 9.625, 15.375], "texture": "#4"}
			}
		},
		{
			"name": "ВерхнийПлавникКонецЛево",
			"from": [9.875, 7.7506, 4.04635],
			"to": [10.325, 8.7506, 5.72135],
			"rotation": {"angle": -22.5, "axis": "x", "origin": [8.075, 8.75, 5.075]},
			"faces": {
				"north": {"uv": [13.375, 8.25, 13.25, 8.5], "texture": "#4"},
				"east": {"uv": [15.125, 5.5, 14.75, 5.75], "texture": "#4"},
				"south": {"uv": [13.875, 3.25, 13.75, 3.5], "texture": "#4"},
				"west": {"uv": [15.125, 5.25, 14.75, 5.5], "texture": "#4"},
				"up": {"uv": [12.5, 15.125, 12.625, 14.75], "texture": "#4"},
				"down": {"uv": [12.75, 14.75, 12.875, 15.125], "texture": "#4"}
			}
		},
		{
			"name": "антенна-Лево",
			"from": [11.275, 7.74873, -13.89439],
			"to": [11.275, 14.74873, -10.89439],
			"rotation": {"angle": 22.5, "axis": "y", "origin": [11.275, 11.225, -12.75]},
			"faces": {
				"north": {"uv": [0, 0, 0, 1.75], "texture": "#4"},
				"east": {"uv": [6.25, 12, 5.5, 13.75], "texture": "#4"},
				"south": {"uv": [0, 0, 0, 1.75], "texture": "#4"},
				"west": {"uv": [12.75, 1, 12, 2.75], "texture": "#4"},
				"up": {"uv": [0, 0.75, 0, 0], "texture": "#4"},
				"down": {"uv": [0, 0, 0, 0.75], "texture": "#4"}
			}
		},
		{
			"name": "антенна-Право",
			"from": [6.225, 7.74873, -13.89439],
			"to": [6.225, 14.74873, -10.89439],
			"rotation": {"angle": -22.5, "axis": "y", "origin": [6.225, 11.225, -12.75]},
			"faces": {
				"north": {"uv": [0, 0, 0, 1.75], "texture": "#4"},
				"east": {"uv": [12, 1, 12.75, 2.75], "texture": "#4"},
				"south": {"uv": [0, 0, 0, 1.75], "texture": "#4"},
				"west": {"uv": [5.5, 12, 6.25, 13.75], "texture": "#4"},
				"up": {"uv": [0, 0.75, 0, 0], "texture": "#4"},
				"down": {"uv": [0, 0, 0, 0.75], "texture": "#4"}
			}
		},
		{
			"name": "АнтенаШарикЛево",
			"from": [10.25, 12.125, -14.075],
			"to": [11.825, 13.725, -12.4],
			"rotation": {"angle": 0, "axis": "y", "origin": [11.325, 12.55, -13.15]},
			"faces": {
				"north": {"uv": [14.375, 14.5, 14, 14.875], "texture": "#4"},
				"east": {"uv": [0.375, 14.75, 0, 15.125], "texture": "#4"},
				"south": {"uv": [14.875, 14.5, 14.5, 14.875], "texture": "#4"},
				"west": {"uv": [14.875, 14, 14.5, 14.375], "texture": "#4"},
				"up": {"uv": [14.75, 0.375, 15.125, 0], "texture": "#4"},
				"down": {"uv": [1, 14.75, 1.375, 15.125], "texture": "#4"}
			}
		},
		{
			"name": "АнтенаШарикПраво",
			"from": [5.675, 12.125, -14.075],
			"to": [7.25, 13.725, -12.4],
			"rotation": {"angle": 0, "axis": "y", "origin": [6.45, 12.725, -13.275]},
			"faces": {
				"north": {"uv": [1.875, 14.75, 1.5, 15.125], "texture": "#4"},
				"east": {"uv": [15.125, 2, 14.75, 2.375], "texture": "#4"},
				"south": {"uv": [2.375, 14.75, 2, 15.125], "texture": "#4"},
				"west": {"uv": [15.125, 1.5, 14.75, 1.875], "texture": "#4"},
				"up": {"uv": [14.75, 2.875, 15.125, 2.5], "texture": "#4"},
				"down": {"uv": [4.25, 14.75, 4.625, 15.125], "texture": "#4"}
			}
		},
		{
			"name": "Хвост",
			"from": [7.275, -0.325, 10.925],
			"to": [11.775, 6.675, 21.925],
			"rotation": {"angle": 0, "axis": "y", "origin": [9.775, 2.05, 15.175]},
			"faces": {
				"north": {"uv": [12.125, 4.75, 11, 6.5], "texture": "#4"},
				"east": {"uv": [9.75, 3.25, 7, 5], "texture": "#4"},
				"south": {"uv": [12.125, 9.25, 11, 11], "texture": "#4"},
				"west": {"uv": [9.25, 1.5, 6.5, 3.25], "texture": "#4"},
				"up": {"uv": [6.75, 12.75, 7.875, 10], "texture": "#4"},
				"down": {"uv": [8, 10, 9.125, 12.75], "texture": "#4"}
			}
		},
		{
			"name": "ХвостВерхн-конец",
			"from": [9.2, -1.03003, 18.43218],
			"to": [11.35, 3.96997, 31.43218],
			"rotation": {"angle": -22.5, "axis": "x", "origin": [10.525, 3.55, 6.125]},
			"faces": {
				"north": {"uv": [1, 12.75, 0.5, 14], "texture": "#4"},
				"east": {"uv": [10.5, 8.75, 7.25, 10], "texture": "#4"},
				"south": {"uv": [1.5, 12.75, 1, 14], "texture": "#4"},
				"west": {"uv": [7.25, 8.75, 4, 10], "texture": "#4"},
				"up": {"uv": [11, 14.25, 11.5, 11], "texture": "#4"},
				"down": {"uv": [11.5, 0, 12, 3.25], "texture": "#4"}
			}
		},
		{
			"name": "Хвост-конец",
			"from": [9.175, -0.225, 18.35],
			"to": [11.375, 6.775, 29.35],
			"rotation": {"angle": 0, "axis": "y", "origin": [10.525, 3.525, 6.175]},
			"faces": {
				"north": {"uv": [9.75, 1.5, 9.25, 3.25], "texture": "#4"},
				"east": {"uv": [9.5, 7, 6.75, 8.75], "texture": "#4"},
				"south": {"uv": [6.75, 12, 6.25, 13.75], "texture": "#4"},
				"west": {"uv": [6.75, 7, 4, 8.75], "texture": "#4"},
				"up": {"uv": [2.75, 14.25, 3.25, 11.5], "texture": "#4"},
				"down": {"uv": [5, 12, 5.5, 14.75], "texture": "#4"}
			}
		},
		{
			"name": "ХвостНижнийПереход",
			"from": [9.3, -0.25, 29.1],
			"to": [11.25, 0.55, 30.65],
			"rotation": {"angle": 0, "axis": "y", "origin": [10.525, 3.525, 6.175]},
			"faces": {
				"north": {"uv": [13.25, 4.5, 12.75, 4.75], "texture": "#4"},
				"east": {"uv": [15.125, 7, 14.75, 7.25], "texture": "#4"},
				"south": {"uv": [14, 6.25, 13.5, 6.5], "texture": "#4"},
				"west": {"uv": [6.125, 14.75, 5.75, 15], "texture": "#4"},
				"up": {"uv": [8.25, 14.875, 8.75, 14.5], "texture": "#4"},
				"down": {"uv": [14.5, 8.25, 15, 8.625], "texture": "#4"}
			}
		},
		{
			"name": "ХвостНижнийУгол",
			"from": [9.325, -8.59776, 25.64271],
			"to": [11.225, -4.34776, 27.64271],
			"rotation": {"angle": -22.5, "axis": "x", "origin": [10.525, 3.525, 6.175]},
			"faces": {
				"north": {"uv": [13.75, 4.5, 13.25, 5.625], "texture": "#4"},
				"east": {"uv": [13.75, 9.25, 13.25, 10.375], "texture": "#4"},
				"south": {"uv": [9.75, 13.25, 9.25, 14.375], "texture": "#4"},
				"west": {"uv": [13.75, 7, 13.25, 8.125], "texture": "#4"},
				"up": {"uv": [1.75, 5, 2.25, 4.5], "texture": "#4"},
				"down": {"uv": [4, 5, 4.5, 5.5], "texture": "#4"}
			}
		},
		{
			"name": "ХвостПереходВерхний",
			"from": [9.275, 1.82705, 14.07473],
			"to": [11.275, 3.90205, 18.49973],
			"rotation": {"angle": -22.5, "axis": "x", "origin": [10.525, 3.525, 6.175]},
			"faces": {
				"north": {"uv": [12.5, 2.75, 12, 3.25], "texture": "#4"},
				"east": {"uv": [14.375, 11, 13.25, 11.5], "texture": "#4"},
				"south": {"uv": [13.25, 7, 12.75, 7.5], "texture": "#4"},
				"west": {"uv": [14.375, 10.5, 13.25, 11], "texture": "#4"},
				"up": {"uv": [9.75, 14.375, 10.25, 13.25], "texture": "#4"},
				"down": {"uv": [13.5, 11.5, 14, 12.625], "texture": "#4"}
			}
		},
		{
			"name": "ХвостВерхнийУгол",
			"from": [9.3, 12.845, 22.62133],
			"to": [11.25, 18.17, 27.29633],
			"rotation": {"angle": 22.5, "axis": "x", "origin": [10.525, 3.525, 6.175]},
			"faces": {
				"north": {"uv": [10.75, 12.5, 10.25, 13.875], "texture": "#4"},
				"east": {"uv": [12.625, 3.25, 11.5, 4.625], "texture": "#4"},
				"south": {"uv": [0.5, 12.75, 0, 14.125], "texture": "#4"},
				"west": {"uv": [2.625, 11.5, 1.5, 12.875], "texture": "#4"},
				"up": {"uv": [13.5, 13.875, 14, 12.75], "texture": "#4"},
				"down": {"uv": [13.75, 0, 14.25, 1.125], "texture": "#4"}
			}
		},
		{
			"name": "ПереднЛапа-Право",
			"from": [0.075, 1.092, -12.98306],
			"to": [2.075, 2.567, -7.98306],
			"rotation": {"angle": -22.5, "axis": "x", "origin": [1.075, 1.75, -9]},
			"faces": {
				"north": {"uv": [9.25, 14.5, 8.75, 14.875], "texture": "#4"},
				"east": {"uv": [15.25, 3.25, 14, 3.625], "texture": "#4"},
				"south": {"uv": [15, 8.75, 14.5, 9.125], "texture": "#4"},
				"west": {"uv": [15, 7.5, 13.75, 7.875], "texture": "#4"},
				"up": {"uv": [12.75, 2.25, 13.25, 1], "texture": "#4"},
				"down": {"uv": [12.75, 2.25, 13.25, 3.5], "texture": "#4"}
			}
		},
		{
			"name": "ПереднЛапа-Плечо-Право",
			"from": [0.3179, 1.43922, -8.25],
			"to": [5.3179, 3.21422, -6.25],
			"rotation": {"angle": -22.5, "axis": "y", "origin": [4.025, 2.025, -7]},
			"faces": {
				"north": {"uv": [14, 3.5, 12.75, 4], "texture": "#4"},
				"east": {"uv": [13.5, 14, 13, 14.5], "texture": "#4"},
				"south": {"uv": [4.5, 12.75, 3.25, 13.25], "texture": "#4"},
				"west": {"uv": [14.5, 12.5, 14, 13], "texture": "#4"},
				"up": {"uv": [5, 12.75, 4.5, 14], "rotation": 90, "texture": "#4"},
				"down": {"uv": [7.25, 14, 6.75, 12.75], "rotation": 270, "texture": "#4"}
			}
		},
		{
			"name": "ПереднЛапа-Когти-Право",
			"from": [-0.925, 0, -15.25],
			"to": [3.075, 1, -12.25],
			"rotation": {"angle": 22.5, "axis": "y", "origin": [0.825, 0.5, -12.75]},
			"faces": {
				"north": {"uv": [10.75, 4.75, 9.75, 5], "texture": "#4"},
				"east": {"uv": [10, 14.5, 9.25, 14.75], "texture": "#4"},
				"south": {"uv": [12, 7.5, 11, 7.75], "texture": "#4"},
				"west": {"uv": [15, 10, 14.25, 10.25], "texture": "#4"},
				"up": {"uv": [12.25, 10, 13.25, 9.25], "texture": "#4"},
				"down": {"uv": [12.25, 10, 13.25, 10.75], "texture": "#4"}
			}
		},
		{
			"name": "ПереднЛапа-Лево",
			"from": [13.9, 0.88163, -13.67545],
			"to": [15.9, 2.35663, -8.67545],
			"rotation": {"angle": -22.5, "axis": "x", "origin": [14.9, 1.5, -10.25]},
			"faces": {
				"north": {"uv": [15, 10.5, 14.5, 10.875], "texture": "#4"},
				"east": {"uv": [15.25, 6.25, 14, 6.625], "texture": "#4"},
				"south": {"uv": [15, 11, 14.5, 11.375], "texture": "#4"},
				"west": {"uv": [15.25, 3.75, 14, 4.125], "texture": "#4"},
				"up": {"uv": [7.25, 14, 7.75, 12.75], "texture": "#4"},
				"down": {"uv": [7.75, 12.75, 8.25, 14], "texture": "#4"}
			}
		},
		{
			"name": "ПереднЛапа-Плечо-Лево",
			"from": [13.025, 1.31066, -10.2071],
			"to": [15.025, 3.08566, -5.2071],
			"rotation": {"angle": -22.5, "axis": "y", "origin": [14.025, 2.25, -6.5]},
			"faces": {
				"north": {"uv": [14.5, 13, 14, 13.5], "texture": "#4"},
				"east": {"uv": [14, 6.5, 12.75, 7], "texture": "#4"},
				"south": {"uv": [14, 14, 13.5, 14.5], "texture": "#4"},
				"west": {"uv": [14, 4, 12.75, 4.5], "texture": "#4"},
				"up": {"uv": [8.25, 14, 8.75, 12.75], "texture": "#4"},
				"down": {"uv": [8.75, 12.75, 9.25, 14], "texture": "#4"}
			}
		},
		{
			"name": "ПереднЛапа-Когти-Лево",
			"from": [12.9, 0, -16],
			"to": [16.9, 1, -13],
			"rotation": {"angle": 0, "axis": "y", "origin": [14.65, 0.5, -13.25]},
			"faces": {
				"north": {"uv": [13.25, 10.75, 12.25, 11], "texture": "#4"},
				"east": {"uv": [15.25, 12.75, 14.5, 13], "texture": "#4"},
				"south": {"uv": [14.75, 5.5, 13.75, 5.75], "texture": "#4"},
				"west": {"uv": [15.25, 12.5, 14.5, 12.75], "texture": "#4"},
				"up": {"uv": [9.25, 13.25, 10.25, 12.5], "texture": "#4"},
				"down": {"uv": [12.5, 12, 13.5, 12.75], "texture": "#4"}
			}
		},
		{
			"name": "ЗаднЛапа-Право",
			"from": [2.55, -0.10195, 6.42163],
			"to": [4.55, 1.59805, 11.42163],
			"rotation": {"angle": 0, "axis": "y", "origin": [3.3, 0.75, 7.65]},
			"faces": {
				"north": {"uv": [13.5, 14.5, 13, 14.875], "texture": "#4"},
				"east": {"uv": [9, 14, 7.75, 14.375], "texture": "#4"},
				"south": {"uv": [15, 13, 14.5, 13.375], "texture": "#4"},
				"west": {"uv": [7.75, 14, 6.5, 14.375], "texture": "#4"},
				"up": {"uv": [12.5, 14, 13, 12.75], "texture": "#4"},
				"down": {"uv": [1.5, 13, 2, 14.25], "texture": "#4"}
			}
		},
		{
			"name": "ЗаднЛапа-Бедр-Право",
			"from": [2.7, 0.60178, 6.28744],
			"to": [4.7, 4.60178, 8.28744],
			"rotation": {"angle": 0, "axis": "y", "origin": [3.7, 3.425, 7.05]},
			"faces": {
				"north": {"uv": [13.75, 2.25, 14.25, 3.25], "rotation": 180, "texture": "#4"},
				"east": {"uv": [13.5, 8.75, 14.5, 8.25], "rotation": 90, "texture": "#4"},
				"south": {"uv": [13.75, 2.25, 14.25, 1.25], "texture": "#4"},
				"west": {"uv": [13.5, 6.25, 14.5, 5.75], "rotation": 270, "texture": "#4"},
				"up": {"uv": [14.5, 13.5, 14, 14], "rotation": 180, "texture": "#4"},
				"down": {"uv": [14.5, 14, 14, 14.5], "texture": "#4"}
			}
		},
		{
			"name": "ЗаднЛапа-Когти-Право",
			"from": [1.3, 0, 10.4],
			"to": [5.3, 1, 14.4],
			"rotation": {"angle": -22.5, "axis": "y", "origin": [3.3, 0.75, 11.9]},
			"faces": {
				"north": {"uv": [14.75, 8, 13.75, 8.25], "texture": "#4"},
				"east": {"uv": [15, 6.75, 14, 7], "texture": "#4"},
				"south": {"uv": [15, 4.25, 14, 4.5], "texture": "#4"},
				"west": {"uv": [14.75, 10.25, 13.75, 10.5], "texture": "#4"},
				"up": {"uv": [9.5, 8.75, 10.5, 7.75], "texture": "#4"},
				"down": {"uv": [11.5, 12, 12.5, 13], "texture": "#4"}
			}
		},
		{
			"name": "ЗаднЛапа-Лево",
			"from": [11.95, -0.00628, 5.1276],
			"to": [13.95, 1.69372, 10.1276],
			"rotation": {"angle": 0, "axis": "y", "origin": [13.2, 0.75, 6.125]},
			"faces": {
				"north": {"uv": [14, 14.5, 13.5, 14.875], "texture": "#4"},
				"east": {"uv": [15.25, 12, 14, 12.375], "texture": "#4"},
				"south": {"uv": [15, 13.5, 14.5, 13.875], "texture": "#4"},
				"west": {"uv": [15.25, 11.5, 14, 11.875], "texture": "#4"},
				"up": {"uv": [2, 14.25, 2.5, 13], "texture": "#4"},
				"down": {"uv": [11.5, 13, 12, 14.25], "texture": "#4"}
			}
		},
		{
			"name": "ЗаднЛапа-Бедр-Лево",
			"from": [11.35, 0.60178, 6.28744],
			"to": [13.35, 4.60178, 8.28744],
			"rotation": {"angle": 22.5, "axis": "x", "origin": [12.1, 3.425, 7.05]},
			"faces": {
				"north": {"uv": [6, 13.75, 6.5, 14.75], "rotation": 180, "texture": "#4"},
				"east": {"uv": [13.75, 5, 14.75, 4.5], "rotation": 90, "texture": "#4"},
				"south": {"uv": [5.5, 14.75, 6, 13.75], "texture": "#4"},
				"west": {"uv": [13.5, 9.25, 14.5, 8.75], "rotation": 270, "texture": "#4"},
				"up": {"uv": [0.5, 14.25, 0, 14.75], "rotation": 180, "texture": "#4"},
				"down": {"uv": [14.75, 0, 14.25, 0.5], "texture": "#4"}
			}
		},
		{
			"name": "ЗаднЛапа-Когти-Лево",
			"from": [11.4, 0.025, 9.375],
			"to": [15.4, 1.025, 13.375],
			"rotation": {"angle": 22.5, "axis": "y", "origin": [13.15, 0.525, 10.625]},
			"faces": {
				"north": {"uv": [15.25, 0.5, 14.25, 0.75], "texture": "#4"},
				"east": {"uv": [15.25, 1.25, 14.25, 1.5], "texture": "#4"},
				"south": {"uv": [15.25, 1, 14.25, 1.25], "texture": "#4"},
				"west": {"uv": [15.25, 0.75, 14.25, 1], "texture": "#4"},
				"up": {"uv": [12.25, 5.75, 13.25, 4.75], "texture": "#4"},
				"down": {"uv": [12.25, 7.5, 13.25, 8.5], "texture": "#4"}
			}
		},
		{
			"name": "СреднПлавн-Плечо-Право",
			"from": [2.775, -0.56313, -3.6244],
			"to": [4.775, 4.43687, -1.6244],
			"rotation": {"angle": 22.5, "axis": "x", "origin": [4.025, 2.8, -2.7]},
			"faces": {
				"north": {"uv": [12.5, 13, 12, 14.25], "texture": "#4"},
				"east": {"uv": [13.75, 2.25, 13.25, 3.5], "texture": "#4"},
				"south": {"uv": [13.75, 1, 13.25, 2.25], "texture": "#4"},
				"west": {"uv": [13.5, 12.75, 13, 14], "texture": "#4"},
				"up": {"uv": [1.5, 14.75, 2, 14.25], "texture": "#4"},
				"down": {"uv": [14.25, 1.5, 14.75, 2], "texture": "#4"}
			}
		},
		{
			"name": "СреднПлавник-Право",
			"from": [-1.2, 0, -5.8],
			"to": [0.575, 3, -0.8],
			"rotation": {"angle": -45, "axis": "y", "origin": [-0.45, 1.25, -0.8]},
			"faces": {
				"north": {"uv": [10.75, 14, 10.25, 14.75], "texture": "#4"},
				"east": {"uv": [13.5, 8.5, 12.25, 9.25], "texture": "#4"},
				"south": {"uv": [13, 14, 12.5, 14.75], "texture": "#4"},
				"west": {"uv": [13.5, 5.75, 12.25, 6.5], "texture": "#4"},
				"up": {"uv": [3.25, 14.5, 3.75, 13.25], "texture": "#4"},
				"down": {"uv": [3.75, 13.25, 4.25, 14.5], "texture": "#4"}
			}
		},
		{
			"name": "СреднПлавн-Серед-Право",
			"from": [-1.2, 0, -0.8],
			"to": [0.575, 2, 3.2],
			"rotation": {"angle": -45, "axis": "y", "origin": [-0.45, 1.25, -0.8]},
			"faces": {
				"north": {"uv": [2.5, 14.25, 2, 14.75], "texture": "#4"},
				"east": {"uv": [14.75, 7, 13.75, 7.5], "texture": "#4"},
				"south": {"uv": [14.75, 2, 14.25, 2.5], "texture": "#4"},
				"west": {"uv": [14.75, 5, 13.75, 5.5], "texture": "#4"},
				"up": {"uv": [13.75, 10.25, 14.25, 9.25], "texture": "#4"},
				"down": {"uv": [0.5, 14, 1, 15], "texture": "#4"}
			}
		},
		{
			"name": "СреднПлавн-Кончик-Право",
			"from": [-1.2, 0, 3.2],
			"to": [0.575, 1, 4.2],
			"rotation": {"angle": -45, "axis": "y", "origin": [-0.45, 1.25, -0.8]},
			"faces": {
				"north": {"uv": [15.25, 3, 14.75, 3.25], "texture": "#4"},
				"east": {"uv": [11.5, 2.5, 11.25, 2.75], "texture": "#4"},
				"south": {"uv": [15.25, 4.5, 14.75, 4.75], "texture": "#4"},
				"west": {"uv": [11, 4.75, 10.75, 5], "texture": "#4"},
				"up": {"uv": [4.75, 15, 5.25, 14.75], "texture": "#4"},
				"down": {"uv": [14.75, 4.75, 15.25, 5], "texture": "#4"}
			}
		},
		{
			"name": "СреднПлавник-Лево",
			"from": [13.85, 0, -4.9],
			"to": [15.625, 3, 0.1],
			"rotation": {"angle": 22.5, "axis": "y", "origin": [14.875, 1.25, 0.1]},
			"faces": {
				"north": {"uv": [10.75, 14, 10.25, 14.75], "texture": "#4"},
				"east": {"uv": [13.5, 5.75, 12.25, 6.5], "texture": "#4"},
				"south": {"uv": [13, 14, 12.5, 14.75], "texture": "#4"},
				"west": {"uv": [13.5, 8.5, 12.25, 9.25], "texture": "#4"},
				"up": {"uv": [3.75, 13.25, 3.25, 14.5], "texture": "#4"},
				"down": {"uv": [4.25, 13.25, 3.75, 14.5], "texture": "#4"}
			}
		},
		{
			"name": "СреднПлавн-Серед-Лево",
			"from": [13.85, 0, 0.1],
			"to": [15.625, 2, 4.1],
			"rotation": {"angle": 22.5, "axis": "y", "origin": [14.875, 1.25, 0.1]},
			"faces": {
				"north": {"uv": [2.5, 14.25, 2, 14.75], "texture": "#4"},
				"east": {"uv": [14.75, 5, 13.75, 5.5], "texture": "#4"},
				"south": {"uv": [14.75, 2, 14.25, 2.5], "texture": "#4"},
				"west": {"uv": [14.75, 7, 13.75, 7.5], "texture": "#4"},
				"up": {"uv": [14.25, 9.25, 13.75, 10.25], "texture": "#4"},
				"down": {"uv": [1, 14, 0.5, 15], "texture": "#4"}
			}
		},
		{
			"name": "СреднПлавн-Кончик-Лево",
			"from": [13.85, 0, 4.1],
			"to": [15.625, 1, 5.1],
			"rotation": {"angle": 22.5, "axis": "y", "origin": [14.875, 1.25, 0.1]},
			"faces": {
				"north": {"uv": [15.25, 3, 14.75, 3.25], "texture": "#4"},
				"east": {"uv": [11, 4.75, 10.75, 5], "texture": "#4"},
				"south": {"uv": [15.25, 4.5, 14.75, 4.75], "texture": "#4"},
				"west": {"uv": [11.5, 2.5, 11.25, 2.75], "texture": "#4"},
				"up": {"uv": [5.25, 14.75, 4.75, 15], "texture": "#4"},
				"down": {"uv": [15.25, 4.75, 14.75, 5], "texture": "#4"}
			}
		},
		{
			"name": "СреднПлавн-Плечо-Лево",
			"from": [11.3, -0.76746, -3.43037],
			"to": [13.3, 4.23254, -1.43037],
			"rotation": {"angle": 45, "axis": "x", "origin": [12.05, 2.5, -2.275]},
			"faces": {
				"north": {"uv": [12.5, 13, 12, 14.25], "texture": "#4"},
				"east": {"uv": [13.5, 12.75, 13, 14], "texture": "#4"},
				"south": {"uv": [13.75, 1, 13.25, 2.25], "texture": "#4"},
				"west": {"uv": [13.75, 2.25, 13.25, 3.5], "texture": "#4"},
				"up": {"uv": [2, 14.25, 1.5, 14.75], "texture": "#4"},
				"down": {"uv": [14.75, 1.5, 14.25, 2], "texture": "#4"}
			}
		}
	],
	"display": {
		"thirdperson_righthand": {
			"rotation": [-168.81, 74.51, 171.25],
			"translation": [0, 5.5, 3.5],
			"scale": [0.81641, 0.81641, 0.81641]
		},
		"thirdperson_lefthand": {
			"translation": [0, 2, 2.75],
			"scale": [0.28711, 0.28711, 0.28711]
		},
		"ground": {
			"scale": [0.5, 0.5, 0.5]
		},
		"gui": {
			"rotation": [-180, 1.5, -180]
		},
		"head": {
			"translation": [0, -34.5, -33],
			"scale": [1.27539, 1.27539, 1.27539]
		},
		"fixed": {
			"rotation": [0, 90, 0],
			"scale": [0.41211, 0.41211, 0.41211]
		}
	},
	"groups": [
		{
			"name": "nairana",
			"origin": [8, 8, 8],
			"color": 0,
			"children": [
				{
					"name": "ОсновноеТело",
					"origin": [8, 8, 8],
					"color": 0,
					"children": [
						0,
						1,
						2,
						{
							"name": "ПлавникиАнтены",
							"origin": [8, 8, 8],
							"color": 0,
							"children": [
								{
									"name": "Лево",
									"origin": [8, 8, 8],
									"color": 0,
									"children": [3, 4, 5, 6]
								},
								{
									"name": "Право",
									"origin": [8, 8, 8],
									"color": 0,
									"children": [7, 8]
								}
							]
						},
						{
							"name": "ПлавникиСредние",
							"origin": [8, 8, 8],
							"color": 0,
							"children": [
								{
									"name": "Право",
									"origin": [8, 8, 8],
									"color": 0,
									"children": [9, 10, 11, 12]
								},
								{
									"name": "Лево",
									"origin": [8, 8, 8],
									"color": 0,
									"children": [13, 14, 15, 16]
								}
							]
						},
						{
							"name": "Антены",
							"origin": [8, 8, 8],
							"color": 0,
							"children": [17, 18, 19, 20]
						},
						{
							"name": "Хвост",
							"origin": [8, 8, 8],
							"color": 0,
							"children": [21, 22, 23, 24, 25, 26, 27]
						}
					]
				},
				{
					"name": "ПередниеЛапы",
					"origin": [8, 8, 8],
					"color": 0,
					"children": [
						{
							"name": "ПереднПраваяЛапа",
							"origin": [8, 8, 8],
							"color": 0,
							"children": [28, 29, 30]
						},
						{
							"name": "ПереднЛеваяЛапа",
							"origin": [8, 8, 8],
							"color": 0,
							"children": [31, 32, 33]
						}
					]
				},
				{
					"name": "ЗадниеЛапы",
					"origin": [8, 8, 8],
					"color": 0,
					"children": [
						{
							"name": "ЗадняяПраваяЛапа",
							"origin": [8, 8, 8],
							"color": 0,
							"children": [34, 35, 36]
						},
						{
							"name": "ЗадняяЛеваяЛапа",
							"origin": [8, 8, 8],
							"color": 0,
							"children": [37, 38, 39]
						}
					]
				},
				{
					"name": "СредниеПлавники",
					"origin": [8, 8, 8],
					"color": 0,
					"children": [
						{
							"name": "СреднийПлавникПраво",
							"origin": [8, 8, 8],
							"color": 0,
							"children": [40, 41, 42, 43]
						},
						{
							"name": "СреднийПлавникЛево",
							"origin": [8, 8, 8],
							"color": 0,
							"children": [44, 45, 46, 47]
						}
					]
				}
			]
		}
	]
}