{
	"format_version": "1.9.0",
	"credit": "Made with Blockbench",
	"texture_size": [64, 64],
	"textures": {
		"4": "neirana_pattern_b",
		"particle": "block/nairanaT"
	},
	"elements": [
		{
			"name": "Голова",
			"from": [9.49633, 1.2702, -11.875],
			"to": [19.49633, 10.2702, -2.875],
			"rotation": {"angle": 0, "axis": "y", "origin": [10.2, 9.025, -7.65]},
			"faces": {
				"north": {"uv": [2.5, 0, 0, 2.25], "texture": "#4"},
				"east": {"uv": [7, 3.25, 4.75, 5.5], "texture": "#4"},
				"south": {"uv": [2.5, 2.25, 0, 4.5], "texture": "#4"},
				"west": {"uv": [4, 5, 1.75, 7.25], "texture": "#4"},
				"up": {"uv": [4.75, 0, 2.5, 2.5], "rotation": 270, "texture": "#4"},
				"down": {"uv": [4.75, 5, 2.5, 2.5], "rotation": 90, "texture": "#4"}
			}
		},
		{
			"name": "Туловище-Хвост",
			"from": [4.675, 0.025, -2],
			"to": [11.375, 6.025, 11],
			"rotation": {"angle": 0, "axis": "y", "origin": [8.275, 2.025, 2.25]},
			"faces": {
				"north": {"uv": [10.875, 10, 9.25, 11.5], "texture": "#4"},
				"east": {"uv": [9.75, 0, 6.5, 1.5], "texture": "#4"},
				"south": {"uv": [12.125, 7.75, 10.5, 9.25], "texture": "#4"},
				"west": {"uv": [7.25, 5.5, 4, 7], "texture": "#4"},
				"up": {"uv": [0, 7.75, 1.625, 4.5], "texture": "#4"},
				"down": {"uv": [4.75, 0, 6.375, 3.25], "texture": "#4"}
			}
		},
		{
			"name": "Тело",
			"from": [5.4, -0.16387, -8.44311],
			"to": [12.55, 8.01113, 0.55689],
			"rotation": {"angle": -22.5, "axis": "y", "origin": [9.225, 2.45, -2.525]},
			"faces": {
				"north": {"uv": [11.5, 2.75, 9.75, 4.75], "texture": "#4"},
				"east": {"uv": [9.5, 5, 7.25, 7], "texture": "#4"},
				"south": {"uv": [6.75, 10, 5, 12], "texture": "#4"},
				"west": {"uv": [4, 7.25, 1.75, 9.25], "texture": "#4"},
				"up": {"uv": [0, 10, 1.75, 7.75], "texture": "#4"},
				"down": {"uv": [1.75, 9.25, 3.5, 11.5], "texture": "#4"}
			}
		},
		{
			"name": "ЛевоПлавникКреплАнтена1",
			"from": [11.87238, 10.28232, -4.8],
			"to": [13.29738, 12.78232, -4.075],
			"rotation": {"angle": 45, "axis": "z", "origin": [10.2, 9.025, -7.65]},
			"faces": {
				"north": {"uv": [2.875, 14.25, 2.5, 14.875], "texture": "#4"},
				"east": {"uv": [2.625, 13.5, 2.5, 14.125], "texture": "#4"},
				"south": {"uv": [14.625, 2.5, 14.25, 3.125], "texture": "#4"},
				"west": {"uv": [10.875, 13.5, 10.75, 14.125], "texture": "#4"},
				"up": {"uv": [13.375, 11.5, 13.25, 11.875], "rotation": 270, "texture": "#4"},
				"down": {"uv": [9.125, 14.375, 9, 14], "rotation": 90, "texture": "#4"}
			}
		},
		{
			"name": "ЛевоПлавникКреплАнтена2",
			"from": [11.79985, 7.2633, -4.9],
			"to": [13.79985, 10.2633, -3.975],
			"rotation": {"angle": 45, "axis": "z", "origin": [10.2, 9.025, -7.65]},
			"faces": {
				"north": {"uv": [4, 9.25, 3.5, 10], "texture": "#4"},
				"east": {"uv": [1.75, 10, 1.5, 10.75], "texture": "#4"},
				"south": {"uv": [11, 9.25, 10.5, 10], "texture": "#4"},
				"west": {"uv": [1.75, 10.75, 1.5, 11.5], "texture": "#4"},
				"up": {"uv": [2.5, 4.5, 2.25, 5], "rotation": 270, "texture": "#4"},
				"down": {"uv": [4.75, 5.5, 4.5, 5], "rotation": 90, "texture": "#4"}
			}
		},
		{
			"from": [7.6, 7.6, -4.425],
			"to": [12.975, 18.175, -4.425],
			"rotation": {"angle": 22.5, "axis": "z", "origin": [10.2, 9.025, -7.65]},
			"faces": {
				"north": {"uv": [10.875, 5, 9.5, 7.625], "texture": "#4"},
				"east": {"uv": [0, 0, 0, 2.625], "texture": "#4"},
				"south": {"uv": [11.125, 0, 9.75, 2.625], "texture": "#4"},
				"west": {"uv": [0, 0, 0, 2.625], "texture": "#4"},
				"up": {"uv": [0, 0, 0, 1.375], "rotation": 270, "texture": "#4"},
				"down": {"uv": [0, 1.375, 0, 0], "rotation": 90, "texture": "#4"}
			}
		},
		{
			"from": [7.6, 7.6, -10.375],
			"to": [12.975, 18.175, -10.375],
			"rotation": {"angle": 22.5, "axis": "z", "origin": [10.2, 9.025, -7.65]},
			"faces": {
				"north": {"uv": [1.375, 10, 0, 12.625], "texture": "#4"},
				"east": {"uv": [0, 0, 0, 2.625], "texture": "#4"},
				"south": {"uv": [4.875, 10, 3.5, 12.625], "texture": "#4"},
				"west": {"uv": [0, 0, 0, 2.625], "texture": "#4"},
				"up": {"uv": [0, 0, 0, 1.375], "rotation": 270, "texture": "#4"},
				"down": {"uv": [0, 1.375, 0, 0], "rotation": 90, "texture": "#4"}
			}
		},
		{
			"name": "ПравоПлавникКреплАнтена2",
			"from": [11.79985, 7.2633, -10.825],
			"to": [13.79985, 10.2633, -9.9],
			"rotation": {"angle": 45, "axis": "z", "origin": [10.2, 9.025, -7.65]},
			"faces": {
				"north": {"uv": [1.5, 14, 1, 14.75], "texture": "#4"},
				"east": {"uv": [11.5, 0, 11.25, 0.75], "texture": "#4"},
				"south": {"uv": [4.75, 14, 4.25, 14.75], "texture": "#4"},
				"west": {"uv": [11.5, 0.75, 11.25, 1.5], "texture": "#4"},
				"up": {"uv": [7.25, 5, 7, 5.5], "rotation": 270, "texture": "#4"},
				"down": {"uv": [11.5, 2, 11.25, 1.5], "rotation": 90, "texture": "#4"}
			}
		},
		{
			"name": "ПравоПлавникКреплАнтена1",
			"from": [11.87238, 10.28232, -10.725],
			"to": [13.29738, 12.78232, -10],
			"rotation": {"angle": 45, "axis": "z", "origin": [10.2, 9.025, -7.65]},
			"faces": {
				"north": {"uv": [14.625, 9.25, 14.25, 9.875], "texture": "#4"},
				"east": {"uv": [4.875, 14, 4.75, 14.625], "texture": "#4"},
				"south": {"uv": [11.125, 14.25, 10.75, 14.875], "texture": "#4"},
				"west": {"uv": [10.125, 14.5, 10, 15.125], "texture": "#4"},
				"up": {"uv": [9.875, 14.75, 9.75, 15.125], "rotation": 270, "texture": "#4"},
				"down": {"uv": [10.375, 15.125, 10.25, 14.75], "rotation": 90, "texture": "#4"}
			}
		},
		{
			"from": [5.9, 5.625, 2.075],
			"to": [5.9, 8.95, 8.575],
			"rotation": {"angle": 0, "axis": "y", "origin": [3.9, 5.825, 3.525]},
			"faces": {
				"north": {"uv": [0, 0, 0, 0.875], "texture": "#4"},
				"east": {"uv": [10.875, 11.5, 9.25, 12.375], "texture": "#4"},
				"south": {"uv": [0, 0, 0, 0.875], "texture": "#4"},
				"west": {"uv": [12.625, 6.5, 11, 7.375], "texture": "#4"},
				"up": {"uv": [0, 1.625, 0, 0], "texture": "#4"},
				"down": {"uv": [0, 0, 0, 1.625], "texture": "#4"}
			}
		},
		{
			"name": "ВерхнийПлавникНачалоПраво",
			"from": [5.475, 5.18471, 1.08649],
			"to": [6.425, 7.08471, 2.76149],
			"rotation": {"angle": 45, "axis": "x", "origin": [7.875, 6.525, 1.85]},
			"faces": {
				"north": {"uv": [11.5, 2, 11.25, 2.5], "texture": "#4"},
				"east": {"uv": [4.125, 14.5, 3.75, 15], "texture": "#4"},
				"south": {"uv": [3.5, 11.5, 3.25, 12], "texture": "#4"},
				"west": {"uv": [12.375, 14.25, 12, 14.75], "texture": "#4"},
				"up": {"uv": [10.75, 12.875, 11, 12.5], "texture": "#4"},
				"down": {"uv": [2.5, 13, 2.75, 13.375], "texture": "#4"}
			}
		},
		{
			"name": "ВерхнийПлавникСередПраво",
			"from": [5.625, 6.5506, 1.77135],
			"to": [6.275, 7.8006, 4.29635],
			"rotation": {"angle": -22.5, "axis": "x", "origin": [8.075, 7.65, 2.8]},
			"faces": {
				"north": {"uv": [10.625, 14.75, 10.5, 15.125], "texture": "#4"},
				"east": {"uv": [3.625, 14.5, 3, 14.875], "texture": "#4"},
				"south": {"uv": [11.375, 14.75, 11.25, 15.125], "texture": "#4"},
				"west": {"uv": [11.875, 14.25, 11.25, 14.625], "texture": "#4"},
				"up": {"uv": [6.25, 15.375, 6.375, 14.75], "texture": "#4"},
				"down": {"uv": [9.25, 14.75, 9.375, 15.375], "texture": "#4"}
			}
		},
		{
			"name": "ВерхнийПлавникКонецПраво",
			"from": [5.725, 7.7506, 4.04635],
			"to": [6.175, 8.7506, 5.72135],
			"rotation": {"angle": -22.5, "axis": "x", "origin": [8.075, 8.75, 5.075]},
			"faces": {
				"north": {"uv": [12.125, 7.5, 12, 7.75], "texture": "#4"},
				"east": {"uv": [5.625, 14.75, 5.25, 15], "texture": "#4"},
				"south": {"uv": [3.375, 12.5, 3.25, 12.75], "texture": "#4"},
				"west": {"uv": [15.125, 5, 14.75, 5.25], "texture": "#4"},
				"up": {"uv": [11.5, 15.125, 11.625, 14.75], "texture": "#4"},
				"down": {"uv": [11.75, 14.75, 11.875, 15.125], "texture": "#4"}
			}
		},
		{
			"from": [10.1, 5.625, 2.075],
			"to": [10.1, 8.95, 8.575],
			"rotation": {"angle": 0, "axis": "y", "origin": [12.1, 5.825, 3.525]},
			"faces": {
				"north": {"uv": [0, 0, 0, 0.875], "texture": "#4"},
				"east": {"uv": [13.625, 0, 12, 0.875], "texture": "#4"},
				"south": {"uv": [0, 0, 0, 0.875], "texture": "#4"},
				"west": {"uv": [13.125, 11, 11.5, 11.875], "texture": "#4"},
				"up": {"uv": [0, 1.625, 0, 0], "texture": "#4"},
				"down": {"uv": [0, 0, 0, 1.625], "texture": "#4"}
			}
		},
		{
			"name": "ВерхнийПлавникНачалоЛево",
			"from": [9.625, 5.18471, 1.08649],
			"to": [10.575, 7.08471, 2.76149],
			"rotation": {"angle": 45, "axis": "x", "origin": [7.875, 6.525, 1.85]},
			"faces": {
				"north": {"uv": [3.5, 12, 3.25, 12.5], "texture": "#4"},
				"east": {"uv": [8.125, 14.5, 7.75, 15], "texture": "#4"},
				"south": {"uv": [12.75, 2.75, 12.5, 3.25], "texture": "#4"},
				"west": {"uv": [7.625, 14.5, 7.25, 15], "texture": "#4"},
				"up": {"uv": [10.75, 13.375, 11, 13], "texture": "#4"},
				"down": {"uv": [4.25, 13.25, 4.5, 13.625], "texture": "#4"}
			}
		},
		{
			"name": "ВерхнийПлавникСередЛево",
			"from": [9.775, 6.5506, 1.77135],
			"to": [10.425, 7.8006, 4.29635],
			"rotation": {"angle": -22.5, "axis": "x", "origin": [8.075, 7.65, 2.8]},
			"faces": {
				"north": {"uv": [12.125, 14.75, 12, 15.125], "texture": "#4"},
				"east": {"uv": [7.125, 14.5, 6.5, 14.875], "texture": "#4"},
				"south": {"uv": [12.375, 14.75, 12.25, 15.125], "texture": "#4"},
				"west": {"uv": [15.125, 5.75, 14.5, 6.125], "texture": "#4"},
				"up": {"uv": [14.75, 9.875, 14.875, 9.25], "texture": "#4"},
				"down": {"uv": [9.5, 14.75, 9.625, 15.375], "texture": "#4"}
			}
		},
		{
			"name": "ВерхнийПлавникКонецЛево",
			"from": [9.875, 7.7506, 4.04635],
			"to": [10.325, 8.7506, 5.72135],
			"rotation": {"angle": -22.5, "axis": "x", "origin": [8.075, 8.75, 5.075]},
			"faces": {
				"north": {"uv": [13.375, 8.25, 13.25, 8.5], "texture": "#4"},
				"east": {"uv": [15.125, 5.5, 14.75, 5.75], "texture": "#4"},
				"south": {"uv": [13.875, 3.25, 13.75, 3.5], "texture": "#4"},
				"west": {"uv": [15.125, 5.25, 14.75, 5.5], "texture": "#4"},
				"up": {"uv": [12.5, 15.125, 12.625, 14.75], "texture": "#4"},
				"down": {"uv": [12.75, 14.75, 12.875, 15.125], "texture": "#4"}
			}
		},
		{
			"name": "антенна-Лево",
			"from": [14.54439, 7.74873, -4.875],
			"to": [17.54439, 14.74873, -4.875],
			"rotation": {"angle": 22.5, "axis": "y", "origin": [16.4, 11.225, -4.875]},
			"faces": {
				"north": {"uv": [12.75, 1, 12, 2.75], "texture": "#4"},
				"east": {"uv": [0, 0, 0, 1.75], "texture": "#4"},
				"south": {"uv": [6.25, 12, 5.5, 13.75], "texture": "#4"},
				"west": {"uv": [0, 0, 0, 1.75], "texture": "#4"},
				"up": {"uv": [0, 0, 0, 0.75], "rotation": 270, "texture": "#4"},
				"down": {"uv": [0, 0.75, 0, 0], "rotation": 90, "texture": "#4"}
			}
		},
		{
			"name": "антенна-Право",
			"from": [14.54439, 7.74873, -9.925],
			"to": [17.54439, 14.74873, -9.925],
			"rotation": {"angle": -22.5, "axis": "y", "origin": [16.4, 11.225, -9.925]},
			"faces": {
				"north": {"uv": [5.5, 12, 6.25, 13.75], "texture": "#4"},
				"east": {"uv": [0, 0, 0, 1.75], "texture": "#4"},
				"south": {"uv": [12, 1, 12.75, 2.75], "texture": "#4"},
				"west": {"uv": [0, 0, 0, 1.75], "texture": "#4"},
				"up": {"uv": [0, 0, 0, 0.75], "rotation": 270, "texture": "#4"},
				"down": {"uv": [0, 0.75, 0, 0], "rotation": 90, "texture": "#4"}
			}
		},
		{
			"name": "АнтенаШарикЛево",
			"from": [16.05, 12.125, -5.9],
			"to": [17.725, 13.725, -4.325],
			"rotation": {"angle": 0, "axis": "y", "origin": [16.8, 12.55, -4.825]},
			"faces": {
				"north": {"uv": [14.875, 14, 14.5, 14.375], "texture": "#4"},
				"east": {"uv": [14.375, 14.5, 14, 14.875], "texture": "#4"},
				"south": {"uv": [0.375, 14.75, 0, 15.125], "texture": "#4"},
				"west": {"uv": [14.875, 14.5, 14.5, 14.875], "texture": "#4"},
				"up": {"uv": [15.125, 0, 14.75, 0.375], "rotation": 270, "texture": "#4"},
				"down": {"uv": [1.375, 15.125, 1, 14.75], "rotation": 90, "texture": "#4"}
			}
		},
		{
			"name": "АнтенаШарикПраво",
			"from": [16.05, 12.125, -10.475],
			"to": [17.725, 13.725, -8.9],
			"rotation": {"angle": 0, "axis": "y", "origin": [16.925, 12.725, -9.7]},
			"faces": {
				"north": {"uv": [15.125, 1.5, 14.75, 1.875], "texture": "#4"},
				"east": {"uv": [1.875, 14.75, 1.5, 15.125], "texture": "#4"},
				"south": {"uv": [15.125, 2, 14.75, 2.375], "texture": "#4"},
				"west": {"uv": [2.375, 14.75, 2, 15.125], "texture": "#4"},
				"up": {"uv": [15.125, 2.5, 14.75, 2.875], "rotation": 270, "texture": "#4"},
				"down": {"uv": [4.625, 15.125, 4.25, 14.75], "rotation": 90, "texture": "#4"}
			}
		},
		{
			"name": "Хвост",
			"from": [7.525, -0.325, 8.425],
			"to": [12.025, 6.675, 19.425],
			"rotation": {"angle": 45, "axis": "y", "origin": [10.025, 2.05, 12.675]},
			"faces": {
				"north": {"uv": [12.125, 4.75, 11, 6.5], "texture": "#4"},
				"east": {"uv": [9.75, 3.25, 7, 5], "texture": "#4"},
				"south": {"uv": [12.125, 9.25, 11, 11], "texture": "#4"},
				"west": {"uv": [9.25, 1.5, 6.5, 3.25], "texture": "#4"},
				"up": {"uv": [6.75, 12.75, 7.875, 10], "texture": "#4"},
				"down": {"uv": [8, 10, 9.125, 12.75], "texture": "#4"}
			}
		},
		{
			"name": "ХвостВерхн-конец",
			"from": [14.78218, -1.28003, 14.35],
			"to": [27.78218, 3.71997, 16.5],
			"rotation": {"angle": 22.5, "axis": "z", "origin": [2.475, 3.3, 15.175]},
			"faces": {
				"north": {"uv": [10.5, 8.75, 7.25, 10], "texture": "#4"},
				"east": {"uv": [1.5, 12.75, 1, 14], "texture": "#4"},
				"south": {"uv": [7.25, 8.75, 4, 10], "texture": "#4"},
				"west": {"uv": [1, 12.75, 0.5, 14], "texture": "#4"},
				"up": {"uv": [11.5, 11, 11, 14.25], "rotation": 90, "texture": "#4"},
				"down": {"uv": [12, 3.25, 11.5, 0], "rotation": 270, "texture": "#4"}
			}
		},
		{
			"name": "Хвост-конец",
			"from": [14.7, -0.475, 14.325],
			"to": [25.7, 6.525, 16.525],
			"rotation": {"angle": 0, "axis": "y", "origin": [2.525, 3.275, 15.175]},
			"faces": {
				"north": {"uv": [9.5, 7, 6.75, 8.75], "texture": "#4"},
				"east": {"uv": [6.75, 12, 6.25, 13.75], "texture": "#4"},
				"south": {"uv": [6.75, 7, 4, 8.75], "texture": "#4"},
				"west": {"uv": [9.75, 1.5, 9.25, 3.25], "texture": "#4"},
				"up": {"uv": [3.25, 11.5, 2.75, 14.25], "rotation": 90, "texture": "#4"},
				"down": {"uv": [5.5, 14.75, 5, 12], "rotation": 270, "texture": "#4"}
			}
		},
		{
			"name": "ХвостНижнийПереход",
			"from": [25.45, -0.5, 14.45],
			"to": [27, 0.3, 16.4],
			"rotation": {"angle": 0, "axis": "y", "origin": [2.525, 3.275, 15.175]},
			"faces": {
				"north": {"uv": [15.125, 7, 14.75, 7.25], "texture": "#4"},
				"east": {"uv": [14, 6.25, 13.5, 6.5], "texture": "#4"},
				"south": {"uv": [6.125, 14.75, 5.75, 15], "texture": "#4"},
				"west": {"uv": [13.25, 4.5, 12.75, 4.75], "texture": "#4"},
				"up": {"uv": [8.75, 14.5, 8.25, 14.875], "rotation": 90, "texture": "#4"},
				"down": {"uv": [15, 8.625, 14.5, 8.25], "rotation": 270, "texture": "#4"}
			}
		},
		{
			"name": "ХвостНижнийУгол",
			"from": [21.99271, -8.84776, 14.475],
			"to": [23.99271, -4.59776, 16.375],
			"rotation": {"angle": 22.5, "axis": "z", "origin": [2.525, 3.275, 15.175]},
			"faces": {
				"north": {"uv": [13.75, 9.25, 13.25, 10.375], "texture": "#4"},
				"east": {"uv": [9.75, 13.25, 9.25, 14.375], "texture": "#4"},
				"south": {"uv": [13.75, 7, 13.25, 8.125], "texture": "#4"},
				"west": {"uv": [13.75, 4.5, 13.25, 5.625], "texture": "#4"},
				"up": {"uv": [2.25, 4.5, 1.75, 5], "rotation": 90, "texture": "#4"},
				"down": {"uv": [4.5, 5.5, 4, 5], "rotation": 270, "texture": "#4"}
			}
		},
		{
			"name": "ХвостПереходВерхний",
			"from": [10.42473, 1.57705, 14.425],
			"to": [14.84973, 3.65205, 16.425],
			"rotation": {"angle": 22.5, "axis": "z", "origin": [2.525, 3.275, 15.175]},
			"faces": {
				"north": {"uv": [14.375, 11, 13.25, 11.5], "texture": "#4"},
				"east": {"uv": [13.25, 7, 12.75, 7.5], "texture": "#4"},
				"south": {"uv": [14.375, 10.5, 13.25, 11], "texture": "#4"},
				"west": {"uv": [12.5, 2.75, 12, 3.25], "texture": "#4"},
				"up": {"uv": [10.25, 13.25, 9.75, 14.375], "rotation": 90, "texture": "#4"},
				"down": {"uv": [14, 12.625, 13.5, 11.5], "rotation": 270, "texture": "#4"}
			}
		},
		{
			"name": "ХвостВерхнийУгол",
			"from": [18.97133, 12.595, 14.45],
			"to": [23.64633, 17.92, 16.4],
			"rotation": {"angle": -22.5, "axis": "z", "origin": [2.525, 3.275, 15.175]},
			"faces": {
				"north": {"uv": [12.625, 3.25, 11.5, 4.625], "texture": "#4"},
				"east": {"uv": [0.5, 12.75, 0, 14.125], "texture": "#4"},
				"south": {"uv": [2.625, 11.5, 1.5, 12.875], "texture": "#4"},
				"west": {"uv": [10.75, 12.5, 10.25, 13.875], "texture": "#4"},
				"up": {"uv": [14, 12.75, 13.5, 13.875], "rotation": 90, "texture": "#4"},
				"down": {"uv": [14.25, 1.125, 13.75, 0], "rotation": 270, "texture": "#4"}
			}
		},
		{
			"name": "ПереднЛапа-Право",
			"from": [7.13306, 0.092, -13.575],
			"to": [12.13306, 1.567, -11.575],
			"rotation": {"angle": 0, "axis": "y", "origin": [8.15, 0.75, -12.575]},
			"faces": {
				"north": {"uv": [15, 7.5, 13.75, 7.875], "texture": "#4"},
				"east": {"uv": [9.25, 14.5, 8.75, 14.875], "texture": "#4"},
				"south": {"uv": [15.25, 3.25, 14, 3.625], "texture": "#4"},
				"west": {"uv": [15, 8.75, 14.5, 9.125], "texture": "#4"},
				"up": {"uv": [13.25, 1, 12.75, 2.25], "rotation": 270, "texture": "#4"},
				"down": {"uv": [13.25, 3.5, 12.75, 2.25], "rotation": 90, "texture": "#4"}
			}
		},
		{
			"name": "ПереднЛапа-Плечо-Право",
			"from": [6.9429, 1.33578, -12.875],
			"to": [11.9429, 3.11078, -10.875],
			"rotation": {"angle": 22.5, "axis": "z", "origin": [10.65, 2.525, -12.125]},
			"faces": {
				"north": {"uv": [4.5, 12.75, 3.25, 13.25], "rotation": 180, "texture": "#4"},
				"east": {"uv": [13.5, 14, 13, 14.5], "rotation": 180, "texture": "#4"},
				"south": {"uv": [14, 3.5, 12.75, 4], "rotation": 180, "texture": "#4"},
				"west": {"uv": [14.5, 12.5, 14, 13], "rotation": 180, "texture": "#4"},
				"up": {"uv": [7.25, 14, 6.75, 12.75], "rotation": 270, "texture": "#4"},
				"down": {"uv": [5, 12.75, 4.5, 14], "rotation": 90, "texture": "#4"}
			}
		},
		{
			"name": "ПереднЛапа-Когти-Право",
			"from": [11.15, 0, -14.325],
			"to": [14.15, 1, -10.325],
			"rotation": {"angle": 45, "axis": "y", "origin": [11.65, 0.5, -12.575]},
			"faces": {
				"north": {"uv": [15, 10, 14.25, 10.25], "texture": "#4"},
				"east": {"uv": [10.75, 4.75, 9.75, 5], "texture": "#4"},
				"south": {"uv": [10, 14.5, 9.25, 14.75], "texture": "#4"},
				"west": {"uv": [12, 7.5, 11, 7.75], "texture": "#4"},
				"up": {"uv": [13.25, 9.25, 12.25, 10], "rotation": 270, "texture": "#4"},
				"down": {"uv": [13.25, 10.75, 12.25, 10], "rotation": 90, "texture": "#4"}
			}
		},
		{
			"name": "ПереднЛапа-Лево",
			"from": [17.32545, -0.04337, -2.5],
			"to": [22.32545, 1.43163, -0.5],
			"rotation": {"angle": 0, "axis": "y", "origin": [18.9, 0.575, -1.5]},
			"faces": {
				"north": {"uv": [15.25, 3.75, 14, 4.125], "texture": "#4"},
				"east": {"uv": [15, 10.5, 14.5, 10.875], "texture": "#4"},
				"south": {"uv": [15.25, 6.25, 14, 6.625], "texture": "#4"},
				"west": {"uv": [15, 11, 14.5, 11.375], "texture": "#4"},
				"up": {"uv": [7.75, 12.75, 7.25, 14], "rotation": 270, "texture": "#4"},
				"down": {"uv": [8.25, 14, 7.75, 12.75], "rotation": 90, "texture": "#4"}
			}
		},
		{
			"name": "ПереднЛапа-Плечо-Лево",
			"from": [13.3571, 1.31066, -3.125],
			"to": [18.3571, 3.08566, -1.125],
			"rotation": {"angle": -22.5, "axis": "z", "origin": [14.65, 2.25, -2.125]},
			"faces": {
				"north": {"uv": [14, 4, 12.75, 4.5], "texture": "#4"},
				"east": {"uv": [14.5, 13, 14, 13.5], "texture": "#4"},
				"south": {"uv": [14, 6.5, 12.75, 7], "texture": "#4"},
				"west": {"uv": [14, 14, 13.5, 14.5], "texture": "#4"},
				"up": {"uv": [8.75, 12.75, 8.25, 14], "rotation": 270, "texture": "#4"},
				"down": {"uv": [9.25, 14, 8.75, 12.75], "rotation": 90, "texture": "#4"}
			}
		},
		{
			"name": "ПереднЛапа-Когти-Лево",
			"from": [21.65, 0, -3.5],
			"to": [24.65, 1, 0.5],
			"rotation": {"angle": 22.5, "axis": "z", "origin": [21.9, 0.5, -1.75]},
			"faces": {
				"north": {"uv": [15.25, 12.5, 14.5, 12.75], "texture": "#4"},
				"east": {"uv": [13.25, 10.75, 12.25, 11], "texture": "#4"},
				"south": {"uv": [15.25, 12.75, 14.5, 13], "texture": "#4"},
				"west": {"uv": [14.75, 5.5, 13.75, 5.75], "texture": "#4"},
				"up": {"uv": [10.25, 12.5, 9.25, 13.25], "rotation": 270, "texture": "#4"},
				"down": {"uv": [13.5, 12.75, 12.5, 12], "rotation": 90, "texture": "#4"}
			}
		},
		{
			"name": "ЗаднЛапа-Право",
			"from": [2.05, -0.10195, 7.42163],
			"to": [4.05, 1.59805, 12.42163],
			"rotation": {"angle": 0, "axis": "y", "origin": [2.8, 0.75, 8.65]},
			"faces": {
				"north": {"uv": [13.5, 14.5, 13, 14.875], "texture": "#4"},
				"east": {"uv": [9, 14, 7.75, 14.375], "texture": "#4"},
				"south": {"uv": [15, 13, 14.5, 13.375], "texture": "#4"},
				"west": {"uv": [7.75, 14, 6.5, 14.375], "texture": "#4"},
				"up": {"uv": [12.5, 14, 13, 12.75], "texture": "#4"},
				"down": {"uv": [1.5, 13, 2, 14.25], "texture": "#4"}
			}
		},
		{
			"name": "ЗаднЛапа-Бедр-Право",
			"from": [2.7, 0.10178, 6.28744],
			"to": [4.7, 4.10178, 8.28744],
			"rotation": {"angle": 0, "axis": "y", "origin": [3.7, 2.925, 7.05]},
			"faces": {
				"north": {"uv": [13.75, 2.25, 14.25, 3.25], "rotation": 180, "texture": "#4"},
				"east": {"uv": [13.5, 8.75, 14.5, 8.25], "rotation": 90, "texture": "#4"},
				"south": {"uv": [13.75, 2.25, 14.25, 1.25], "texture": "#4"},
				"west": {"uv": [13.5, 6.25, 14.5, 5.75], "rotation": 270, "texture": "#4"},
				"up": {"uv": [14.5, 13.5, 14, 14], "rotation": 180, "texture": "#4"},
				"down": {"uv": [14.5, 14, 14, 14.5], "texture": "#4"}
			}
		},
		{
			"name": "ЗаднЛапа-Когти-Право",
			"from": [0.8, 0, 11.15],
			"to": [4.8, 1, 15.15],
			"rotation": {"angle": -22.5, "axis": "x", "origin": [2.8, 0.75, 12.65]},
			"faces": {
				"north": {"uv": [14.75, 8, 13.75, 8.25], "texture": "#4"},
				"east": {"uv": [15, 6.75, 14, 7], "texture": "#4"},
				"south": {"uv": [15, 4.25, 14, 4.5], "texture": "#4"},
				"west": {"uv": [14.75, 10.25, 13.75, 10.5], "texture": "#4"},
				"up": {"uv": [9.5, 8.75, 10.5, 7.75], "texture": "#4"},
				"down": {"uv": [11.5, 12, 12.5, 13], "texture": "#4"}
			}
		},
		{
			"name": "ЗаднЛапа-Лево",
			"from": [12.2, -0.00628, 4.8776],
			"to": [14.2, 1.69372, 9.8776],
			"rotation": {"angle": 0, "axis": "y", "origin": [13.45, 0.75, 5.875]},
			"faces": {
				"north": {"uv": [14, 14.5, 13.5, 14.875], "texture": "#4"},
				"east": {"uv": [15.25, 12, 14, 12.375], "texture": "#4"},
				"south": {"uv": [15, 13.5, 14.5, 13.875], "texture": "#4"},
				"west": {"uv": [15.25, 11.5, 14, 11.875], "texture": "#4"},
				"up": {"uv": [2, 14.25, 2.5, 13], "texture": "#4"},
				"down": {"uv": [11.5, 13, 12, 14.25], "texture": "#4"}
			}
		},
		{
			"name": "ЗаднЛапа-Бедр-Лево",
			"from": [11.35, 0.10178, 6.28744],
			"to": [13.35, 4.10178, 8.28744],
			"rotation": {"angle": 45, "axis": "x", "origin": [12.1, 2.925, 7.05]},
			"faces": {
				"north": {"uv": [6, 13.75, 6.5, 14.75], "rotation": 180, "texture": "#4"},
				"east": {"uv": [13.75, 5, 14.75, 4.5], "rotation": 90, "texture": "#4"},
				"south": {"uv": [5.5, 14.75, 6, 13.75], "texture": "#4"},
				"west": {"uv": [13.5, 9.25, 14.5, 8.75], "rotation": 270, "texture": "#4"},
				"up": {"uv": [0.5, 14.25, 0, 14.75], "rotation": 180, "texture": "#4"},
				"down": {"uv": [14.75, 0, 14.25, 0.5], "texture": "#4"}
			}
		},
		{
			"name": "ЗаднЛапа-Когти-Лево",
			"from": [11.4, 0.025, 8.625],
			"to": [15.4, 1.025, 12.625],
			"rotation": {"angle": 45, "axis": "y", "origin": [13.15, 0.525, 9.875]},
			"faces": {
				"north": {"uv": [15.25, 0.5, 14.25, 0.75], "texture": "#4"},
				"east": {"uv": [15.25, 1.25, 14.25, 1.5], "texture": "#4"},
				"south": {"uv": [15.25, 1, 14.25, 1.25], "texture": "#4"},
				"west": {"uv": [15.25, 0.75, 14.25, 1], "texture": "#4"},
				"up": {"uv": [12.25, 5.75, 13.25, 4.75], "texture": "#4"},
				"down": {"uv": [12.25, 7.5, 13.25, 8.5], "texture": "#4"}
			}
		},
		{
			"name": "СреднПлавн-Плечо-Право",
			"from": [3.525, -0.56313, -4.1244],
			"to": [5.525, 4.43687, -2.1244],
			"rotation": {"angle": -22.5, "axis": "z", "origin": [4.775, 2.8, -3.2]},
			"faces": {
				"north": {"uv": [12.5, 13, 12, 14.25], "texture": "#4"},
				"east": {"uv": [13.75, 2.25, 13.25, 3.5], "texture": "#4"},
				"south": {"uv": [13.75, 1, 13.25, 2.25], "texture": "#4"},
				"west": {"uv": [13.5, 12.75, 13, 14], "texture": "#4"},
				"up": {"uv": [1.5, 14.75, 2, 14.25], "texture": "#4"},
				"down": {"uv": [14.25, 1.5, 14.75, 2], "texture": "#4"}
			}
		},
		{
			"name": "СреднПлавник-Право",
			"from": [-1.2, 0, -2.05],
			"to": [3.8, 3, -0.275],
			"rotation": {"angle": 22.5, "axis": "y", "origin": [-1.2, 1.25, -1.3]},
			"faces": {
				"north": {"uv": [13.5, 5.75, 12.25, 6.5], "texture": "#4"},
				"east": {"uv": [10.75, 14, 10.25, 14.75], "texture": "#4"},
				"south": {"uv": [13.5, 8.5, 12.25, 9.25], "texture": "#4"},
				"west": {"uv": [13, 14, 12.5, 14.75], "texture": "#4"},
				"up": {"uv": [3.75, 13.25, 3.25, 14.5], "rotation": 270, "texture": "#4"},
				"down": {"uv": [4.25, 14.5, 3.75, 13.25], "rotation": 90, "texture": "#4"}
			}
		},
		{
			"name": "СреднПлавн-Серед-Право",
			"from": [-5.2, 0, -2.05],
			"to": [-1.2, 2, -0.275],
			"rotation": {"angle": 22.5, "axis": "y", "origin": [-1.2, 1.25, -1.3]},
			"faces": {
				"north": {"uv": [14.75, 5, 13.75, 5.5], "texture": "#4"},
				"east": {"uv": [2.5, 14.25, 2, 14.75], "texture": "#4"},
				"south": {"uv": [14.75, 7, 13.75, 7.5], "texture": "#4"},
				"west": {"uv": [14.75, 2, 14.25, 2.5], "texture": "#4"},
				"up": {"uv": [14.25, 9.25, 13.75, 10.25], "rotation": 270, "texture": "#4"},
				"down": {"uv": [1, 15, 0.5, 14], "rotation": 90, "texture": "#4"}
			}
		},
		{
			"name": "СреднПлавн-Кончик-Право",
			"from": [-6.2, 0, -2.05],
			"to": [-5.2, 1, -0.275],
			"rotation": {"angle": 22.5, "axis": "y", "origin": [-1.2, 1.25, -1.3]},
			"faces": {
				"north": {"uv": [11, 4.75, 10.75, 5], "texture": "#4"},
				"east": {"uv": [15.25, 3, 14.75, 3.25], "texture": "#4"},
				"south": {"uv": [11.5, 2.5, 11.25, 2.75], "texture": "#4"},
				"west": {"uv": [15.25, 4.5, 14.75, 4.75], "texture": "#4"},
				"up": {"uv": [5.25, 14.75, 4.75, 15], "rotation": 270, "texture": "#4"},
				"down": {"uv": [15.25, 5, 14.75, 4.75], "rotation": 90, "texture": "#4"}
			}
		},
		{
			"name": "СреднПлавник-Лево",
			"from": [14.35, 0, -3.4],
			"to": [16.125, 3, 1.6],
			"rotation": {"angle": 22.5, "axis": "y", "origin": [15.375, 1.25, 1.6]},
			"faces": {
				"north": {"uv": [10.75, 14, 10.25, 14.75], "texture": "#4"},
				"east": {"uv": [13.5, 5.75, 12.25, 6.5], "texture": "#4"},
				"south": {"uv": [13, 14, 12.5, 14.75], "texture": "#4"},
				"west": {"uv": [13.5, 8.5, 12.25, 9.25], "texture": "#4"},
				"up": {"uv": [3.75, 13.25, 3.25, 14.5], "texture": "#4"},
				"down": {"uv": [4.25, 13.25, 3.75, 14.5], "texture": "#4"}
			}
		},
		{
			"name": "СреднПлавн-Серед-Лево",
			"from": [14.35, 0, 1.6],
			"to": [16.125, 2, 5.6],
			"rotation": {"angle": 22.5, "axis": "y", "origin": [15.375, 1.25, 1.6]},
			"faces": {
				"north": {"uv": [2.5, 14.25, 2, 14.75], "texture": "#4"},
				"east": {"uv": [14.75, 5, 13.75, 5.5], "texture": "#4"},
				"south": {"uv": [14.75, 2, 14.25, 2.5], "texture": "#4"},
				"west": {"uv": [14.75, 7, 13.75, 7.5], "texture": "#4"},
				"up": {"uv": [14.25, 9.25, 13.75, 10.25], "texture": "#4"},
				"down": {"uv": [1, 14, 0.5, 15], "texture": "#4"}
			}
		},
		{
			"name": "СреднПлавн-Кончик-Лево",
			"from": [14.35, 0, 5.6],
			"to": [16.125, 1, 6.6],
			"rotation": {"angle": 22.5, "axis": "y", "origin": [15.375, 1.25, 1.6]},
			"faces": {
				"north": {"uv": [15.25, 3, 14.75, 3.25], "texture": "#4"},
				"east": {"uv": [11, 4.75, 10.75, 5], "texture": "#4"},
				"south": {"uv": [15.25, 4.5, 14.75, 4.75], "texture": "#4"},
				"west": {"uv": [11.5, 2.5, 11.25, 2.75], "texture": "#4"},
				"up": {"uv": [5.25, 14.75, 4.75, 15], "texture": "#4"},
				"down": {"uv": [15.25, 4.75, 14.75, 5], "texture": "#4"}
			}
		},
		{
			"name": "СреднПлавн-Плечо-Лево",
			"from": [11.55, -0.76746, -2.43037],
			"to": [13.55, 4.23254, -0.43037],
			"rotation": {"angle": 45, "axis": "x", "origin": [12.3, 2.5, -1.275]},
			"faces": {
				"north": {"uv": [12.5, 13, 12, 14.25], "texture": "#4"},
				"east": {"uv": [13.5, 12.75, 13, 14], "texture": "#4"},
				"south": {"uv": [13.75, 1, 13.25, 2.25], "texture": "#4"},
				"west": {"uv": [13.75, 2.25, 13.25, 3.5], "texture": "#4"},
				"up": {"uv": [2, 14.25, 1.5, 14.75], "texture": "#4"},
				"down": {"uv": [14.75, 1.5, 14.25, 2], "texture": "#4"}
			}
		}
	],
	"display": {
		"thirdperson_righthand": {
			"rotation": [-168.81, 74.51, 171.25],
			"translation": [0, 5.5, 3.5],
			"scale": [0.81641, 0.81641, 0.81641]
		},
		"thirdperson_lefthand": {
			"translation": [0, 2, 2.75],
			"scale": [0.28711, 0.28711, 0.28711]
		},
		"ground": {
			"scale": [0.5, 0.5, 0.5]
		},
		"gui": {
			"rotation": [-180, 1.5, -180]
		},
		"head": {
			"translation": [0, -34.5, -33],
			"scale": [1.27539, 1.27539, 1.27539]
		},
		"fixed": {
			"rotation": [0, 90, 0],
			"scale": [0.41211, 0.41211, 0.41211]
		}
	},
	"groups": [
		{
			"name": "nairana",
			"origin": [8, 8, 8],
			"color": 0,
			"children": [
				{
					"name": "ОсновноеТело",
					"origin": [8, 8, 8],
					"color": 0,
					"children": [
						0,
						1,
						2,
						{
							"name": "ПлавникиАнтены",
							"origin": [8, 8, 8],
							"color": 0,
							"children": [
								{
									"name": "Лево",
									"origin": [8, 8, 8],
									"color": 0,
									"children": [3, 4, 5, 6]
								},
								{
									"name": "Право",
									"origin": [8, 8, 8],
									"color": 0,
									"children": [7, 8]
								}
							]
						},
						{
							"name": "ПлавникиСредние",
							"origin": [8, 8, 8],
							"color": 0,
							"children": [
								{
									"name": "Право",
									"origin": [8, 8, 8],
									"color": 0,
									"children": [9, 10, 11, 12]
								},
								{
									"name": "Лево",
									"origin": [8, 8, 8],
									"color": 0,
									"children": [13, 14, 15, 16]
								}
							]
						},
						{
							"name": "Антены",
							"origin": [8, 8, 8],
							"color": 0,
							"children": [17, 18, 19, 20]
						},
						{
							"name": "Хвост",
							"origin": [8, 8, 8],
							"color": 0,
							"children": [21, 22, 23, 24, 25, 26, 27]
						}
					]
				},
				{
					"name": "ПередниеЛапы",
					"origin": [8, 8, 8],
					"color": 0,
					"children": [
						{
							"name": "ПереднПраваяЛапа",
							"origin": [8, 8, 8],
							"color": 0,
							"children": [28, 29, 30]
						},
						{
							"name": "ПереднЛеваяЛапа",
							"origin": [8, 8, 8],
							"color": 0,
							"children": [31, 32, 33]
						}
					]
				},
				{
					"name": "ЗадниеЛапы",
					"origin": [8, 8, 8],
					"color": 0,
					"children": [
						{
							"name": "ЗадняяПраваяЛапа",
							"origin": [8, 8, 8],
							"color": 0,
							"children": [34, 35, 36]
						},
						{
							"name": "ЗадняяЛеваяЛапа",
							"origin": [8, 8, 8],
							"color": 0,
							"children": [37, 38, 39]
						}
					]
				},
				{
					"name": "СредниеПлавники",
					"origin": [8, 8, 8],
					"color": 0,
					"children": [
						{
							"name": "СреднийПлавникПраво",
							"origin": [8, 8, 8],
							"color": 0,
							"children": [40, 41, 42, 43]
						},
						{
							"name": "СреднийПлавникЛево",
							"origin": [8, 8, 8],
							"color": 0,
							"children": [44, 45, 46, 47]
						}
					]
				}
			]
		}
	]
}