{
	"format_version": "1.9.0",
	"credit": "Made with Blockbench",
	"texture_size": [64, 64],
	"textures": {
		"4": "neirana_pattern_b",
		"particle": "block/nairanaT"
	},
	"elements": [
		{
			"name": "Голова",
			"from": [5.025, 2.2202, -13.84633],
			"to": [14.025, 11.2202, -3.84633],
			"rotation": {"angle": 0, "axis": "y", "origin": [9.75, 11.225, -8.05]},
			"faces": {
				"north": {"uv": [7, 3.25, 4.75, 5.5], "texture": "#4"},
				"east": {"uv": [2.5, 2.25, 0, 4.5], "texture": "#4"},
				"south": {"uv": [4, 5, 1.75, 7.25], "texture": "#4"},
				"west": {"uv": [2.5, 0, 0, 2.25], "texture": "#4"},
				"up": {"uv": [2.5, 2.5, 4.75, 0], "texture": "#4"},
				"down": {"uv": [2.5, 2.5, 4.75, 5], "texture": "#4"}
			}
		},
		{
			"name": "Туловище-Хвост",
			"from": [6.35, 1.525, -1.325],
			"to": [13.05, 7.525, 11.675],
			"rotation": {"angle": 0, "axis": "y", "origin": [9.95, 3.525, 2.925]},
			"faces": {
				"north": {"uv": [10.875, 10, 9.25, 11.5], "texture": "#4"},
				"east": {"uv": [9.75, 0, 6.5, 1.5], "texture": "#4"},
				"south": {"uv": [12.125, 7.75, 10.5, 9.25], "texture": "#4"},
				"west": {"uv": [7.25, 5.5, 4, 7], "texture": "#4"},
				"up": {"uv": [0, 7.75, 1.625, 4.5], "texture": "#4"},
				"down": {"uv": [4.75, 0, 6.375, 3.25], "texture": "#4"}
			}
		},
		{
			"name": "Тело",
			"from": [6.125, 1.01113, -6.94311],
			"to": [13.275, 9.18613, 2.05689],
			"rotation": {"angle": 0, "axis": "y", "origin": [9.95, 3.625, -1.025]},
			"faces": {
				"north": {"uv": [11.5, 2.75, 9.75, 4.75], "texture": "#4"},
				"east": {"uv": [9.5, 5, 7.25, 7], "texture": "#4"},
				"south": {"uv": [6.75, 10, 5, 12], "texture": "#4"},
				"west": {"uv": [4, 7.25, 1.75, 9.25], "texture": "#4"},
				"up": {"uv": [0, 10, 1.75, 7.75], "texture": "#4"},
				"down": {"uv": [1.75, 9.25, 3.5, 11.5], "texture": "#4"}
			}
		},
		{
			"name": "ЛевоПлавникКреплАнтена1",
			"from": [12.15, 9.68004, -5.48454],
			"to": [12.875, 11.10504, -2.98454],
			"rotation": {"angle": -45, "axis": "x", "origin": [9.75, 11.225, -8.05]},
			"faces": {
				"north": {"uv": [9, 14, 9.125, 14.375], "rotation": 180, "texture": "#4"},
				"east": {"uv": [14.25, 3.125, 14.625, 2.5], "rotation": 90, "texture": "#4"},
				"south": {"uv": [13.25, 11.875, 13.375, 11.5], "texture": "#4"},
				"west": {"uv": [2.5, 14.875, 2.875, 14.25], "rotation": 270, "texture": "#4"},
				"up": {"uv": [2.625, 13.5, 2.5, 14.125], "rotation": 180, "texture": "#4"},
				"down": {"uv": [10.875, 13.5, 10.75, 14.125], "texture": "#4"}
			}
		},
		{
			"name": "ЛевоПлавникКреплАнтена2",
			"from": [12.05, 9.58984, -8.34446],
			"to": [12.975, 11.58984, -5.34446],
			"rotation": {"angle": -45, "axis": "x", "origin": [9.75, 11.225, -8.05]},
			"faces": {
				"north": {"uv": [4.5, 5, 4.75, 5.5], "rotation": 180, "texture": "#4"},
				"east": {"uv": [10.5, 10, 11, 9.25], "rotation": 90, "texture": "#4"},
				"south": {"uv": [2.25, 5, 2.5, 4.5], "texture": "#4"},
				"west": {"uv": [3.5, 10, 4, 9.25], "rotation": 270, "texture": "#4"},
				"up": {"uv": [1.75, 10, 1.5, 10.75], "rotation": 180, "texture": "#4"},
				"down": {"uv": [1.75, 10.75, 1.5, 11.5], "texture": "#4"}
			}
		},
		{
			"from": [12.525, 9.91757, -7.27474],
			"to": [12.525, 20.49257, -1.89974],
			"rotation": {"angle": 22.5, "axis": "x", "origin": [9.75, 11.225, -8.05]},
			"faces": {
				"north": {"uv": [0, 0, 0, 2.625], "texture": "#4"},
				"east": {"uv": [11.125, 0, 9.75, 2.625], "texture": "#4"},
				"south": {"uv": [0, 0, 0, 2.625], "texture": "#4"},
				"west": {"uv": [10.875, 5, 9.5, 7.625], "texture": "#4"},
				"up": {"uv": [0, 1.375, 0, 0], "texture": "#4"},
				"down": {"uv": [0, 0, 0, 1.375], "texture": "#4"}
			}
		},
		{
			"from": [6.525, 9.91758, -7.27475],
			"to": [6.525, 20.49258, -1.89975],
			"rotation": {"angle": 22.5, "axis": "x", "origin": [9.75, 11.225, -8.05]},
			"faces": {
				"north": {"uv": [0, 0, 0, 2.625], "texture": "#4"},
				"east": {"uv": [4.875, 10, 3.5, 12.625], "texture": "#4"},
				"south": {"uv": [0, 0, 0, 2.625], "texture": "#4"},
				"west": {"uv": [1.375, 10, 0, 12.625], "texture": "#4"},
				"up": {"uv": [0, 1.375, 0, 0], "texture": "#4"},
				"down": {"uv": [0, 0, 0, 1.375], "texture": "#4"}
			}
		},
		{
			"name": "ПравоПлавникКреплАнтена2",
			"from": [6.075, 9.58984, -8.34445],
			"to": [7, 11.58984, -5.34445],
			"rotation": {"angle": -45, "axis": "x", "origin": [9.75, 11.225, -8.05]},
			"faces": {
				"north": {"uv": [11.25, 1.5, 11.5, 2], "rotation": 180, "texture": "#4"},
				"east": {"uv": [4.25, 14.75, 4.75, 14], "rotation": 90, "texture": "#4"},
				"south": {"uv": [7, 5.5, 7.25, 5], "texture": "#4"},
				"west": {"uv": [1, 14.75, 1.5, 14], "rotation": 270, "texture": "#4"},
				"up": {"uv": [11.5, 0, 11.25, 0.75], "rotation": 180, "texture": "#4"},
				"down": {"uv": [11.5, 0.75, 11.25, 1.5], "texture": "#4"}
			}
		},
		{
			"name": "ПравоПлавникКреплАнтена1",
			"from": [6.175, 9.66237, -5.36079],
			"to": [6.9, 11.08737, -2.86079],
			"rotation": {"angle": -45, "axis": "x", "origin": [9.75, 11.225, -8.05]},
			"faces": {
				"north": {"uv": [10.25, 14.75, 10.375, 15.125], "rotation": 180, "texture": "#4"},
				"east": {"uv": [10.75, 14.875, 11.125, 14.25], "rotation": 90, "texture": "#4"},
				"south": {"uv": [9.75, 15.125, 9.875, 14.75], "texture": "#4"},
				"west": {"uv": [14.25, 9.875, 14.625, 9.25], "rotation": 270, "texture": "#4"},
				"up": {"uv": [4.875, 14, 4.75, 14.625], "rotation": 180, "texture": "#4"},
				"down": {"uv": [10.125, 14.5, 10, 15.125], "texture": "#4"}
			}
		},
		{
			"from": [7.7, 7.125, 2.775],
			"to": [7.7, 10.45, 9.275],
			"rotation": {"angle": 0, "axis": "y", "origin": [5.7, 7.325, 4.225]},
			"faces": {
				"north": {"uv": [0, 0, 0, 0.875], "texture": "#4"},
				"east": {"uv": [10.875, 11.5, 9.25, 12.375], "texture": "#4"},
				"south": {"uv": [0, 0, 0, 0.875], "texture": "#4"},
				"west": {"uv": [12.625, 6.5, 11, 7.375], "texture": "#4"},
				"up": {"uv": [0, 1.625, 0, 0], "texture": "#4"},
				"down": {"uv": [0, 0, 0, 1.625], "texture": "#4"}
			}
		},
		{
			"name": "ВерхнийПлавникНачалоПраво",
			"from": [7.275, 6.68471, 1.78649],
			"to": [8.225, 8.58471, 3.46149],
			"rotation": {"angle": 45, "axis": "x", "origin": [9.675, 8.025, 2.55]},
			"faces": {
				"north": {"uv": [11.5, 2, 11.25, 2.5], "texture": "#4"},
				"east": {"uv": [4.125, 14.5, 3.75, 15], "texture": "#4"},
				"south": {"uv": [3.5, 11.5, 3.25, 12], "texture": "#4"},
				"west": {"uv": [12.375, 14.25, 12, 14.75], "texture": "#4"},
				"up": {"uv": [10.75, 12.875, 11, 12.5], "texture": "#4"},
				"down": {"uv": [2.5, 13, 2.75, 13.375], "texture": "#4"}
			}
		},
		{
			"name": "ВерхнийПлавникСередПраво",
			"from": [7.425, 8.0506, 2.47135],
			"to": [8.075, 9.3006, 4.99635],
			"rotation": {"angle": -22.5, "axis": "x", "origin": [9.875, 9.15, 3.5]},
			"faces": {
				"north": {"uv": [10.625, 14.75, 10.5, 15.125], "texture": "#4"},
				"east": {"uv": [3.625, 14.5, 3, 14.875], "texture": "#4"},
				"south": {"uv": [11.375, 14.75, 11.25, 15.125], "texture": "#4"},
				"west": {"uv": [11.875, 14.25, 11.25, 14.625], "texture": "#4"},
				"up": {"uv": [6.25, 15.375, 6.375, 14.75], "texture": "#4"},
				"down": {"uv": [9.25, 14.75, 9.375, 15.375], "texture": "#4"}
			}
		},
		{
			"name": "ВерхнийПлавникКонецПраво",
			"from": [7.525, 9.2506, 4.74635],
			"to": [7.975, 10.2506, 6.42135],
			"rotation": {"angle": -22.5, "axis": "x", "origin": [9.875, 10.25, 5.775]},
			"faces": {
				"north": {"uv": [12.125, 7.5, 12, 7.75], "texture": "#4"},
				"east": {"uv": [5.625, 14.75, 5.25, 15], "texture": "#4"},
				"south": {"uv": [3.375, 12.5, 3.25, 12.75], "texture": "#4"},
				"west": {"uv": [15.125, 5, 14.75, 5.25], "texture": "#4"},
				"up": {"uv": [11.5, 15.125, 11.625, 14.75], "texture": "#4"},
				"down": {"uv": [11.75, 14.75, 11.875, 15.125], "texture": "#4"}
			}
		},
		{
			"from": [11.625, 7.125, 2.75],
			"to": [11.625, 10.45, 9.25],
			"rotation": {"angle": 0, "axis": "y", "origin": [13.625, 7.325, 4.2]},
			"faces": {
				"north": {"uv": [0, 0, 0, 0.875], "texture": "#4"},
				"east": {"uv": [13.625, 0, 12, 0.875], "texture": "#4"},
				"south": {"uv": [0, 0, 0, 0.875], "texture": "#4"},
				"west": {"uv": [13.125, 11, 11.5, 11.875], "texture": "#4"},
				"up": {"uv": [0, 1.625, 0, 0], "texture": "#4"},
				"down": {"uv": [0, 0, 0, 1.625], "texture": "#4"}
			}
		},
		{
			"name": "ВерхнийПлавникНачалоЛево",
			"from": [11.15, 6.68471, 1.76149],
			"to": [12.1, 8.58471, 3.43649],
			"rotation": {"angle": 45, "axis": "x", "origin": [9.4, 8.025, 2.525]},
			"faces": {
				"north": {"uv": [3.5, 12, 3.25, 12.5], "texture": "#4"},
				"east": {"uv": [8.125, 14.5, 7.75, 15], "texture": "#4"},
				"south": {"uv": [12.75, 2.75, 12.5, 3.25], "texture": "#4"},
				"west": {"uv": [7.625, 14.5, 7.25, 15], "texture": "#4"},
				"up": {"uv": [10.75, 13.375, 11, 13], "texture": "#4"},
				"down": {"uv": [4.25, 13.25, 4.5, 13.625], "texture": "#4"}
			}
		},
		{
			"name": "ВерхнийПлавникСередЛево",
			"from": [11.3, 8.0506, 2.44635],
			"to": [11.95, 9.3006, 4.97135],
			"rotation": {"angle": -22.5, "axis": "x", "origin": [9.6, 9.15, 3.475]},
			"faces": {
				"north": {"uv": [12.125, 14.75, 12, 15.125], "texture": "#4"},
				"east": {"uv": [7.125, 14.5, 6.5, 14.875], "texture": "#4"},
				"south": {"uv": [12.375, 14.75, 12.25, 15.125], "texture": "#4"},
				"west": {"uv": [15.125, 5.75, 14.5, 6.125], "texture": "#4"},
				"up": {"uv": [14.75, 9.875, 14.875, 9.25], "texture": "#4"},
				"down": {"uv": [9.5, 14.75, 9.625, 15.375], "texture": "#4"}
			}
		},
		{
			"name": "ВерхнийПлавникКонецЛево",
			"from": [11.4, 9.2506, 4.72135],
			"to": [11.85, 10.2506, 6.39635],
			"rotation": {"angle": -22.5, "axis": "x", "origin": [9.6, 10.25, 5.75]},
			"faces": {
				"north": {"uv": [13.375, 8.25, 13.25, 8.5], "texture": "#4"},
				"east": {"uv": [15.125, 5.5, 14.75, 5.75], "texture": "#4"},
				"south": {"uv": [13.875, 3.25, 13.75, 3.5], "texture": "#4"},
				"west": {"uv": [15.125, 5.25, 14.75, 5.5], "texture": "#4"},
				"up": {"uv": [12.5, 15.125, 12.625, 14.75], "texture": "#4"},
				"down": {"uv": [12.75, 14.75, 12.875, 15.125], "texture": "#4"}
			}
		},
		{
			"name": "антенна-Лево",
			"from": [11.75388, 8.69873, -10.68482],
			"to": [11.75388, 15.69873, -7.68482],
			"rotation": {"angle": 22.5, "axis": "y", "origin": [8.975, 9.25, -10.475]},
			"faces": {
				"north": {"uv": [0, 0, 0, 1.75], "texture": "#4"},
				"east": {"uv": [6.25, 12, 5.5, 13.75], "texture": "#4"},
				"south": {"uv": [0, 0, 0, 1.75], "texture": "#4"},
				"west": {"uv": [12.75, 1, 12, 2.75], "texture": "#4"},
				"up": {"uv": [0, 0.75, 0, 0], "texture": "#4"},
				"down": {"uv": [0, 0, 0, 0.75], "texture": "#4"}
			}
		},
		{
			"name": "антенна-Право",
			"from": [7.18522, 8.69873, -10.96596],
			"to": [7.18522, 15.69873, -7.96596],
			"rotation": {"angle": -22.5, "axis": "y", "origin": [9.225, 9.25, -10.45]},
			"faces": {
				"north": {"uv": [0, 0, 0, 1.75], "texture": "#4"},
				"east": {"uv": [12, 1, 12.75, 2.75], "texture": "#4"},
				"south": {"uv": [0, 0, 0, 1.75], "texture": "#4"},
				"west": {"uv": [5.5, 12, 6.25, 13.75], "texture": "#4"},
				"up": {"uv": [0, 0.75, 0, 0], "texture": "#4"},
				"down": {"uv": [0, 0, 0, 0.75], "texture": "#4"}
			}
		},
		{
			"name": "АнтенаШарикЛево",
			"from": [10.875, 13.95, -11.1],
			"to": [12.45, 15.625, -9.5],
			"rotation": {"angle": -22.5, "axis": "x", "origin": [9.75, 12.225, -7.55]},
			"faces": {
				"north": {"uv": [14.75, 0.375, 15.125, 0], "rotation": 180, "texture": "#4"},
				"east": {"uv": [0, 15.125, 0.375, 14.75], "rotation": 270, "texture": "#4"},
				"south": {"uv": [1, 14.75, 1.375, 15.125], "texture": "#4"},
				"west": {"uv": [14.5, 14.375, 14.875, 14], "rotation": 90, "texture": "#4"},
				"up": {"uv": [14.875, 14.5, 14.5, 14.875], "texture": "#4"},
				"down": {"uv": [14.375, 14.5, 14, 14.875], "rotation": 180, "texture": "#4"}
			}
		},
		{
			"name": "АнтенаШарикПраво",
			"from": [6.55, 13.95, -11.1],
			"to": [8.125, 15.625, -9.5],
			"rotation": {"angle": -22.5, "axis": "x", "origin": [10, 12.225, -7.55]},
			"faces": {
				"north": {"uv": [14.75, 2.875, 15.125, 2.5], "rotation": 180, "texture": "#4"},
				"east": {"uv": [14.75, 2.375, 15.125, 2], "rotation": 270, "texture": "#4"},
				"south": {"uv": [4.25, 14.75, 4.625, 15.125], "texture": "#4"},
				"west": {"uv": [14.75, 1.875, 15.125, 1.5], "rotation": 90, "texture": "#4"},
				"up": {"uv": [2.375, 14.75, 2, 15.125], "texture": "#4"},
				"down": {"uv": [1.875, 14.75, 1.5, 15.125], "rotation": 180, "texture": "#4"}
			}
		},
		{
			"name": "Хвост",
			"from": [6.95, 0, 9],
			"to": [11.45, 7, 20],
			"rotation": {"angle": 0, "axis": "y", "origin": [9.45, 2.375, 13.25]},
			"faces": {
				"north": {"uv": [12.125, 4.75, 11, 6.5], "texture": "#4"},
				"east": {"uv": [9.75, 3.25, 7, 5], "texture": "#4"},
				"south": {"uv": [12.125, 9.25, 11, 11], "texture": "#4"},
				"west": {"uv": [9.25, 1.5, 6.5, 3.25], "texture": "#4"},
				"up": {"uv": [6.75, 12.75, 7.875, 10], "texture": "#4"},
				"down": {"uv": [8, 10, 9.125, 12.75], "texture": "#4"}
			}
		},
		{
			"name": "ХвостВерхн-конец",
			"from": [7.575, -1.28003, 18.98218],
			"to": [9.725, 3.71997, 31.98218],
			"rotation": {"angle": -22.5, "axis": "x", "origin": [8.9, 3.3, 6.675]},
			"faces": {
				"north": {"uv": [1, 12.75, 0.5, 14], "texture": "#4"},
				"east": {"uv": [10.5, 8.75, 7.25, 10], "texture": "#4"},
				"south": {"uv": [1.5, 12.75, 1, 14], "texture": "#4"},
				"west": {"uv": [7.25, 8.75, 4, 10], "texture": "#4"},
				"up": {"uv": [11, 14.25, 11.5, 11], "texture": "#4"},
				"down": {"uv": [11.5, 0, 12, 3.25], "texture": "#4"}
			}
		},
		{
			"name": "Хвост-конец",
			"from": [7.55, -0.475, 18.9],
			"to": [9.75, 6.525, 29.9],
			"rotation": {"angle": 0, "axis": "y", "origin": [8.9, 3.275, 6.725]},
			"faces": {
				"north": {"uv": [9.75, 1.5, 9.25, 3.25], "texture": "#4"},
				"east": {"uv": [9.5, 7, 6.75, 8.75], "texture": "#4"},
				"south": {"uv": [6.75, 12, 6.25, 13.75], "texture": "#4"},
				"west": {"uv": [6.75, 7, 4, 8.75], "texture": "#4"},
				"up": {"uv": [2.75, 14.25, 3.25, 11.5], "texture": "#4"},
				"down": {"uv": [5, 12, 5.5, 14.75], "texture": "#4"}
			}
		},
		{
			"name": "ХвостНижнийПереход",
			"from": [7.675, -0.5, 29.65],
			"to": [9.625, 0.3, 31.2],
			"rotation": {"angle": 0, "axis": "y", "origin": [8.9, 3.275, 6.725]},
			"faces": {
				"north": {"uv": [13.25, 4.5, 12.75, 4.75], "texture": "#4"},
				"east": {"uv": [15.125, 7, 14.75, 7.25], "texture": "#4"},
				"south": {"uv": [14, 6.25, 13.5, 6.5], "texture": "#4"},
				"west": {"uv": [6.125, 14.75, 5.75, 15], "texture": "#4"},
				"up": {"uv": [8.25, 14.875, 8.75, 14.5], "texture": "#4"},
				"down": {"uv": [14.5, 8.25, 15, 8.625], "texture": "#4"}
			}
		},
		{
			"name": "ХвостНижнийУгол",
			"from": [7.7, -8.84776, 26.19271],
			"to": [9.6, -4.59776, 28.19271],
			"rotation": {"angle": -22.5, "axis": "x", "origin": [8.9, 3.275, 6.725]},
			"faces": {
				"north": {"uv": [13.75, 4.5, 13.25, 5.625], "texture": "#4"},
				"east": {"uv": [13.75, 9.25, 13.25, 10.375], "texture": "#4"},
				"south": {"uv": [9.75, 13.25, 9.25, 14.375], "texture": "#4"},
				"west": {"uv": [13.75, 7, 13.25, 8.125], "texture": "#4"},
				"up": {"uv": [1.75, 5, 2.25, 4.5], "texture": "#4"},
				"down": {"uv": [4, 5, 4.5, 5.5], "texture": "#4"}
			}
		},
		{
			"name": "ХвостПереходВерхний",
			"from": [7.65, 1.57705, 14.62473],
			"to": [9.65, 3.65205, 19.04973],
			"rotation": {"angle": -22.5, "axis": "x", "origin": [8.9, 3.275, 6.725]},
			"faces": {
				"north": {"uv": [12.5, 2.75, 12, 3.25], "texture": "#4"},
				"east": {"uv": [14.375, 11, 13.25, 11.5], "texture": "#4"},
				"south": {"uv": [13.25, 7, 12.75, 7.5], "texture": "#4"},
				"west": {"uv": [14.375, 10.5, 13.25, 11], "texture": "#4"},
				"up": {"uv": [9.75, 14.375, 10.25, 13.25], "texture": "#4"},
				"down": {"uv": [13.5, 11.5, 14, 12.625], "texture": "#4"}
			}
		},
		{
			"name": "ХвостВерхнийУгол",
			"from": [7.675, 12.595, 23.17133],
			"to": [9.625, 17.92, 27.84633],
			"rotation": {"angle": 22.5, "axis": "x", "origin": [8.9, 3.275, 6.725]},
			"faces": {
				"north": {"uv": [10.75, 12.5, 10.25, 13.875], "texture": "#4"},
				"east": {"uv": [12.625, 3.25, 11.5, 4.625], "texture": "#4"},
				"south": {"uv": [0.5, 12.75, 0, 14.125], "texture": "#4"},
				"west": {"uv": [2.625, 11.5, 1.5, 12.875], "texture": "#4"},
				"up": {"uv": [13.5, 13.875, 14, 12.75], "texture": "#4"},
				"down": {"uv": [13.75, 0, 14.25, 1.125], "texture": "#4"}
			}
		},
		{
			"name": "ПереднЛапа-Право",
			"from": [3.175, 0.217, -12.68306],
			"to": [5.175, 1.692, -7.68306],
			"rotation": {"angle": 0, "axis": "y", "origin": [4.175, 0.875, -8.7]},
			"faces": {
				"north": {"uv": [9.25, 14.5, 8.75, 14.875], "texture": "#4"},
				"east": {"uv": [15.25, 3.25, 14, 3.625], "texture": "#4"},
				"south": {"uv": [15, 8.75, 14.5, 9.125], "texture": "#4"},
				"west": {"uv": [15, 7.5, 13.75, 7.875], "texture": "#4"},
				"up": {"uv": [12.75, 2.25, 13.25, 1], "texture": "#4"},
				"down": {"uv": [12.75, 2.25, 13.25, 3.5], "texture": "#4"}
			}
		},
		{
			"name": "ПереднЛапа-Плечо-Право",
			"from": [3.4, 1.63922, -8.6071],
			"to": [5.4, 3.41422, -3.6071],
			"rotation": {"angle": -22.5, "axis": "x", "origin": [4.15, 2.225, -4.9]},
			"faces": {
				"north": {"uv": [14.5, 12.5, 14, 13], "texture": "#4"},
				"east": {"uv": [14, 3.5, 12.75, 4], "texture": "#4"},
				"south": {"uv": [13.5, 14, 13, 14.5], "texture": "#4"},
				"west": {"uv": [4.5, 12.75, 3.25, 13.25], "texture": "#4"},
				"up": {"uv": [4.5, 14, 5, 12.75], "texture": "#4"},
				"down": {"uv": [6.75, 12.75, 7.25, 14], "texture": "#4"}
			}
		},
		{
			"name": "ПереднЛапа-Когти-Право",
			"from": [2.05, 0, -14.525],
			"to": [6.05, 1, -11.525],
			"rotation": {"angle": 0, "axis": "y", "origin": [4.3, 0.5, -12.025]},
			"faces": {
				"north": {"uv": [10.75, 4.75, 9.75, 5], "rotation": 180, "texture": "#4"},
				"east": {"uv": [15, 10, 14.25, 10.25], "rotation": 180, "texture": "#4"},
				"south": {"uv": [12, 7.5, 11, 7.75], "rotation": 180, "texture": "#4"},
				"west": {"uv": [10, 14.5, 9.25, 14.75], "rotation": 180, "texture": "#4"},
				"up": {"uv": [12.25, 10, 13.25, 10.75], "rotation": 180, "texture": "#4"},
				"down": {"uv": [12.25, 10, 13.25, 9.25], "rotation": 180, "texture": "#4"}
			}
		},
		{
			"name": "ПереднЛапа-Лево",
			"from": [14.075, 0.65663, -12.82545],
			"to": [16.075, 2.13163, -7.82545],
			"rotation": {"angle": -22.5, "axis": "x", "origin": [15.075, 1.275, -9.4]},
			"faces": {
				"north": {"uv": [15, 10.5, 14.5, 10.875], "texture": "#4"},
				"east": {"uv": [15.25, 6.25, 14, 6.625], "texture": "#4"},
				"south": {"uv": [15, 11, 14.5, 11.375], "texture": "#4"},
				"west": {"uv": [15.25, 3.75, 14, 4.125], "texture": "#4"},
				"up": {"uv": [7.25, 14, 7.75, 12.75], "texture": "#4"},
				"down": {"uv": [7.75, 12.75, 8.25, 14], "texture": "#4"}
			}
		},
		{
			"name": "ПереднЛапа-Плечо-Лево",
			"from": [13.775, 2.13566, -9.0071],
			"to": [15.775, 3.91066, -4.0071],
			"rotation": {"angle": -22.5, "axis": "x", "origin": [14.775, 3.075, -5.3]},
			"faces": {
				"north": {"uv": [14.5, 13, 14, 13.5], "texture": "#4"},
				"east": {"uv": [14, 6.5, 12.75, 7], "texture": "#4"},
				"south": {"uv": [14, 14, 13.5, 14.5], "texture": "#4"},
				"west": {"uv": [14, 4, 12.75, 4.5], "texture": "#4"},
				"up": {"uv": [8.25, 14, 8.75, 12.75], "texture": "#4"},
				"down": {"uv": [8.75, 12.75, 9.25, 14], "texture": "#4"}
			}
		},
		{
			"name": "ПереднЛапа-Когти-Лево",
			"from": [13.05, -0.45, -15.125],
			"to": [17.05, 0.55, -12.125],
			"rotation": {"angle": 0, "axis": "y", "origin": [14.8, 0.05, -12.375]},
			"faces": {
				"north": {"uv": [13.25, 10.75, 12.25, 11], "texture": "#4"},
				"east": {"uv": [15.25, 12.75, 14.5, 13], "texture": "#4"},
				"south": {"uv": [14.75, 5.5, 13.75, 5.75], "texture": "#4"},
				"west": {"uv": [15.25, 12.5, 14.5, 12.75], "texture": "#4"},
				"up": {"uv": [9.25, 13.25, 10.25, 12.5], "texture": "#4"},
				"down": {"uv": [12.5, 12, 13.5, 12.75], "texture": "#4"}
			}
		},
		{
			"name": "ЗаднЛапа-Право",
			"from": [4.075, 0.77305, 8.22163],
			"to": [6.075, 2.47305, 13.22163],
			"rotation": {"angle": 22.5, "axis": "x", "origin": [4.825, 1.625, 9.45]},
			"faces": {
				"north": {"uv": [13.5, 14.5, 13, 14.875], "texture": "#4"},
				"east": {"uv": [9, 14, 7.75, 14.375], "texture": "#4"},
				"south": {"uv": [15, 13, 14.5, 13.375], "texture": "#4"},
				"west": {"uv": [7.75, 14, 6.5, 14.375], "texture": "#4"},
				"up": {"uv": [12.5, 14, 13, 12.75], "texture": "#4"},
				"down": {"uv": [1.5, 13, 2, 14.25], "texture": "#4"}
			}
		},
		{
			"name": "ЗаднЛапа-Бедр-Право",
			"from": [4.45, 1.12678, 6.58744],
			"to": [6.45, 5.12678, 8.58744],
			"rotation": {"angle": -22.5, "axis": "x", "origin": [5.45, 3.95, 7.35]},
			"faces": {
				"north": {"uv": [13.75, 2.25, 14.25, 3.25], "rotation": 180, "texture": "#4"},
				"east": {"uv": [13.5, 8.75, 14.5, 8.25], "rotation": 90, "texture": "#4"},
				"south": {"uv": [13.75, 2.25, 14.25, 1.25], "texture": "#4"},
				"west": {"uv": [13.5, 6.25, 14.5, 5.75], "rotation": 270, "texture": "#4"},
				"up": {"uv": [14.5, 13.5, 14, 14], "rotation": 180, "texture": "#4"},
				"down": {"uv": [14.5, 14, 14, 14.5], "texture": "#4"}
			}
		},
		{
			"name": "ЗаднЛапа-Когти-Право",
			"from": [2.25, -0.275, 11.625],
			"to": [6.25, 0.725, 15.625],
			"rotation": {"angle": -22.5, "axis": "y", "origin": [4.25, 0.475, 13.125]},
			"faces": {
				"north": {"uv": [14.75, 8, 13.75, 8.25], "texture": "#4"},
				"east": {"uv": [15, 6.75, 14, 7], "texture": "#4"},
				"south": {"uv": [15, 4.25, 14, 4.5], "texture": "#4"},
				"west": {"uv": [14.75, 10.25, 13.75, 10.5], "texture": "#4"},
				"up": {"uv": [9.5, 8.75, 10.5, 7.75], "texture": "#4"},
				"down": {"uv": [11.5, 12, 12.5, 13], "texture": "#4"}
			}
		},
		{
			"name": "ЗаднЛапа-Лево",
			"from": [13.725, 1.06872, 6.8276],
			"to": [15.725, 2.76872, 11.8276],
			"rotation": {"angle": 22.5, "axis": "x", "origin": [14.975, 1.825, 7.825]},
			"faces": {
				"north": {"uv": [14, 14.5, 13.5, 14.875], "texture": "#4"},
				"east": {"uv": [15.25, 12, 14, 12.375], "texture": "#4"},
				"south": {"uv": [15, 13.5, 14.5, 13.875], "texture": "#4"},
				"west": {"uv": [15.25, 11.5, 14, 11.875], "texture": "#4"},
				"up": {"uv": [2, 14.25, 2.5, 13], "texture": "#4"},
				"down": {"uv": [11.5, 13, 12, 14.25], "texture": "#4"}
			}
		},
		{
			"name": "ЗаднЛапа-Бедр-Лево",
			"from": [12.125, 1.40178, 6.73744],
			"to": [14.125, 5.40178, 8.73744],
			"rotation": {"angle": 22.5, "axis": "z", "origin": [12.875, 4.225, 7.5]},
			"faces": {
				"north": {"uv": [6, 13.75, 6.5, 14.75], "rotation": 180, "texture": "#4"},
				"east": {"uv": [13.75, 5, 14.75, 4.5], "rotation": 90, "texture": "#4"},
				"south": {"uv": [5.5, 14.75, 6, 13.75], "texture": "#4"},
				"west": {"uv": [13.5, 9.25, 14.5, 8.75], "rotation": 270, "texture": "#4"},
				"up": {"uv": [0.5, 14.25, 0, 14.75], "rotation": 180, "texture": "#4"},
				"down": {"uv": [14.75, 0, 14.25, 0.5], "texture": "#4"}
			}
		},
		{
			"name": "ЗаднЛапа-Когти-Лево",
			"from": [12.525, -0.45, 10.025],
			"to": [16.525, 0.55, 14.025],
			"rotation": {"angle": 22.5, "axis": "y", "origin": [14.275, 0.05, 11.275]},
			"faces": {
				"north": {"uv": [15.25, 0.5, 14.25, 0.75], "texture": "#4"},
				"east": {"uv": [15.25, 1.25, 14.25, 1.5], "texture": "#4"},
				"south": {"uv": [15.25, 1, 14.25, 1.25], "texture": "#4"},
				"west": {"uv": [15.25, 0.75, 14.25, 1], "texture": "#4"},
				"up": {"uv": [12.25, 5.75, 13.25, 4.75], "texture": "#4"},
				"down": {"uv": [12.25, 7.5, 13.25, 8.5], "texture": "#4"}
			}
		},
		{
			"name": "СреднПлавн-Плечо-Право",
			"from": [4.275, 0.83687, -0.4494],
			"to": [6.275, 5.83687, 1.5506],
			"rotation": {"angle": -22.5, "axis": "x", "origin": [5.525, 4.2, 0.475]},
			"faces": {
				"north": {"uv": [12.5, 13, 12, 14.25], "texture": "#4"},
				"east": {"uv": [13.75, 2.25, 13.25, 3.5], "texture": "#4"},
				"south": {"uv": [13.75, 1, 13.25, 2.25], "texture": "#4"},
				"west": {"uv": [13.5, 12.75, 13, 14], "texture": "#4"},
				"up": {"uv": [1.5, 14.75, 2, 14.25], "texture": "#4"},
				"down": {"uv": [14.25, 1.5, 14.75, 2], "texture": "#4"}
			}
		},
		{
			"name": "СреднПлавник-Право",
			"from": [2.3, -0.125, 0.65],
			"to": [4.075, 2.875, 5.65],
			"rotation": {"angle": -22.5, "axis": "y", "origin": [3.05, 1.125, 5.65]},
			"faces": {
				"north": {"uv": [10.75, 14, 10.25, 14.75], "texture": "#4"},
				"east": {"uv": [13.5, 8.5, 12.25, 9.25], "texture": "#4"},
				"south": {"uv": [13, 14, 12.5, 14.75], "texture": "#4"},
				"west": {"uv": [13.5, 5.75, 12.25, 6.5], "texture": "#4"},
				"up": {"uv": [3.25, 14.5, 3.75, 13.25], "texture": "#4"},
				"down": {"uv": [3.75, 13.25, 4.25, 14.5], "texture": "#4"}
			}
		},
		{
			"name": "СреднПлавн-Серед-Право",
			"from": [2.3, -0.125, 5.65],
			"to": [4.075, 1.875, 9.65],
			"rotation": {"angle": -22.5, "axis": "y", "origin": [3.05, 1.125, 5.65]},
			"faces": {
				"north": {"uv": [2.5, 14.25, 2, 14.75], "texture": "#4"},
				"east": {"uv": [14.75, 7, 13.75, 7.5], "texture": "#4"},
				"south": {"uv": [14.75, 2, 14.25, 2.5], "texture": "#4"},
				"west": {"uv": [14.75, 5, 13.75, 5.5], "texture": "#4"},
				"up": {"uv": [13.75, 10.25, 14.25, 9.25], "texture": "#4"},
				"down": {"uv": [0.5, 14, 1, 15], "texture": "#4"}
			}
		},
		{
			"name": "СреднПлавн-Кончик-Право",
			"from": [2.3, -0.125, 9.65],
			"to": [4.075, 0.875, 10.65],
			"rotation": {"angle": -22.5, "axis": "y", "origin": [3.05, 1.125, 5.65]},
			"faces": {
				"north": {"uv": [15.25, 3, 14.75, 3.25], "texture": "#4"},
				"east": {"uv": [11.5, 2.5, 11.25, 2.75], "texture": "#4"},
				"south": {"uv": [15.25, 4.5, 14.75, 4.75], "texture": "#4"},
				"west": {"uv": [11, 4.75, 10.75, 5], "texture": "#4"},
				"up": {"uv": [4.75, 15, 5.25, 14.75], "texture": "#4"},
				"down": {"uv": [14.75, 4.75, 15.25, 5], "texture": "#4"}
			}
		},
		{
			"name": "СреднПлавник-Лево",
			"from": [17.425, 0, -1.575],
			"to": [19.2, 3, 3.425],
			"rotation": {"angle": 45, "axis": "y", "origin": [18.45, 1.25, 3.425]},
			"faces": {
				"north": {"uv": [10.75, 14, 10.25, 14.75], "texture": "#4"},
				"east": {"uv": [13.5, 5.75, 12.25, 6.5], "texture": "#4"},
				"south": {"uv": [13, 14, 12.5, 14.75], "texture": "#4"},
				"west": {"uv": [13.5, 8.5, 12.25, 9.25], "texture": "#4"},
				"up": {"uv": [3.75, 13.25, 3.25, 14.5], "texture": "#4"},
				"down": {"uv": [4.25, 13.25, 3.75, 14.5], "texture": "#4"}
			}
		},
		{
			"name": "СреднПлавн-Серед-Лево",
			"from": [17.425, 0, 3.425],
			"to": [19.2, 2, 7.425],
			"rotation": {"angle": 45, "axis": "y", "origin": [18.45, 1.25, 3.425]},
			"faces": {
				"north": {"uv": [2.5, 14.25, 2, 14.75], "texture": "#4"},
				"east": {"uv": [14.75, 5, 13.75, 5.5], "texture": "#4"},
				"south": {"uv": [14.75, 2, 14.25, 2.5], "texture": "#4"},
				"west": {"uv": [14.75, 7, 13.75, 7.5], "texture": "#4"},
				"up": {"uv": [14.25, 9.25, 13.75, 10.25], "texture": "#4"},
				"down": {"uv": [1, 14, 0.5, 15], "texture": "#4"}
			}
		},
		{
			"name": "СреднПлавн-Кончик-Лево",
			"from": [17.425, 0, 7.425],
			"to": [19.2, 1, 8.425],
			"rotation": {"angle": 45, "axis": "y", "origin": [18.45, 1.25, 3.425]},
			"faces": {
				"north": {"uv": [15.25, 3, 14.75, 3.25], "texture": "#4"},
				"east": {"uv": [11, 4.75, 10.75, 5], "texture": "#4"},
				"south": {"uv": [15.25, 4.5, 14.75, 4.75], "texture": "#4"},
				"west": {"uv": [11.5, 2.5, 11.25, 2.75], "texture": "#4"},
				"up": {"uv": [5.25, 14.75, 4.75, 15], "texture": "#4"},
				"down": {"uv": [15.25, 4.75, 14.75, 5], "texture": "#4"}
			}
		},
		{
			"name": "СреднПлавн-Плечо-Лево",
			"from": [12.675, 0.83254, -0.08037],
			"to": [14.675, 5.83254, 1.91963],
			"rotation": {"angle": 22.5, "axis": "z", "origin": [13.425, 4.1, 1.075]},
			"faces": {
				"north": {"uv": [12.5, 13, 12, 14.25], "texture": "#4"},
				"east": {"uv": [13.5, 12.75, 13, 14], "texture": "#4"},
				"south": {"uv": [13.75, 1, 13.25, 2.25], "texture": "#4"},
				"west": {"uv": [13.75, 2.25, 13.25, 3.5], "texture": "#4"},
				"up": {"uv": [2, 14.25, 1.5, 14.75], "texture": "#4"},
				"down": {"uv": [14.75, 1.5, 14.25, 2], "texture": "#4"}
			}
		}
	],
	"display": {
		"thirdperson_righthand": {
			"rotation": [-168.81, 74.51, 171.25],
			"translation": [0, 5.5, 3.5],
			"scale": [0.81641, 0.81641, 0.81641]
		},
		"thirdperson_lefthand": {
			"translation": [0, 2, 2.75],
			"scale": [0.28711, 0.28711, 0.28711]
		},
		"ground": {
			"scale": [0.5, 0.5, 0.5]
		},
		"gui": {
			"rotation": [-180, 1.5, -180]
		},
		"head": {
			"translation": [0, -34.5, -33],
			"scale": [1.27539, 1.27539, 1.27539]
		},
		"fixed": {
			"rotation": [0, 90, 0],
			"scale": [0.41211, 0.41211, 0.41211]
		}
	},
	"groups": [
		{
			"name": "nairana",
			"origin": [8, 8, 8],
			"color": 0,
			"children": [
				{
					"name": "ОсновноеТело",
					"origin": [8, 8, 8],
					"color": 0,
					"children": [
						0,
						1,
						2,
						{
							"name": "ПлавникиАнтены",
							"origin": [8, 8, 8],
							"color": 0,
							"children": [
								{
									"name": "Лево",
									"origin": [8, 8, 8],
									"color": 0,
									"children": [3, 4, 5, 6]
								},
								{
									"name": "Право",
									"origin": [8, 8, 8],
									"color": 0,
									"children": [7, 8]
								}
							]
						},
						{
							"name": "ПлавникиСредние",
							"origin": [8, 8, 8],
							"color": 0,
							"children": [
								{
									"name": "Право",
									"origin": [8, 8, 8],
									"color": 0,
									"children": [9, 10, 11, 12]
								},
								{
									"name": "Лево",
									"origin": [8, 8, 8],
									"color": 0,
									"children": [13, 14, 15, 16]
								}
							]
						},
						{
							"name": "Антены",
							"origin": [8, 8, 8],
							"color": 0,
							"children": [17, 18, 19, 20]
						},
						{
							"name": "Хвост",
							"origin": [8, 8, 8],
							"color": 0,
							"children": [21, 22, 23, 24, 25, 26, 27]
						}
					]
				},
				{
					"name": "ПередниеЛапы",
					"origin": [8, 8, 8],
					"color": 0,
					"children": [
						{
							"name": "ПереднПраваяЛапа",
							"origin": [8, 8, 8],
							"color": 0,
							"children": [28, 29, 30]
						},
						{
							"name": "ПереднЛеваяЛапа",
							"origin": [8, 8, 8],
							"color": 0,
							"children": [31, 32, 33]
						}
					]
				},
				{
					"name": "ЗадниеЛапы",
					"origin": [8, 8, 8],
					"color": 0,
					"children": [
						{
							"name": "ЗадняяПраваяЛапа",
							"origin": [8, 8, 8],
							"color": 0,
							"children": [34, 35, 36]
						},
						{
							"name": "ЗадняяЛеваяЛапа",
							"origin": [8, 8, 8],
							"color": 0,
							"children": [37, 38, 39]
						}
					]
				},
				{
					"name": "СредниеПлавники",
					"origin": [8, 8, 8],
					"color": 0,
					"children": [
						{
							"name": "СреднийПлавникПраво",
							"origin": [8, 8, 8],
							"color": 0,
							"children": [40, 41, 42, 43]
						},
						{
							"name": "СреднийПлавникЛево",
							"origin": [8, 8, 8],
							"color": 0,
							"children": [44, 45, 46, 47]
						}
					]
				}
			]
		}
	]
}