{
	"format_version": "1.9.0",
	"credit": "Made with Blockbench",
	"texture_size": [64, 64],
	"textures": {
		"4": "neirana_pattern_b",
		"particle": "block/nairanaT"
	},
	"elements": [
		{
			"name": "Голова",
			"from": [3.475, 1.2702, -15.84633],
			"to": [12.475, 10.2702, -5.84633],
			"rotation": {"angle": 0, "axis": "x", "origin": [8.25, 9.025, -6.55]},
			"faces": {
				"north": {"uv": [4.75, 3.25, 7, 5.5], "texture": "#4"},
				"east": {"uv": [0, 0, 2.5, 2.25], "texture": "#4"},
				"south": {"uv": [1.75, 5, 4, 7.25], "texture": "#4"},
				"west": {"uv": [0, 2.25, 2.5, 4.5], "texture": "#4"},
				"up": {"uv": [4.75, 2.5, 2.5, 0], "texture": "#4"},
				"down": {"uv": [4.75, 2.5, 2.5, 5], "texture": "#4"}
			}
		},
		{
			"name": "Туловище-Хвост",
			"from": [4.625, 0.025, -2],
			"to": [11.325, 6.025, 11],
			"rotation": {"angle": 0, "axis": "y", "origin": [7.725, 2.025, 2.25]},
			"faces": {
				"north": {"uv": [9.25, 10, 10.875, 11.5], "texture": "#4"},
				"east": {"uv": [4, 5.5, 7.25, 7], "texture": "#4"},
				"south": {"uv": [10.5, 7.75, 12.125, 9.25], "texture": "#4"},
				"west": {"uv": [6.5, 0, 9.75, 1.5], "texture": "#4"},
				"up": {"uv": [1.625, 7.75, 0, 4.5], "texture": "#4"},
				"down": {"uv": [6.375, 0, 4.75, 3.25], "texture": "#4"}
			}
		},
		{
			"name": "Тело",
			"from": [4.4, 0.28613, -9.66811],
			"to": [11.55, 8.46113, -0.66811],
			"rotation": {"angle": 22.5, "axis": "x", "origin": [7.725, 2.9, -3.75]},
			"faces": {
				"north": {"uv": [9.75, 2.75, 11.5, 4.75], "texture": "#4"},
				"east": {"uv": [1.75, 7.25, 4, 9.25], "texture": "#4"},
				"south": {"uv": [5, 10, 6.75, 12], "texture": "#4"},
				"west": {"uv": [7.25, 5, 9.5, 7], "texture": "#4"},
				"up": {"uv": [1.75, 10, 0, 7.75], "texture": "#4"},
				"down": {"uv": [3.5, 9.25, 1.75, 11.5], "texture": "#4"}
			}
		},
		{
			"name": "ЛевоПлавникКреплАнтена1",
			"from": [4.675, 10.28232, -9.64738],
			"to": [5.4, 12.78232, -8.22238],
			"rotation": {"angle": 45, "axis": "x", "origin": [8.25, 9.025, -6.55]},
			"faces": {
				"north": {"uv": [2.5, 13.5, 2.625, 14.125], "texture": "#4"},
				"east": {"uv": [2.5, 14.25, 2.875, 14.875], "texture": "#4"},
				"south": {"uv": [10.75, 13.5, 10.875, 14.125], "texture": "#4"},
				"west": {"uv": [14.25, 2.5, 14.625, 3.125], "texture": "#4"},
				"up": {"uv": [13.375, 11.875, 13.25, 11.5], "texture": "#4"},
				"down": {"uv": [9.125, 14, 9, 14.375], "texture": "#4"}
			}
		},
		{
			"name": "ЛевоПлавникКреплАнтена2",
			"from": [4.575, 7.2633, -10.14985],
			"to": [5.5, 10.2633, -8.14985],
			"rotation": {"angle": 45, "axis": "x", "origin": [8.25, 9.025, -6.55]},
			"faces": {
				"north": {"uv": [1.5, 10, 1.75, 10.75], "texture": "#4"},
				"east": {"uv": [3.5, 9.25, 4, 10], "texture": "#4"},
				"south": {"uv": [1.5, 10.75, 1.75, 11.5], "texture": "#4"},
				"west": {"uv": [10.5, 9.25, 11, 10], "texture": "#4"},
				"up": {"uv": [2.5, 5, 2.25, 4.5], "texture": "#4"},
				"down": {"uv": [4.75, 5, 4.5, 5.5], "texture": "#4"}
			}
		},
		{
			"from": [5.025, 7.6, -9.325],
			"to": [5.025, 18.175, -3.95],
			"rotation": {"angle": 22.5, "axis": "x", "origin": [8.25, 9.025, -6.55]},
			"faces": {
				"north": {"uv": [0, 0, 0, 2.625], "texture": "#4"},
				"east": {"uv": [9.5, 5, 10.875, 7.625], "texture": "#4"},
				"south": {"uv": [0, 0, 0, 2.625], "texture": "#4"},
				"west": {"uv": [9.75, 0, 11.125, 2.625], "texture": "#4"},
				"up": {"uv": [0, 1.375, 0, 0], "texture": "#4"},
				"down": {"uv": [0, 0, 0, 1.375], "texture": "#4"}
			}
		},
		{
			"from": [10.975, 7.6, -9.325],
			"to": [10.975, 18.175, -3.95],
			"rotation": {"angle": 22.5, "axis": "x", "origin": [8.25, 9.025, -6.55]},
			"faces": {
				"north": {"uv": [0, 0, 0, 2.625], "texture": "#4"},
				"east": {"uv": [0, 10, 1.375, 12.625], "texture": "#4"},
				"south": {"uv": [0, 0, 0, 2.625], "texture": "#4"},
				"west": {"uv": [3.5, 10, 4.875, 12.625], "texture": "#4"},
				"up": {"uv": [0, 1.375, 0, 0], "texture": "#4"},
				"down": {"uv": [0, 0, 0, 1.375], "texture": "#4"}
			}
		},
		{
			"name": "ПравоПлавникКреплАнтена2",
			"from": [10.5, 7.2633, -10.14985],
			"to": [11.425, 10.2633, -8.14985],
			"rotation": {"angle": 45, "axis": "x", "origin": [8.25, 9.025, -6.55]},
			"faces": {
				"north": {"uv": [11.25, 0, 11.5, 0.75], "texture": "#4"},
				"east": {"uv": [1, 14, 1.5, 14.75], "texture": "#4"},
				"south": {"uv": [11.25, 0.75, 11.5, 1.5], "texture": "#4"},
				"west": {"uv": [4.25, 14, 4.75, 14.75], "texture": "#4"},
				"up": {"uv": [7.25, 5.5, 7, 5], "texture": "#4"},
				"down": {"uv": [11.5, 1.5, 11.25, 2], "texture": "#4"}
			}
		},
		{
			"name": "ПравоПлавникКреплАнтена1",
			"from": [10.6, 10.28232, -9.64738],
			"to": [11.325, 12.78232, -8.22238],
			"rotation": {"angle": 45, "axis": "x", "origin": [8.25, 9.025, -6.55]},
			"faces": {
				"north": {"uv": [4.75, 14, 4.875, 14.625], "texture": "#4"},
				"east": {"uv": [14.25, 9.25, 14.625, 9.875], "texture": "#4"},
				"south": {"uv": [10, 14.5, 10.125, 15.125], "texture": "#4"},
				"west": {"uv": [10.75, 14.25, 11.125, 14.875], "texture": "#4"},
				"up": {"uv": [9.875, 15.125, 9.75, 14.75], "texture": "#4"},
				"down": {"uv": [10.375, 14.75, 10.25, 15.125], "texture": "#4"}
			}
		},
		{
			"from": [10.1, 5.625, 2.075],
			"to": [10.1, 8.95, 8.575],
			"rotation": {"angle": 0, "axis": "y", "origin": [12.1, 5.825, 3.525]},
			"faces": {
				"north": {"uv": [0, 0, 0, 0.875], "texture": "#4"},
				"east": {"uv": [11, 6.5, 12.625, 7.375], "texture": "#4"},
				"south": {"uv": [0, 0, 0, 0.875], "texture": "#4"},
				"west": {"uv": [9.25, 11.5, 10.875, 12.375], "texture": "#4"},
				"up": {"uv": [0, 1.625, 0, 0], "texture": "#4"},
				"down": {"uv": [0, 0, 0, 1.625], "texture": "#4"}
			}
		},
		{
			"name": "ВерхнийПлавникНачалоПраво",
			"from": [9.575, 5.18471, 1.08649],
			"to": [10.525, 7.08471, 2.76149],
			"rotation": {"angle": 45, "axis": "x", "origin": [8.125, 6.525, 1.85]},
			"faces": {
				"north": {"uv": [11.25, 2, 11.5, 2.5], "texture": "#4"},
				"east": {"uv": [12, 14.25, 12.375, 14.75], "texture": "#4"},
				"south": {"uv": [3.25, 11.5, 3.5, 12], "texture": "#4"},
				"west": {"uv": [3.75, 14.5, 4.125, 15], "texture": "#4"},
				"up": {"uv": [11, 12.875, 10.75, 12.5], "texture": "#4"},
				"down": {"uv": [2.75, 13, 2.5, 13.375], "texture": "#4"}
			}
		},
		{
			"name": "ВерхнийПлавникСередПраво",
			"from": [9.725, 6.5506, 1.77135],
			"to": [10.375, 7.8006, 4.29635],
			"rotation": {"angle": -22.5, "axis": "x", "origin": [7.925, 7.65, 2.8]},
			"faces": {
				"north": {"uv": [10.5, 14.75, 10.625, 15.125], "texture": "#4"},
				"east": {"uv": [11.25, 14.25, 11.875, 14.625], "texture": "#4"},
				"south": {"uv": [11.25, 14.75, 11.375, 15.125], "texture": "#4"},
				"west": {"uv": [3, 14.5, 3.625, 14.875], "texture": "#4"},
				"up": {"uv": [6.375, 15.375, 6.25, 14.75], "texture": "#4"},
				"down": {"uv": [9.375, 14.75, 9.25, 15.375], "texture": "#4"}
			}
		},
		{
			"name": "ВерхнийПлавникКонецПраво",
			"from": [9.825, 7.7506, 4.04635],
			"to": [10.275, 8.7506, 5.72135],
			"rotation": {"angle": -22.5, "axis": "x", "origin": [7.925, 8.75, 5.075]},
			"faces": {
				"north": {"uv": [12, 7.5, 12.125, 7.75], "texture": "#4"},
				"east": {"uv": [14.75, 5, 15.125, 5.25], "texture": "#4"},
				"south": {"uv": [3.25, 12.5, 3.375, 12.75], "texture": "#4"},
				"west": {"uv": [5.25, 14.75, 5.625, 15], "texture": "#4"},
				"up": {"uv": [11.625, 15.125, 11.5, 14.75], "texture": "#4"},
				"down": {"uv": [11.875, 14.75, 11.75, 15.125], "texture": "#4"}
			}
		},
		{
			"from": [5.9, 5.625, 2.075],
			"to": [5.9, 8.95, 8.575],
			"rotation": {"angle": 0, "axis": "y", "origin": [3.9, 5.825, 3.525]},
			"faces": {
				"north": {"uv": [0, 0, 0, 0.875], "texture": "#4"},
				"east": {"uv": [11.5, 11, 13.125, 11.875], "texture": "#4"},
				"south": {"uv": [0, 0, 0, 0.875], "texture": "#4"},
				"west": {"uv": [12, 0, 13.625, 0.875], "texture": "#4"},
				"up": {"uv": [0, 1.625, 0, 0], "texture": "#4"},
				"down": {"uv": [0, 0, 0, 1.625], "texture": "#4"}
			}
		},
		{
			"name": "ВерхнийПлавникНачалоЛево",
			"from": [5.425, 5.18471, 1.08649],
			"to": [6.375, 7.08471, 2.76149],
			"rotation": {"angle": 45, "axis": "x", "origin": [8.125, 6.525, 1.85]},
			"faces": {
				"north": {"uv": [3.25, 12, 3.5, 12.5], "texture": "#4"},
				"east": {"uv": [7.25, 14.5, 7.625, 15], "texture": "#4"},
				"south": {"uv": [12.5, 2.75, 12.75, 3.25], "texture": "#4"},
				"west": {"uv": [7.75, 14.5, 8.125, 15], "texture": "#4"},
				"up": {"uv": [11, 13.375, 10.75, 13], "texture": "#4"},
				"down": {"uv": [4.5, 13.25, 4.25, 13.625], "texture": "#4"}
			}
		},
		{
			"name": "ВерхнийПлавникСередЛево",
			"from": [5.575, 6.5506, 1.77135],
			"to": [6.225, 7.8006, 4.29635],
			"rotation": {"angle": -22.5, "axis": "x", "origin": [7.925, 7.65, 2.8]},
			"faces": {
				"north": {"uv": [12, 14.75, 12.125, 15.125], "texture": "#4"},
				"east": {"uv": [14.5, 5.75, 15.125, 6.125], "texture": "#4"},
				"south": {"uv": [12.25, 14.75, 12.375, 15.125], "texture": "#4"},
				"west": {"uv": [6.5, 14.5, 7.125, 14.875], "texture": "#4"},
				"up": {"uv": [14.875, 9.875, 14.75, 9.25], "texture": "#4"},
				"down": {"uv": [9.625, 14.75, 9.5, 15.375], "texture": "#4"}
			}
		},
		{
			"name": "ВерхнийПлавникКонецЛево",
			"from": [5.675, 7.7506, 4.04635],
			"to": [6.125, 8.7506, 5.72135],
			"rotation": {"angle": -22.5, "axis": "x", "origin": [7.925, 8.75, 5.075]},
			"faces": {
				"north": {"uv": [13.25, 8.25, 13.375, 8.5], "texture": "#4"},
				"east": {"uv": [14.75, 5.25, 15.125, 5.5], "texture": "#4"},
				"south": {"uv": [13.75, 3.25, 13.875, 3.5], "texture": "#4"},
				"west": {"uv": [14.75, 5.5, 15.125, 5.75], "texture": "#4"},
				"up": {"uv": [12.625, 15.125, 12.5, 14.75], "texture": "#4"},
				"down": {"uv": [12.875, 14.75, 12.75, 15.125], "texture": "#4"}
			}
		},
		{
			"name": "антенна-Лево",
			"from": [5.475, 7.74873, -13.89439],
			"to": [5.475, 14.74873, -10.89439],
			"rotation": {"angle": -22.5, "axis": "y", "origin": [5.475, 11.225, -12.75]},
			"faces": {
				"north": {"uv": [0, 0, 0, 1.75], "texture": "#4"},
				"east": {"uv": [12, 1, 12.75, 2.75], "texture": "#4"},
				"south": {"uv": [0, 0, 0, 1.75], "texture": "#4"},
				"west": {"uv": [5.5, 12, 6.25, 13.75], "texture": "#4"},
				"up": {"uv": [0, 0.75, 0, 0], "texture": "#4"},
				"down": {"uv": [0, 0, 0, 0.75], "texture": "#4"}
			}
		},
		{
			"name": "антенна-Право",
			"from": [10.525, 7.74873, -13.89439],
			"to": [10.525, 14.74873, -10.89439],
			"rotation": {"angle": 22.5, "axis": "y", "origin": [10.525, 11.225, -12.75]},
			"faces": {
				"north": {"uv": [0, 0, 0, 1.75], "texture": "#4"},
				"east": {"uv": [6.25, 12, 5.5, 13.75], "texture": "#4"},
				"south": {"uv": [0, 0, 0, 1.75], "texture": "#4"},
				"west": {"uv": [12.75, 1, 12, 2.75], "texture": "#4"},
				"up": {"uv": [0, 0.75, 0, 0], "texture": "#4"},
				"down": {"uv": [0, 0, 0, 0.75], "texture": "#4"}
			}
		},
		{
			"name": "АнтенаШарикЛево",
			"from": [4.925, 12.125, -14.075],
			"to": [6.5, 13.725, -12.4],
			"rotation": {"angle": 0, "axis": "y", "origin": [5.425, 12.55, -13.15]},
			"faces": {
				"north": {"uv": [14, 14.5, 14.375, 14.875], "texture": "#4"},
				"east": {"uv": [14.5, 14, 14.875, 14.375], "texture": "#4"},
				"south": {"uv": [14.5, 14.5, 14.875, 14.875], "texture": "#4"},
				"west": {"uv": [0, 14.75, 0.375, 15.125], "texture": "#4"},
				"up": {"uv": [15.125, 0.375, 14.75, 0], "texture": "#4"},
				"down": {"uv": [1.375, 14.75, 1, 15.125], "texture": "#4"}
			}
		},
		{
			"name": "АнтенаШарикПраво",
			"from": [9.5, 12.125, -14.075],
			"to": [11.075, 13.725, -12.4],
			"rotation": {"angle": 0, "axis": "y", "origin": [10.3, 12.725, -13.275]},
			"faces": {
				"north": {"uv": [1.5, 14.75, 1.875, 15.125], "texture": "#4"},
				"east": {"uv": [14.75, 1.5, 15.125, 1.875], "texture": "#4"},
				"south": {"uv": [2, 14.75, 2.375, 15.125], "texture": "#4"},
				"west": {"uv": [14.75, 2, 15.125, 2.375], "texture": "#4"},
				"up": {"uv": [15.125, 2.875, 14.75, 2.5], "texture": "#4"},
				"down": {"uv": [4.625, 14.75, 4.25, 15.125], "texture": "#4"}
			}
		},
		{
			"name": "Хвост",
			"from": [5.725, -0.325, 10.925],
			"to": [10.225, 6.675, 21.925],
			"rotation": {"angle": 0, "axis": "x", "origin": [7.725, 2.05, 15.175]},
			"faces": {
				"north": {"uv": [11, 4.75, 12.125, 6.5], "texture": "#4"},
				"east": {"uv": [6.5, 1.5, 9.25, 3.25], "texture": "#4"},
				"south": {"uv": [11, 9.25, 12.125, 11], "texture": "#4"},
				"west": {"uv": [7, 3.25, 9.75, 5], "texture": "#4"},
				"up": {"uv": [7.875, 12.75, 6.75, 10], "texture": "#4"},
				"down": {"uv": [9.125, 10, 8, 12.75], "texture": "#4"}
			}
		},
		{
			"name": "ХвостВерхн-конец",
			"from": [6.9, -1.03003, 18.43218],
			"to": [9.05, 3.96997, 31.43218],
			"rotation": {"angle": -22.5, "axis": "x", "origin": [7.725, 3.55, 6.125]},
			"faces": {
				"north": {"uv": [0.5, 12.75, 1, 14], "texture": "#4"},
				"east": {"uv": [4, 8.75, 7.25, 10], "texture": "#4"},
				"south": {"uv": [1, 12.75, 1.5, 14], "texture": "#4"},
				"west": {"uv": [7.25, 8.75, 10.5, 10], "texture": "#4"},
				"up": {"uv": [11.5, 14.25, 11, 11], "texture": "#4"},
				"down": {"uv": [12, 0, 11.5, 3.25], "texture": "#4"}
			}
		},
		{
			"name": "Хвост-конец",
			"from": [6.875, -0.225, 18.35],
			"to": [9.075, 6.775, 29.35],
			"rotation": {"angle": 0, "axis": "y", "origin": [7.725, 3.525, 6.175]},
			"faces": {
				"north": {"uv": [9.25, 1.5, 9.75, 3.25], "texture": "#4"},
				"east": {"uv": [4, 7, 6.75, 8.75], "texture": "#4"},
				"south": {"uv": [6.25, 12, 6.75, 13.75], "texture": "#4"},
				"west": {"uv": [6.75, 7, 9.5, 8.75], "texture": "#4"},
				"up": {"uv": [3.25, 14.25, 2.75, 11.5], "texture": "#4"},
				"down": {"uv": [5.5, 12, 5, 14.75], "texture": "#4"}
			}
		},
		{
			"name": "ХвостНижнийПереход",
			"from": [7, -0.25, 29.1],
			"to": [8.95, 0.55, 30.65],
			"rotation": {"angle": 0, "axis": "y", "origin": [7.725, 3.525, 6.175]},
			"faces": {
				"north": {"uv": [12.75, 4.5, 13.25, 4.75], "texture": "#4"},
				"east": {"uv": [5.75, 14.75, 6.125, 15], "texture": "#4"},
				"south": {"uv": [13.5, 6.25, 14, 6.5], "texture": "#4"},
				"west": {"uv": [14.75, 7, 15.125, 7.25], "texture": "#4"},
				"up": {"uv": [8.75, 14.875, 8.25, 14.5], "texture": "#4"},
				"down": {"uv": [15, 8.25, 14.5, 8.625], "texture": "#4"}
			}
		},
		{
			"name": "ХвостНижнийУгол",
			"from": [7.025, -8.59776, 25.64271],
			"to": [8.925, -4.34776, 27.64271],
			"rotation": {"angle": -22.5, "axis": "x", "origin": [7.725, 3.525, 6.175]},
			"faces": {
				"north": {"uv": [13.25, 4.5, 13.75, 5.625], "texture": "#4"},
				"east": {"uv": [13.25, 7, 13.75, 8.125], "texture": "#4"},
				"south": {"uv": [9.25, 13.25, 9.75, 14.375], "texture": "#4"},
				"west": {"uv": [13.25, 9.25, 13.75, 10.375], "texture": "#4"},
				"up": {"uv": [2.25, 5, 1.75, 4.5], "texture": "#4"},
				"down": {"uv": [4.5, 5, 4, 5.5], "texture": "#4"}
			}
		},
		{
			"name": "ХвостПереходВерхний",
			"from": [6.975, 1.82705, 14.07473],
			"to": [8.975, 3.90205, 18.49973],
			"rotation": {"angle": -22.5, "axis": "x", "origin": [7.725, 3.525, 6.175]},
			"faces": {
				"north": {"uv": [12, 2.75, 12.5, 3.25], "texture": "#4"},
				"east": {"uv": [13.25, 10.5, 14.375, 11], "texture": "#4"},
				"south": {"uv": [12.75, 7, 13.25, 7.5], "texture": "#4"},
				"west": {"uv": [13.25, 11, 14.375, 11.5], "texture": "#4"},
				"up": {"uv": [10.25, 14.375, 9.75, 13.25], "texture": "#4"},
				"down": {"uv": [14, 11.5, 13.5, 12.625], "texture": "#4"}
			}
		},
		{
			"name": "ХвостВерхнийУгол",
			"from": [7, 12.845, 22.62133],
			"to": [8.95, 18.17, 27.29633],
			"rotation": {"angle": 22.5, "axis": "x", "origin": [7.725, 3.525, 6.175]},
			"faces": {
				"north": {"uv": [10.25, 12.5, 10.75, 13.875], "texture": "#4"},
				"east": {"uv": [1.5, 11.5, 2.625, 12.875], "texture": "#4"},
				"south": {"uv": [0, 12.75, 0.5, 14.125], "texture": "#4"},
				"west": {"uv": [11.5, 3.25, 12.625, 4.625], "texture": "#4"},
				"up": {"uv": [14, 13.875, 13.5, 12.75], "texture": "#4"},
				"down": {"uv": [14.25, 0, 13.75, 1.125], "texture": "#4"}
			}
		},
		{
			"name": "ПереднЛапа-Право",
			"from": [14.175, 1.092, -13.73306],
			"to": [16.175, 2.567, -8.73306],
			"rotation": {"angle": -22.5, "axis": "x", "origin": [15.175, 1.75, -9.75]},
			"faces": {
				"north": {"uv": [8.75, 14.5, 9.25, 14.875], "texture": "#4"},
				"east": {"uv": [13.75, 7.5, 15, 7.875], "texture": "#4"},
				"south": {"uv": [14.5, 8.75, 15, 9.125], "texture": "#4"},
				"west": {"uv": [14, 3.25, 15.25, 3.625], "texture": "#4"},
				"up": {"uv": [13.25, 2.25, 12.75, 1], "texture": "#4"},
				"down": {"uv": [13.25, 2.25, 12.75, 3.5], "texture": "#4"}
			}
		},
		{
			"name": "ПереднЛапа-Плечо-Право",
			"from": [11.475, 1.43922, -10.7071],
			"to": [13.475, 3.21422, -5.7071],
			"rotation": {"angle": -45, "axis": "y", "origin": [12.725, 2.025, -7]},
			"faces": {
				"north": {"uv": [14, 12.5, 14.5, 13], "texture": "#4"},
				"east": {"uv": [3.25, 12.75, 4.5, 13.25], "texture": "#4"},
				"south": {"uv": [13, 14, 13.5, 14.5], "texture": "#4"},
				"west": {"uv": [12.75, 3.5, 14, 4], "texture": "#4"},
				"up": {"uv": [5, 14, 4.5, 12.75], "texture": "#4"},
				"down": {"uv": [7.25, 12.75, 6.75, 14], "texture": "#4"}
			}
		},
		{
			"name": "ПереднЛапа-Когти-Право",
			"from": [13.175, 0, -16],
			"to": [17.175, 1, -13],
			"rotation": {"angle": 0, "axis": "y", "origin": [15.425, 0.5, -13.5]},
			"faces": {
				"north": {"uv": [9.75, 4.75, 10.75, 5], "texture": "#4"},
				"east": {"uv": [14.25, 10, 15, 10.25], "texture": "#4"},
				"south": {"uv": [11, 7.5, 12, 7.75], "texture": "#4"},
				"west": {"uv": [9.25, 14.5, 10, 14.75], "texture": "#4"},
				"up": {"uv": [13.25, 10, 12.25, 9.25], "texture": "#4"},
				"down": {"uv": [13.25, 10, 12.25, 10.75], "texture": "#4"}
			}
		},
		{
			"name": "ПереднЛапа-Лево",
			"from": [0.1, 0.88163, -13.67545],
			"to": [2.1, 2.35663, -8.67545],
			"rotation": {"angle": -22.5, "axis": "x", "origin": [1.1, 1.5, -10.25]},
			"faces": {
				"north": {"uv": [14.5, 10.5, 15, 10.875], "texture": "#4"},
				"east": {"uv": [14, 3.75, 15.25, 4.125], "texture": "#4"},
				"south": {"uv": [14.5, 11, 15, 11.375], "texture": "#4"},
				"west": {"uv": [14, 6.25, 15.25, 6.625], "texture": "#4"},
				"up": {"uv": [7.75, 14, 7.25, 12.75], "texture": "#4"},
				"down": {"uv": [8.25, 12.75, 7.75, 14], "texture": "#4"}
			}
		},
		{
			"name": "ПереднЛапа-Плечо-Лево",
			"from": [2.475, 1.31066, -10.9571],
			"to": [4.475, 3.08566, -5.9571],
			"rotation": {"angle": 45, "axis": "y", "origin": [3.475, 2.25, -7.25]},
			"faces": {
				"north": {"uv": [14, 13, 14.5, 13.5], "texture": "#4"},
				"east": {"uv": [12.75, 4, 14, 4.5], "texture": "#4"},
				"south": {"uv": [13.5, 14, 14, 14.5], "texture": "#4"},
				"west": {"uv": [12.75, 6.5, 14, 7], "texture": "#4"},
				"up": {"uv": [8.75, 14, 8.25, 12.75], "texture": "#4"},
				"down": {"uv": [9.25, 12.75, 8.75, 14], "texture": "#4"}
			}
		},
		{
			"name": "ПереднЛапа-Когти-Лево",
			"from": [-0.9, 0, -16],
			"to": [3.1, 1, -13],
			"rotation": {"angle": 0, "axis": "y", "origin": [1.35, 0.5, -13.25]},
			"faces": {
				"north": {"uv": [12.25, 10.75, 13.25, 11], "texture": "#4"},
				"east": {"uv": [14.5, 12.5, 15.25, 12.75], "texture": "#4"},
				"south": {"uv": [13.75, 5.5, 14.75, 5.75], "texture": "#4"},
				"west": {"uv": [14.5, 12.75, 15.25, 13], "texture": "#4"},
				"up": {"uv": [10.25, 13.25, 9.25, 12.5], "texture": "#4"},
				"down": {"uv": [13.5, 12, 12.5, 12.75], "texture": "#4"}
			}
		},
		{
			"name": "ЗаднЛапа-Право",
			"from": [11.45, -0.10195, 5.52163],
			"to": [13.45, 1.59805, 10.52163],
			"rotation": {"angle": 0, "axis": "x", "origin": [12.7, 0.75, 6.75]},
			"faces": {
				"north": {"uv": [13, 14.5, 13.5, 14.875], "texture": "#4"},
				"east": {"uv": [6.5, 14, 7.75, 14.375], "texture": "#4"},
				"south": {"uv": [14.5, 13, 15, 13.375], "texture": "#4"},
				"west": {"uv": [7.75, 14, 9, 14.375], "texture": "#4"},
				"up": {"uv": [13, 14, 12.5, 12.75], "texture": "#4"},
				"down": {"uv": [2, 13, 1.5, 14.25], "texture": "#4"}
			}
		},
		{
			"name": "ЗаднЛапа-Бедр-Право",
			"from": [11.3, 0.60178, 6.28744],
			"to": [13.3, 4.60178, 8.28744],
			"rotation": {"angle": 22.5, "axis": "x", "origin": [12.3, 3.425, 7.05]},
			"faces": {
				"north": {"uv": [14.25, 2.25, 13.75, 3.25], "rotation": 180, "texture": "#4"},
				"east": {"uv": [13.5, 5.75, 14.5, 6.25], "rotation": 270, "texture": "#4"},
				"south": {"uv": [14.25, 2.25, 13.75, 1.25], "texture": "#4"},
				"west": {"uv": [13.5, 8.25, 14.5, 8.75], "rotation": 90, "texture": "#4"},
				"up": {"uv": [14, 13.5, 14.5, 14], "rotation": 180, "texture": "#4"},
				"down": {"uv": [14, 14, 14.5, 14.5], "texture": "#4"}
			}
		},
		{
			"name": "ЗаднЛапа-Когти-Право",
			"from": [10.7, 0, 9.5],
			"to": [14.7, 1, 13.5],
			"rotation": {"angle": 22.5, "axis": "y", "origin": [12.7, 0.75, 11]},
			"faces": {
				"north": {"uv": [13.75, 8, 14.75, 8.25], "texture": "#4"},
				"east": {"uv": [13.75, 10.25, 14.75, 10.5], "texture": "#4"},
				"south": {"uv": [14, 4.25, 15, 4.5], "texture": "#4"},
				"west": {"uv": [14, 6.75, 15, 7], "texture": "#4"},
				"up": {"uv": [10.5, 8.75, 9.5, 7.75], "texture": "#4"},
				"down": {"uv": [12.5, 12, 11.5, 13], "texture": "#4"}
			}
		},
		{
			"name": "ЗаднЛапа-Лево",
			"from": [2.5, -0.00628, 5.5026],
			"to": [4.5, 1.69372, 10.5026],
			"rotation": {"angle": 0, "axis": "x", "origin": [3.25, 0.75, 6.5]},
			"faces": {
				"north": {"uv": [13.5, 14.5, 14, 14.875], "texture": "#4"},
				"east": {"uv": [14, 11.5, 15.25, 11.875], "texture": "#4"},
				"south": {"uv": [14.5, 13.5, 15, 13.875], "texture": "#4"},
				"west": {"uv": [14, 12, 15.25, 12.375], "texture": "#4"},
				"up": {"uv": [2.5, 14.25, 2, 13], "texture": "#4"},
				"down": {"uv": [12, 13, 11.5, 14.25], "texture": "#4"}
			}
		},
		{
			"name": "ЗаднЛапа-Бедр-Лево",
			"from": [2.65, 0.60178, 6.28744],
			"to": [4.65, 4.60178, 8.28744],
			"rotation": {"angle": 22.5, "axis": "x", "origin": [3.9, 3.425, 7.05]},
			"faces": {
				"north": {"uv": [6.5, 13.75, 6, 14.75], "rotation": 180, "texture": "#4"},
				"east": {"uv": [13.5, 8.75, 14.5, 9.25], "rotation": 270, "texture": "#4"},
				"south": {"uv": [6, 14.75, 5.5, 13.75], "texture": "#4"},
				"west": {"uv": [13.75, 4.5, 14.75, 5], "rotation": 90, "texture": "#4"},
				"up": {"uv": [0, 14.25, 0.5, 14.75], "rotation": 180, "texture": "#4"},
				"down": {"uv": [14.25, 0, 14.75, 0.5], "texture": "#4"}
			}
		},
		{
			"name": "ЗаднЛапа-Когти-Лево",
			"from": [1.25, 0.025, 9.75],
			"to": [5.25, 1.025, 13.75],
			"rotation": {"angle": -22.5, "axis": "y", "origin": [3.5, 0.525, 11]},
			"faces": {
				"north": {"uv": [14.25, 0.5, 15.25, 0.75], "texture": "#4"},
				"east": {"uv": [14.25, 0.75, 15.25, 1], "texture": "#4"},
				"south": {"uv": [14.25, 1, 15.25, 1.25], "texture": "#4"},
				"west": {"uv": [14.25, 1.25, 15.25, 1.5], "texture": "#4"},
				"up": {"uv": [13.25, 5.75, 12.25, 4.75], "texture": "#4"},
				"down": {"uv": [13.25, 7.5, 12.25, 8.5], "texture": "#4"}
			}
		},
		{
			"name": "СреднПлавн-Плечо-Право",
			"from": [11.275, -0.56313, -3.6244],
			"to": [13.275, 4.43687, -1.6244],
			"rotation": {"angle": 45, "axis": "x", "origin": [12.025, 2.8, -2.7]},
			"faces": {
				"north": {"uv": [12, 13, 12.5, 14.25], "texture": "#4"},
				"east": {"uv": [13, 12.75, 13.5, 14], "texture": "#4"},
				"south": {"uv": [13.25, 1, 13.75, 2.25], "texture": "#4"},
				"west": {"uv": [13.25, 2.25, 13.75, 3.5], "texture": "#4"},
				"up": {"uv": [2, 14.75, 1.5, 14.25], "texture": "#4"},
				"down": {"uv": [14.75, 1.5, 14.25, 2], "texture": "#4"}
			}
		},
		{
			"name": "СреднПлавник-Право",
			"from": [15.225, 0, -6.8],
			"to": [17, 3, -1.8],
			"rotation": {"angle": 45, "axis": "y", "origin": [16.25, 1.25, -1.8]},
			"faces": {
				"north": {"uv": [10.25, 14, 10.75, 14.75], "texture": "#4"},
				"east": {"uv": [12.25, 5.75, 13.5, 6.5], "texture": "#4"},
				"south": {"uv": [12.5, 14, 13, 14.75], "texture": "#4"},
				"west": {"uv": [12.25, 8.5, 13.5, 9.25], "texture": "#4"},
				"up": {"uv": [3.75, 14.5, 3.25, 13.25], "texture": "#4"},
				"down": {"uv": [4.25, 13.25, 3.75, 14.5], "texture": "#4"}
			}
		},
		{
			"name": "СреднПлавн-Серед-Право",
			"from": [15.225, 0, -1.8],
			"to": [17, 2, 2.2],
			"rotation": {"angle": 45, "axis": "y", "origin": [16.25, 1.25, -1.8]},
			"faces": {
				"north": {"uv": [2, 14.25, 2.5, 14.75], "texture": "#4"},
				"east": {"uv": [13.75, 5, 14.75, 5.5], "texture": "#4"},
				"south": {"uv": [14.25, 2, 14.75, 2.5], "texture": "#4"},
				"west": {"uv": [13.75, 7, 14.75, 7.5], "texture": "#4"},
				"up": {"uv": [14.25, 10.25, 13.75, 9.25], "texture": "#4"},
				"down": {"uv": [1, 14, 0.5, 15], "texture": "#4"}
			}
		},
		{
			"name": "СреднПлавн-Кончик-Право",
			"from": [15.225, 0, 2.2],
			"to": [17, 1, 3.2],
			"rotation": {"angle": 45, "axis": "y", "origin": [16.25, 1.25, -1.8]},
			"faces": {
				"north": {"uv": [14.75, 3, 15.25, 3.25], "texture": "#4"},
				"east": {"uv": [10.75, 4.75, 11, 5], "texture": "#4"},
				"south": {"uv": [14.75, 4.5, 15.25, 4.75], "texture": "#4"},
				"west": {"uv": [11.25, 2.5, 11.5, 2.75], "texture": "#4"},
				"up": {"uv": [5.25, 15, 4.75, 14.75], "texture": "#4"},
				"down": {"uv": [15.25, 4.75, 14.75, 5], "texture": "#4"}
			}
		},
		{
			"name": "СреднПлавник-Лево",
			"from": [-0.35, 0, -2.375],
			"to": [4.65, 3, -0.6],
			"rotation": {"angle": 45, "axis": "y", "origin": [-0.35, 1.25, -1.625]},
			"faces": {
				"north": {"uv": [12.25, 5.75, 13.5, 6.5], "texture": "#4"},
				"east": {"uv": [10.25, 14, 10.75, 14.75], "texture": "#4"},
				"south": {"uv": [12.25, 8.5, 13.5, 9.25], "texture": "#4"},
				"west": {"uv": [12.5, 14, 13, 14.75], "texture": "#4"},
				"up": {"uv": [3.25, 13.25, 3.75, 14.5], "rotation": 90, "texture": "#4"},
				"down": {"uv": [3.75, 13.25, 4.25, 14.5], "rotation": 270, "texture": "#4"}
			}
		},
		{
			"name": "СреднПлавн-Серед-Лево",
			"from": [-4.35, 0, -2.375],
			"to": [-0.35, 2, -0.6],
			"rotation": {"angle": 45, "axis": "y", "origin": [-0.35, 1.25, -1.625]},
			"faces": {
				"north": {"uv": [13.75, 5, 14.75, 5.5], "texture": "#4"},
				"east": {"uv": [2, 14.25, 2.5, 14.75], "texture": "#4"},
				"south": {"uv": [13.75, 7, 14.75, 7.5], "texture": "#4"},
				"west": {"uv": [14.25, 2, 14.75, 2.5], "texture": "#4"},
				"up": {"uv": [13.75, 9.25, 14.25, 10.25], "rotation": 90, "texture": "#4"},
				"down": {"uv": [0.5, 14, 1, 15], "rotation": 270, "texture": "#4"}
			}
		},
		{
			"name": "СреднПлавн-Кончик-Лево",
			"from": [-5.35, 0, -2.375],
			"to": [-4.35, 1, -0.6],
			"rotation": {"angle": 45, "axis": "y", "origin": [-0.35, 1.25, -1.625]},
			"faces": {
				"north": {"uv": [10.75, 4.75, 11, 5], "texture": "#4"},
				"east": {"uv": [14.75, 3, 15.25, 3.25], "texture": "#4"},
				"south": {"uv": [11.25, 2.5, 11.5, 2.75], "texture": "#4"},
				"west": {"uv": [14.75, 4.5, 15.25, 4.75], "texture": "#4"},
				"up": {"uv": [4.75, 14.75, 5.25, 15], "rotation": 90, "texture": "#4"},
				"down": {"uv": [14.75, 4.75, 15.25, 5], "rotation": 270, "texture": "#4"}
			}
		},
		{
			"name": "СреднПлавн-Плечо-Лево",
			"from": [2.725, -0.76746, -3.65537],
			"to": [4.725, 4.23254, -1.65537],
			"rotation": {"angle": 45, "axis": "x", "origin": [3.975, 2.5, -2.5]},
			"faces": {
				"north": {"uv": [12, 13, 12.5, 14.25], "texture": "#4"},
				"east": {"uv": [13.25, 2.25, 13.75, 3.5], "texture": "#4"},
				"south": {"uv": [13.25, 1, 13.75, 2.25], "texture": "#4"},
				"west": {"uv": [13, 12.75, 13.5, 14], "texture": "#4"},
				"up": {"uv": [1.5, 14.25, 2, 14.75], "texture": "#4"},
				"down": {"uv": [14.25, 1.5, 14.75, 2], "texture": "#4"}
			}
		}
	],
	"display": {
		"thirdperson_righthand": {
			"rotation": [-168.81, 74.51, 171.25],
			"translation": [0, 5.5, 3.5],
			"scale": [0.81641, 0.81641, 0.81641]
		},
		"thirdperson_lefthand": {
			"translation": [0, 2, 2.75],
			"scale": [0.28711, 0.28711, 0.28711]
		},
		"ground": {
			"scale": [0.5, 0.5, 0.5]
		},
		"gui": {
			"rotation": [-180, 1.5, -180]
		},
		"head": {
			"translation": [0, -34.5, -33],
			"scale": [1.27539, 1.27539, 1.27539]
		},
		"fixed": {
			"rotation": [0, 90, 0],
			"scale": [0.41211, 0.41211, 0.41211]
		}
	},
	"groups": [
		{
			"name": "nairana",
			"origin": [8, 8, 8],
			"color": 0,
			"children": [
				{
					"name": "ОсновноеТело",
					"origin": [8, 8, 8],
					"color": 0,
					"children": [
						0,
						1,
						2,
						{
							"name": "ПлавникиАнтены",
							"origin": [8, 8, 8],
							"color": 0,
							"children": [
								{
									"name": "Лево",
									"origin": [8, 8, 8],
									"color": 0,
									"children": [3, 4, 5, 6]
								},
								{
									"name": "Право",
									"origin": [8, 8, 8],
									"color": 0,
									"children": [7, 8]
								}
							]
						},
						{
							"name": "ПлавникиСредние",
							"origin": [8, 8, 8],
							"color": 0,
							"children": [
								{
									"name": "Право",
									"origin": [8, 8, 8],
									"color": 0,
									"children": [9, 10, 11, 12]
								},
								{
									"name": "Лево",
									"origin": [8, 8, 8],
									"color": 0,
									"children": [13, 14, 15, 16]
								}
							]
						},
						{
							"name": "Антены",
							"origin": [8, 8, 8],
							"color": 0,
							"children": [17, 18, 19, 20]
						},
						{
							"name": "Хвост",
							"origin": [8, 8, 8],
							"color": 0,
							"children": [21, 22, 23, 24, 25, 26, 27]
						}
					]
				},
				{
					"name": "ПередниеЛапы",
					"origin": [8, 8, 8],
					"color": 0,
					"children": [
						{
							"name": "ПереднПраваяЛапа",
							"origin": [8, 8, 8],
							"color": 0,
							"children": [28, 29, 30]
						},
						{
							"name": "ПереднЛеваяЛапа",
							"origin": [8, 8, 8],
							"color": 0,
							"children": [31, 32, 33]
						}
					]
				},
				{
					"name": "ЗадниеЛапы",
					"origin": [8, 8, 8],
					"color": 0,
					"children": [
						{
							"name": "ЗадняяПраваяЛапа",
							"origin": [8, 8, 8],
							"color": 0,
							"children": [34, 35, 36]
						},
						{
							"name": "ЗадняяЛеваяЛапа",
							"origin": [8, 8, 8],
							"color": 0,
							"children": [37, 38, 39]
						}
					]
				},
				{
					"name": "СредниеПлавники",
					"origin": [8, 8, 8],
					"color": 0,
					"children": [
						{
							"name": "СреднийПлавникПраво",
							"origin": [8, 8, 8],
							"color": 0,
							"children": [40, 41, 42, 43]
						},
						{
							"name": "СреднийПлавникЛево",
							"origin": [8, 8, 8],
							"color": 0,
							"children": [44, 45, 46, 47]
						}
					]
				}
			]
		}
	]
}