{
	"format_version": "1.9.0",
	"credit": "Made with Blockbench",
	"texture_size": [64, 64],
	"textures": {
		"4": "neirana_pattern_b",
		"particle": "block/nairanaT"
	},
	"elements": [
		{
			"name": "Голова",
			"from": [3.475, 3.6202, -14.97133],
			"to": [12.475, 12.6202, -4.97133],
			"rotation": {"angle": 0, "axis": "y", "origin": [8.25, 11.375, -5.675]},
			"faces": {
				"north": {"uv": [4.75, 3.25, 7, 5.5], "texture": "#4"},
				"east": {"uv": [0, 0, 2.5, 2.25], "texture": "#4"},
				"south": {"uv": [1.75, 5, 4, 7.25], "texture": "#4"},
				"west": {"uv": [0, 2.25, 2.5, 4.5], "texture": "#4"},
				"up": {"uv": [4.75, 2.5, 2.5, 0], "texture": "#4"},
				"down": {"uv": [4.75, 2.5, 2.5, 5], "texture": "#4"}
			}
		},
		{
			"name": "Туловище-Хвост",
			"from": [4.625, 2, -2],
			"to": [11.325, 8, 11],
			"rotation": {"angle": 0, "axis": "y", "origin": [7.725, 4, 2.25]},
			"faces": {
				"north": {"uv": [9.25, 10, 10.875, 11.5], "texture": "#4"},
				"east": {"uv": [4, 5.5, 7.25, 7], "texture": "#4"},
				"south": {"uv": [10.5, 7.75, 12.125, 9.25], "texture": "#4"},
				"west": {"uv": [6.5, 0, 9.75, 1.5], "texture": "#4"},
				"up": {"uv": [1.625, 7.75, 0, 4.5], "texture": "#4"},
				"down": {"uv": [6.375, 0, 4.75, 3.25], "texture": "#4"}
			}
		},
		{
			"name": "Тело",
			"from": [4.4, 1.71113, -8.71811],
			"to": [11.55, 9.88613, 0.28189],
			"rotation": {"angle": 22.5, "axis": "x", "origin": [7.725, 4.325, -2.8]},
			"faces": {
				"north": {"uv": [9.75, 2.75, 11.5, 4.75], "texture": "#4"},
				"east": {"uv": [1.75, 7.25, 4, 9.25], "texture": "#4"},
				"south": {"uv": [5, 10, 6.75, 12], "texture": "#4"},
				"west": {"uv": [7.25, 5, 9.5, 7], "texture": "#4"},
				"up": {"uv": [1.75, 10, 0, 7.75], "texture": "#4"},
				"down": {"uv": [3.5, 9.25, 1.75, 11.5], "texture": "#4"}
			}
		},
		{
			"name": "ЛевоПлавникКреплАнтена1",
			"from": [4.675, 13.07238, -4.64268],
			"to": [5.4, 14.49738, -2.14268],
			"rotation": {"angle": -45, "axis": "x", "origin": [8.25, 11.4, -5.9]},
			"faces": {
				"north": {"uv": [9.125, 14, 9, 14.375], "rotation": 180, "texture": "#4"},
				"east": {"uv": [2.5, 14.25, 2.875, 14.875], "rotation": 270, "texture": "#4"},
				"south": {"uv": [13.375, 11.875, 13.25, 11.5], "texture": "#4"},
				"west": {"uv": [14.25, 2.5, 14.625, 3.125], "rotation": 90, "texture": "#4"},
				"up": {"uv": [2.5, 13.5, 2.625, 14.125], "rotation": 180, "texture": "#4"},
				"down": {"uv": [10.75, 13.5, 10.875, 14.125], "texture": "#4"}
			}
		},
		{
			"name": "ЛевоПлавникКреплАнтена2",
			"from": [4.575, 12.99985, -7.6617],
			"to": [5.5, 14.99985, -4.6617],
			"rotation": {"angle": -45, "axis": "x", "origin": [8.25, 11.4, -5.9]},
			"faces": {
				"north": {"uv": [4.75, 5, 4.5, 5.5], "rotation": 180, "texture": "#4"},
				"east": {"uv": [3.5, 9.25, 4, 10], "rotation": 270, "texture": "#4"},
				"south": {"uv": [2.5, 5, 2.25, 4.5], "texture": "#4"},
				"west": {"uv": [10.5, 9.25, 11, 10], "rotation": 90, "texture": "#4"},
				"up": {"uv": [1.5, 10, 1.75, 10.75], "rotation": 180, "texture": "#4"},
				"down": {"uv": [1.5, 10.75, 1.75, 11.5], "texture": "#4"}
			}
		},
		{
			"from": [5.025, 9.975, -8.675],
			"to": [5.025, 20.55, -3.3],
			"rotation": {"angle": 22.5, "axis": "x", "origin": [8.25, 11.4, -5.9]},
			"faces": {
				"north": {"uv": [0, 0, 0, 2.625], "texture": "#4"},
				"east": {"uv": [9.5, 5, 10.875, 7.625], "texture": "#4"},
				"south": {"uv": [0, 0, 0, 2.625], "texture": "#4"},
				"west": {"uv": [9.75, 0, 11.125, 2.625], "texture": "#4"},
				"up": {"uv": [0, 1.375, 0, 0], "texture": "#4"},
				"down": {"uv": [0, 0, 0, 1.375], "texture": "#4"}
			}
		},
		{
			"from": [10.975, 9.975, -8.675],
			"to": [10.975, 20.55, -3.3],
			"rotation": {"angle": 22.5, "axis": "x", "origin": [8.25, 11.4, -5.9]},
			"faces": {
				"north": {"uv": [0, 0, 0, 2.625], "texture": "#4"},
				"east": {"uv": [0, 10, 1.375, 12.625], "texture": "#4"},
				"south": {"uv": [0, 0, 0, 2.625], "texture": "#4"},
				"west": {"uv": [3.5, 10, 4.875, 12.625], "texture": "#4"},
				"up": {"uv": [0, 1.375, 0, 0], "texture": "#4"},
				"down": {"uv": [0, 0, 0, 1.375], "texture": "#4"}
			}
		},
		{
			"name": "ПравоПлавникКреплАнтена2",
			"from": [10.5, 12.99985, -7.6617],
			"to": [11.425, 14.99985, -4.6617],
			"rotation": {"angle": -45, "axis": "x", "origin": [8.25, 11.4, -5.9]},
			"faces": {
				"north": {"uv": [11.5, 1.5, 11.25, 2], "rotation": 180, "texture": "#4"},
				"east": {"uv": [1, 14, 1.5, 14.75], "rotation": 270, "texture": "#4"},
				"south": {"uv": [7.25, 5.5, 7, 5], "texture": "#4"},
				"west": {"uv": [4.25, 14, 4.75, 14.75], "rotation": 90, "texture": "#4"},
				"up": {"uv": [11.25, 0, 11.5, 0.75], "rotation": 180, "texture": "#4"},
				"down": {"uv": [11.25, 0.75, 11.5, 1.5], "texture": "#4"}
			}
		},
		{
			"name": "ПравоПлавникКреплАнтена1",
			"from": [10.6, 13.07238, -4.64268],
			"to": [11.325, 14.49738, -2.14268],
			"rotation": {"angle": -45, "axis": "x", "origin": [8.25, 11.4, -5.9]},
			"faces": {
				"north": {"uv": [10.375, 14.75, 10.25, 15.125], "rotation": 180, "texture": "#4"},
				"east": {"uv": [14.25, 9.25, 14.625, 9.875], "rotation": 270, "texture": "#4"},
				"south": {"uv": [9.875, 15.125, 9.75, 14.75], "texture": "#4"},
				"west": {"uv": [10.75, 14.25, 11.125, 14.875], "rotation": 90, "texture": "#4"},
				"up": {"uv": [4.75, 14, 4.875, 14.625], "rotation": 180, "texture": "#4"},
				"down": {"uv": [10, 14.5, 10.125, 15.125], "texture": "#4"}
			}
		},
		{
			"from": [10.1, 7.6, 2.075],
			"to": [10.1, 10.925, 8.575],
			"rotation": {"angle": 0, "axis": "y", "origin": [12.1, 7.8, 3.525]},
			"faces": {
				"north": {"uv": [0, 0, 0, 0.875], "texture": "#4"},
				"east": {"uv": [11, 6.5, 12.625, 7.375], "texture": "#4"},
				"south": {"uv": [0, 0, 0, 0.875], "texture": "#4"},
				"west": {"uv": [9.25, 11.5, 10.875, 12.375], "texture": "#4"},
				"up": {"uv": [0, 1.625, 0, 0], "texture": "#4"},
				"down": {"uv": [0, 0, 0, 1.625], "texture": "#4"}
			}
		},
		{
			"name": "ВерхнийПлавникНачалоПраво",
			"from": [9.575, 7.15971, 1.08649],
			"to": [10.525, 9.05971, 2.76149],
			"rotation": {"angle": 45, "axis": "x", "origin": [8.125, 8.5, 1.85]},
			"faces": {
				"north": {"uv": [11.25, 2, 11.5, 2.5], "texture": "#4"},
				"east": {"uv": [12, 14.25, 12.375, 14.75], "texture": "#4"},
				"south": {"uv": [3.25, 11.5, 3.5, 12], "texture": "#4"},
				"west": {"uv": [3.75, 14.5, 4.125, 15], "texture": "#4"},
				"up": {"uv": [11, 12.875, 10.75, 12.5], "texture": "#4"},
				"down": {"uv": [2.75, 13, 2.5, 13.375], "texture": "#4"}
			}
		},
		{
			"name": "ВерхнийПлавникСередПраво",
			"from": [9.725, 8.5256, 1.77135],
			"to": [10.375, 9.7756, 4.29635],
			"rotation": {"angle": -22.5, "axis": "x", "origin": [7.925, 9.625, 2.8]},
			"faces": {
				"north": {"uv": [10.5, 14.75, 10.625, 15.125], "texture": "#4"},
				"east": {"uv": [11.25, 14.25, 11.875, 14.625], "texture": "#4"},
				"south": {"uv": [11.25, 14.75, 11.375, 15.125], "texture": "#4"},
				"west": {"uv": [3, 14.5, 3.625, 14.875], "texture": "#4"},
				"up": {"uv": [6.375, 15.375, 6.25, 14.75], "texture": "#4"},
				"down": {"uv": [9.375, 14.75, 9.25, 15.375], "texture": "#4"}
			}
		},
		{
			"name": "ВерхнийПлавникКонецПраво",
			"from": [9.825, 9.7256, 4.04635],
			"to": [10.275, 10.7256, 5.72135],
			"rotation": {"angle": -22.5, "axis": "x", "origin": [7.925, 10.725, 5.075]},
			"faces": {
				"north": {"uv": [12, 7.5, 12.125, 7.75], "texture": "#4"},
				"east": {"uv": [14.75, 5, 15.125, 5.25], "texture": "#4"},
				"south": {"uv": [3.25, 12.5, 3.375, 12.75], "texture": "#4"},
				"west": {"uv": [5.25, 14.75, 5.625, 15], "texture": "#4"},
				"up": {"uv": [11.625, 15.125, 11.5, 14.75], "texture": "#4"},
				"down": {"uv": [11.875, 14.75, 11.75, 15.125], "texture": "#4"}
			}
		},
		{
			"from": [5.9, 7.6, 2.075],
			"to": [5.9, 10.925, 8.575],
			"rotation": {"angle": 0, "axis": "y", "origin": [3.9, 7.8, 3.525]},
			"faces": {
				"north": {"uv": [0, 0, 0, 0.875], "texture": "#4"},
				"east": {"uv": [11.5, 11, 13.125, 11.875], "texture": "#4"},
				"south": {"uv": [0, 0, 0, 0.875], "texture": "#4"},
				"west": {"uv": [12, 0, 13.625, 0.875], "texture": "#4"},
				"up": {"uv": [0, 1.625, 0, 0], "texture": "#4"},
				"down": {"uv": [0, 0, 0, 1.625], "texture": "#4"}
			}
		},
		{
			"name": "ВерхнийПлавникНачалоЛево",
			"from": [5.425, 7.15971, 1.08649],
			"to": [6.375, 9.05971, 2.76149],
			"rotation": {"angle": 45, "axis": "x", "origin": [8.125, 8.5, 1.85]},
			"faces": {
				"north": {"uv": [3.25, 12, 3.5, 12.5], "texture": "#4"},
				"east": {"uv": [7.25, 14.5, 7.625, 15], "texture": "#4"},
				"south": {"uv": [12.5, 2.75, 12.75, 3.25], "texture": "#4"},
				"west": {"uv": [7.75, 14.5, 8.125, 15], "texture": "#4"},
				"up": {"uv": [11, 13.375, 10.75, 13], "texture": "#4"},
				"down": {"uv": [4.5, 13.25, 4.25, 13.625], "texture": "#4"}
			}
		},
		{
			"name": "ВерхнийПлавникСередЛево",
			"from": [5.575, 8.5256, 1.77135],
			"to": [6.225, 9.7756, 4.29635],
			"rotation": {"angle": -22.5, "axis": "x", "origin": [7.925, 9.625, 2.8]},
			"faces": {
				"north": {"uv": [12, 14.75, 12.125, 15.125], "texture": "#4"},
				"east": {"uv": [14.5, 5.75, 15.125, 6.125], "texture": "#4"},
				"south": {"uv": [12.25, 14.75, 12.375, 15.125], "texture": "#4"},
				"west": {"uv": [6.5, 14.5, 7.125, 14.875], "texture": "#4"},
				"up": {"uv": [14.875, 9.875, 14.75, 9.25], "texture": "#4"},
				"down": {"uv": [9.625, 14.75, 9.5, 15.375], "texture": "#4"}
			}
		},
		{
			"name": "ВерхнийПлавникКонецЛево",
			"from": [5.675, 9.7256, 4.04635],
			"to": [6.125, 10.7256, 5.72135],
			"rotation": {"angle": -22.5, "axis": "x", "origin": [7.925, 10.725, 5.075]},
			"faces": {
				"north": {"uv": [13.25, 8.25, 13.375, 8.5], "texture": "#4"},
				"east": {"uv": [14.75, 5.25, 15.125, 5.5], "texture": "#4"},
				"south": {"uv": [13.75, 3.25, 13.875, 3.5], "texture": "#4"},
				"west": {"uv": [14.75, 5.5, 15.125, 5.75], "texture": "#4"},
				"up": {"uv": [12.625, 15.125, 12.5, 14.75], "texture": "#4"},
				"down": {"uv": [12.875, 14.75, 12.75, 15.125], "texture": "#4"}
			}
		},
		{
			"name": "антенна-Лево",
			"from": [5.475, 10.82373, -12.74439],
			"to": [5.475, 17.82373, -9.74439],
			"rotation": {"angle": -22.5, "axis": "y", "origin": [5.475, 14.3, -11.6]},
			"faces": {
				"north": {"uv": [0, 0, 0, 1.75], "texture": "#4"},
				"east": {"uv": [12, 1, 12.75, 2.75], "texture": "#4"},
				"south": {"uv": [0, 0, 0, 1.75], "texture": "#4"},
				"west": {"uv": [5.5, 12, 6.25, 13.75], "texture": "#4"},
				"up": {"uv": [0, 0.75, 0, 0], "texture": "#4"},
				"down": {"uv": [0, 0, 0, 0.75], "texture": "#4"}
			}
		},
		{
			"name": "антенна-Право",
			"from": [10.525, 10.82373, -12.74439],
			"to": [10.525, 17.82373, -9.74439],
			"rotation": {"angle": 22.5, "axis": "y", "origin": [10.525, 14.3, -11.6]},
			"faces": {
				"north": {"uv": [0, 0, 0, 1.75], "texture": "#4"},
				"east": {"uv": [6.25, 12, 5.5, 13.75], "texture": "#4"},
				"south": {"uv": [0, 0, 0, 1.75], "texture": "#4"},
				"west": {"uv": [12.75, 1, 12, 2.75], "texture": "#4"},
				"up": {"uv": [0, 0.75, 0, 0], "texture": "#4"},
				"down": {"uv": [0, 0, 0, 0.75], "texture": "#4"}
			}
		},
		{
			"name": "АнтенаШарикЛево",
			"from": [4.925, 15.2, -12.925],
			"to": [6.5, 16.8, -11.25],
			"rotation": {"angle": 0, "axis": "y", "origin": [5.425, 15.625, -12]},
			"faces": {
				"north": {"uv": [14, 14.5, 14.375, 14.875], "texture": "#4"},
				"east": {"uv": [14.5, 14, 14.875, 14.375], "texture": "#4"},
				"south": {"uv": [14.5, 14.5, 14.875, 14.875], "texture": "#4"},
				"west": {"uv": [0, 14.75, 0.375, 15.125], "texture": "#4"},
				"up": {"uv": [15.125, 0.375, 14.75, 0], "texture": "#4"},
				"down": {"uv": [1.375, 14.75, 1, 15.125], "texture": "#4"}
			}
		},
		{
			"name": "АнтенаШарикПраво",
			"from": [9.5, 15.2, -12.925],
			"to": [11.075, 16.8, -11.25],
			"rotation": {"angle": 0, "axis": "y", "origin": [10.3, 15.8, -12.125]},
			"faces": {
				"north": {"uv": [1.5, 14.75, 1.875, 15.125], "texture": "#4"},
				"east": {"uv": [14.75, 1.5, 15.125, 1.875], "texture": "#4"},
				"south": {"uv": [2, 14.75, 2.375, 15.125], "texture": "#4"},
				"west": {"uv": [14.75, 2, 15.125, 2.375], "texture": "#4"},
				"up": {"uv": [15.125, 2.875, 14.75, 2.5], "texture": "#4"},
				"down": {"uv": [4.625, 14.75, 4.25, 15.125], "texture": "#4"}
			}
		},
		{
			"name": "Хвост",
			"from": [5.3, 0.625, 8.4],
			"to": [9.8, 7.625, 19.4],
			"rotation": {"angle": -22.5, "axis": "y", "origin": [7.3, 3, 12.65]},
			"faces": {
				"north": {"uv": [11, 4.75, 12.125, 6.5], "texture": "#4"},
				"east": {"uv": [6.5, 1.5, 9.25, 3.25], "texture": "#4"},
				"south": {"uv": [11, 9.25, 12.125, 11], "texture": "#4"},
				"west": {"uv": [7, 3.25, 9.75, 5], "texture": "#4"},
				"up": {"uv": [7.875, 12.75, 6.75, 10], "texture": "#4"},
				"down": {"uv": [9.125, 10, 8, 12.75], "texture": "#4"}
			}
		},
		{
			"name": "ХвостВерхн-конец",
			"from": [4.575, -0.55503, 18.98218],
			"to": [6.725, 4.44497, 31.98218],
			"rotation": {"angle": -22.5, "axis": "x", "origin": [5.4, 4.025, 6.675]},
			"faces": {
				"north": {"uv": [0.5, 12.75, 1, 14], "texture": "#4"},
				"east": {"uv": [4, 8.75, 7.25, 10], "texture": "#4"},
				"south": {"uv": [1, 12.75, 1.5, 14], "texture": "#4"},
				"west": {"uv": [7.25, 8.75, 10.5, 10], "texture": "#4"},
				"up": {"uv": [11.5, 14.25, 11, 11], "texture": "#4"},
				"down": {"uv": [12, 0, 11.5, 3.25], "texture": "#4"}
			}
		},
		{
			"name": "Хвост-конец",
			"from": [4.55, 0.25, 18.9],
			"to": [6.75, 7.25, 29.9],
			"rotation": {"angle": 0, "axis": "y", "origin": [5.4, 4, 6.725]},
			"faces": {
				"north": {"uv": [9.25, 1.5, 9.75, 3.25], "texture": "#4"},
				"east": {"uv": [4, 7, 6.75, 8.75], "texture": "#4"},
				"south": {"uv": [6.25, 12, 6.75, 13.75], "texture": "#4"},
				"west": {"uv": [6.75, 7, 9.5, 8.75], "texture": "#4"},
				"up": {"uv": [3.25, 14.25, 2.75, 11.5], "texture": "#4"},
				"down": {"uv": [5.5, 12, 5, 14.75], "texture": "#4"}
			}
		},
		{
			"name": "ХвостНижнийПереход",
			"from": [4.675, 0.225, 29.65],
			"to": [6.625, 1.025, 31.2],
			"rotation": {"angle": 0, "axis": "y", "origin": [5.4, 4, 6.725]},
			"faces": {
				"north": {"uv": [12.75, 4.5, 13.25, 4.75], "texture": "#4"},
				"east": {"uv": [5.75, 14.75, 6.125, 15], "texture": "#4"},
				"south": {"uv": [13.5, 6.25, 14, 6.5], "texture": "#4"},
				"west": {"uv": [14.75, 7, 15.125, 7.25], "texture": "#4"},
				"up": {"uv": [8.75, 14.875, 8.25, 14.5], "texture": "#4"},
				"down": {"uv": [15, 8.25, 14.5, 8.625], "texture": "#4"}
			}
		},
		{
			"name": "ХвостНижнийУгол",
			"from": [4.7, -8.12276, 26.19271],
			"to": [6.6, -3.87276, 28.19271],
			"rotation": {"angle": -22.5, "axis": "x", "origin": [5.4, 4, 6.725]},
			"faces": {
				"north": {"uv": [13.25, 4.5, 13.75, 5.625], "texture": "#4"},
				"east": {"uv": [13.25, 7, 13.75, 8.125], "texture": "#4"},
				"south": {"uv": [9.25, 13.25, 9.75, 14.375], "texture": "#4"},
				"west": {"uv": [13.25, 9.25, 13.75, 10.375], "texture": "#4"},
				"up": {"uv": [2.25, 5, 1.75, 4.5], "texture": "#4"},
				"down": {"uv": [4.5, 5, 4, 5.5], "texture": "#4"}
			}
		},
		{
			"name": "ХвостПереходВерхний",
			"from": [4.65, 2.30205, 14.62473],
			"to": [6.65, 4.37705, 19.04973],
			"rotation": {"angle": -22.5, "axis": "x", "origin": [5.4, 4, 6.725]},
			"faces": {
				"north": {"uv": [12, 2.75, 12.5, 3.25], "texture": "#4"},
				"east": {"uv": [13.25, 10.5, 14.375, 11], "texture": "#4"},
				"south": {"uv": [12.75, 7, 13.25, 7.5], "texture": "#4"},
				"west": {"uv": [13.25, 11, 14.375, 11.5], "texture": "#4"},
				"up": {"uv": [10.25, 14.375, 9.75, 13.25], "texture": "#4"},
				"down": {"uv": [14, 11.5, 13.5, 12.625], "texture": "#4"}
			}
		},
		{
			"name": "ХвостВерхнийУгол",
			"from": [4.675, 13.32, 23.17133],
			"to": [6.625, 18.645, 27.84633],
			"rotation": {"angle": 22.5, "axis": "x", "origin": [5.4, 4, 6.725]},
			"faces": {
				"north": {"uv": [10.25, 12.5, 10.75, 13.875], "texture": "#4"},
				"east": {"uv": [1.5, 11.5, 2.625, 12.875], "texture": "#4"},
				"south": {"uv": [0, 12.75, 0.5, 14.125], "texture": "#4"},
				"west": {"uv": [11.5, 3.25, 12.625, 4.625], "texture": "#4"},
				"up": {"uv": [14, 13.875, 13.5, 12.75], "texture": "#4"},
				"down": {"uv": [14.25, 0, 13.75, 1.125], "texture": "#4"}
			}
		},
		{
			"name": "ПереднЛапа-Право",
			"from": [11.7, 1.342, -12.53306],
			"to": [13.7, 2.817, -7.53306],
			"rotation": {"angle": -22.5, "axis": "x", "origin": [12.7, 2, -8.55]},
			"faces": {
				"north": {"uv": [8.75, 14.5, 9.25, 14.875], "texture": "#4"},
				"east": {"uv": [13.75, 7.5, 15, 7.875], "texture": "#4"},
				"south": {"uv": [14.5, 8.75, 15, 9.125], "texture": "#4"},
				"west": {"uv": [14, 3.25, 15.25, 3.625], "texture": "#4"},
				"up": {"uv": [13.25, 2.25, 12.75, 1], "texture": "#4"},
				"down": {"uv": [13.25, 2.25, 12.75, 3.5], "texture": "#4"}
			}
		},
		{
			"name": "ПереднЛапа-Плечо-Право",
			"from": [11.475, 0.6429, -6.91422],
			"to": [13.475, 5.6429, -5.13922],
			"rotation": {"angle": 45, "axis": "x", "origin": [12.725, 4.35, -5.725]},
			"faces": {
				"north": {"uv": [5, 14, 4.5, 12.75], "rotation": 180, "texture": "#4"},
				"east": {"uv": [3.25, 12.75, 4.5, 13.25], "rotation": 90, "texture": "#4"},
				"south": {"uv": [7.25, 12.75, 6.75, 14], "texture": "#4"},
				"west": {"uv": [12.75, 3.5, 14, 4], "rotation": 270, "texture": "#4"},
				"up": {"uv": [13, 14, 13.5, 14.5], "texture": "#4"},
				"down": {"uv": [14, 12.5, 14.5, 13], "rotation": 180, "texture": "#4"}
			}
		},
		{
			"name": "ПереднЛапа-Когти-Право",
			"from": [10.775, 0, -14.05],
			"to": [14.775, 1, -11.05],
			"rotation": {"angle": 0, "axis": "y", "origin": [13.025, 0.5, -11.55]},
			"faces": {
				"north": {"uv": [9.75, 4.75, 10.75, 5], "texture": "#4"},
				"east": {"uv": [14.25, 10, 15, 10.25], "texture": "#4"},
				"south": {"uv": [11, 7.5, 12, 7.75], "texture": "#4"},
				"west": {"uv": [9.25, 14.5, 10, 14.75], "texture": "#4"},
				"up": {"uv": [13.25, 10, 12.25, 9.25], "texture": "#4"},
				"down": {"uv": [13.25, 10, 12.25, 10.75], "texture": "#4"}
			}
		},
		{
			"name": "ПереднЛапа-Лево",
			"from": [2.15, 0.93163, -12.97545],
			"to": [4.15, 2.40663, -7.97545],
			"rotation": {"angle": -22.5, "axis": "x", "origin": [3.15, 1.55, -9.55]},
			"faces": {
				"north": {"uv": [14.5, 10.5, 15, 10.875], "texture": "#4"},
				"east": {"uv": [14, 3.75, 15.25, 4.125], "texture": "#4"},
				"south": {"uv": [14.5, 11, 15, 11.375], "texture": "#4"},
				"west": {"uv": [14, 6.25, 15.25, 6.625], "texture": "#4"},
				"up": {"uv": [7.75, 14, 7.25, 12.75], "texture": "#4"},
				"down": {"uv": [8.25, 12.75, 7.75, 14], "texture": "#4"}
			}
		},
		{
			"name": "ПереднЛапа-Плечо-Лево",
			"from": [2.475, 0.9929, -6.83566],
			"to": [4.475, 5.9929, -5.06066],
			"rotation": {"angle": 45, "axis": "x", "origin": [3.475, 4.7, -6]},
			"faces": {
				"north": {"uv": [8.75, 14, 8.25, 12.75], "rotation": 180, "texture": "#4"},
				"east": {"uv": [12.75, 4, 14, 4.5], "rotation": 90, "texture": "#4"},
				"south": {"uv": [9.25, 12.75, 8.75, 14], "texture": "#4"},
				"west": {"uv": [12.75, 6.5, 14, 7], "rotation": 270, "texture": "#4"},
				"up": {"uv": [13.5, 14, 14, 14.5], "texture": "#4"},
				"down": {"uv": [14, 13, 14.5, 13.5], "rotation": 180, "texture": "#4"}
			}
		},
		{
			"name": "ПереднЛапа-Когти-Лево",
			"from": [1.025, -0.35, -14.775],
			"to": [5.025, 0.65, -11.775],
			"rotation": {"angle": 0, "axis": "y", "origin": [3.275, 0.15, -12.025]},
			"faces": {
				"north": {"uv": [12.25, 10.75, 13.25, 11], "texture": "#4"},
				"east": {"uv": [14.5, 12.5, 15.25, 12.75], "texture": "#4"},
				"south": {"uv": [13.75, 5.5, 14.75, 5.75], "texture": "#4"},
				"west": {"uv": [14.5, 12.75, 15.25, 13], "texture": "#4"},
				"up": {"uv": [10.25, 13.25, 9.25, 12.5], "texture": "#4"},
				"down": {"uv": [13.5, 12, 12.5, 12.75], "texture": "#4"}
			}
		},
		{
			"name": "ЗаднЛапа-Право",
			"from": [11.4, 1.32305, 8.44663],
			"to": [13.4, 3.02305, 13.44663],
			"rotation": {"angle": 22.5, "axis": "x", "origin": [12.65, 2.175, 9.675]},
			"faces": {
				"north": {"uv": [13, 14.5, 13.5, 14.875], "texture": "#4"},
				"east": {"uv": [6.5, 14, 7.75, 14.375], "texture": "#4"},
				"south": {"uv": [14.5, 13, 15, 13.375], "texture": "#4"},
				"west": {"uv": [7.75, 14, 9, 14.375], "texture": "#4"},
				"up": {"uv": [13, 14, 12.5, 12.75], "texture": "#4"},
				"down": {"uv": [2, 13, 1.5, 14.25], "texture": "#4"}
			}
		},
		{
			"name": "ЗаднЛапа-Бедр-Право",
			"from": [11.3, 1.50178, 6.23744],
			"to": [13.3, 5.50178, 8.23744],
			"rotation": {"angle": -45, "axis": "x", "origin": [12.3, 4.325, 7]},
			"faces": {
				"north": {"uv": [14.25, 2.25, 13.75, 3.25], "rotation": 180, "texture": "#4"},
				"east": {"uv": [13.5, 5.75, 14.5, 6.25], "rotation": 270, "texture": "#4"},
				"south": {"uv": [14.25, 2.25, 13.75, 1.25], "texture": "#4"},
				"west": {"uv": [13.5, 8.25, 14.5, 8.75], "rotation": 90, "texture": "#4"},
				"up": {"uv": [14, 13.5, 14.5, 14], "rotation": 180, "texture": "#4"},
				"down": {"uv": [14, 14, 14.5, 14.5], "texture": "#4"}
			}
		},
		{
			"name": "ЗаднЛапа-Когти-Право",
			"from": [10.125, 0, 11.75],
			"to": [14.125, 1, 15.75],
			"rotation": {"angle": 22.5, "axis": "y", "origin": [12.125, 0.75, 13.25]},
			"faces": {
				"north": {"uv": [13.75, 8, 14.75, 8.25], "texture": "#4"},
				"east": {"uv": [13.75, 10.25, 14.75, 10.5], "texture": "#4"},
				"south": {"uv": [14, 4.25, 15, 4.5], "texture": "#4"},
				"west": {"uv": [14, 6.75, 15, 7], "texture": "#4"},
				"up": {"uv": [10.5, 8.75, 9.5, 7.75], "texture": "#4"},
				"down": {"uv": [12.5, 12, 11.5, 13], "texture": "#4"}
			}
		},
		{
			"name": "ЗаднЛапа-Лево",
			"from": [2.375, 1.29372, 8.7026],
			"to": [4.375, 2.99372, 13.7026],
			"rotation": {"angle": 22.5, "axis": "x", "origin": [3.125, 2.05, 9.7]},
			"faces": {
				"north": {"uv": [13.5, 14.5, 14, 14.875], "texture": "#4"},
				"east": {"uv": [14, 11.5, 15.25, 11.875], "texture": "#4"},
				"south": {"uv": [14.5, 13.5, 15, 13.875], "texture": "#4"},
				"west": {"uv": [14, 12, 15.25, 12.375], "texture": "#4"},
				"up": {"uv": [2.5, 14.25, 2, 13], "texture": "#4"},
				"down": {"uv": [12, 13, 11.5, 14.25], "texture": "#4"}
			}
		},
		{
			"name": "ЗаднЛапа-Бедр-Лево",
			"from": [2.7, 1.45178, 6.23744],
			"to": [4.7, 5.45178, 8.23744],
			"rotation": {"angle": -45, "axis": "x", "origin": [3.95, 4.275, 7]},
			"faces": {
				"north": {"uv": [6.5, 13.75, 6, 14.75], "rotation": 180, "texture": "#4"},
				"east": {"uv": [13.5, 8.75, 14.5, 9.25], "rotation": 270, "texture": "#4"},
				"south": {"uv": [6, 14.75, 5.5, 13.75], "texture": "#4"},
				"west": {"uv": [13.75, 4.5, 14.75, 5], "rotation": 90, "texture": "#4"},
				"up": {"uv": [0, 14.25, 0.5, 14.75], "rotation": 180, "texture": "#4"},
				"down": {"uv": [14.25, 0, 14.75, 0.5], "texture": "#4"}
			}
		},
		{
			"name": "ЗаднЛапа-Когти-Лево",
			"from": [1.175, 0, 11.75],
			"to": [5.175, 1, 15.75],
			"rotation": {"angle": 0, "axis": "y", "origin": [3.425, 0.5, 13]},
			"faces": {
				"north": {"uv": [14.25, 0.5, 15.25, 0.75], "texture": "#4"},
				"east": {"uv": [14.25, 0.75, 15.25, 1], "texture": "#4"},
				"south": {"uv": [14.25, 1, 15.25, 1.25], "texture": "#4"},
				"west": {"uv": [14.25, 1.25, 15.25, 1.5], "texture": "#4"},
				"up": {"uv": [13.25, 5.75, 12.25, 4.75], "texture": "#4"},
				"down": {"uv": [13.25, 7.5, 12.25, 8.5], "texture": "#4"}
			}
		},
		{
			"name": "СреднПлавн-Плечо-Право",
			"from": [11.275, 1.31187, -3.3744],
			"to": [13.275, 6.31187, -1.3744],
			"rotation": {"angle": -22.5, "axis": "x", "origin": [12.025, 4.675, -2.45]},
			"faces": {
				"north": {"uv": [12, 13, 12.5, 14.25], "texture": "#4"},
				"east": {"uv": [13, 12.75, 13.5, 14], "texture": "#4"},
				"south": {"uv": [13.25, 1, 13.75, 2.25], "texture": "#4"},
				"west": {"uv": [13.25, 2.25, 13.75, 3.5], "texture": "#4"},
				"up": {"uv": [2, 14.75, 1.5, 14.25], "texture": "#4"},
				"down": {"uv": [14.75, 1.5, 14.25, 2], "texture": "#4"}
			}
		},
		{
			"name": "СреднПлавник-Право",
			"from": [13.45, 0, -2.375],
			"to": [15.225, 3, 2.625],
			"rotation": {"angle": 22.5, "axis": "y", "origin": [14.475, 1.25, 2.625]},
			"faces": {
				"north": {"uv": [10.25, 14, 10.75, 14.75], "texture": "#4"},
				"east": {"uv": [12.25, 5.75, 13.5, 6.5], "texture": "#4"},
				"south": {"uv": [12.5, 14, 13, 14.75], "texture": "#4"},
				"west": {"uv": [12.25, 8.5, 13.5, 9.25], "texture": "#4"},
				"up": {"uv": [3.75, 14.5, 3.25, 13.25], "texture": "#4"},
				"down": {"uv": [4.25, 13.25, 3.75, 14.5], "texture": "#4"}
			}
		},
		{
			"name": "СреднПлавн-Серед-Право",
			"from": [13.45, 0, 2.625],
			"to": [15.225, 2, 6.625],
			"rotation": {"angle": 22.5, "axis": "y", "origin": [14.475, 1.25, 2.625]},
			"faces": {
				"north": {"uv": [2, 14.25, 2.5, 14.75], "texture": "#4"},
				"east": {"uv": [13.75, 5, 14.75, 5.5], "texture": "#4"},
				"south": {"uv": [14.25, 2, 14.75, 2.5], "texture": "#4"},
				"west": {"uv": [13.75, 7, 14.75, 7.5], "texture": "#4"},
				"up": {"uv": [14.25, 10.25, 13.75, 9.25], "texture": "#4"},
				"down": {"uv": [1, 14, 0.5, 15], "texture": "#4"}
			}
		},
		{
			"name": "СреднПлавн-Кончик-Право",
			"from": [13.45, 0, 6.625],
			"to": [15.225, 1, 7.625],
			"rotation": {"angle": 22.5, "axis": "y", "origin": [14.475, 1.25, 2.625]},
			"faces": {
				"north": {"uv": [14.75, 3, 15.25, 3.25], "texture": "#4"},
				"east": {"uv": [10.75, 4.75, 11, 5], "texture": "#4"},
				"south": {"uv": [14.75, 4.5, 15.25, 4.75], "texture": "#4"},
				"west": {"uv": [11.25, 2.5, 11.5, 2.75], "texture": "#4"},
				"up": {"uv": [5.25, 15, 4.75, 14.75], "texture": "#4"},
				"down": {"uv": [15.25, 4.75, 14.75, 5], "texture": "#4"}
			}
		},
		{
			"name": "СреднПлавник-Лево",
			"from": [0.675, 0, -0.85],
			"to": [2.45, 3, 4.15],
			"rotation": {"angle": -22.5, "axis": "y", "origin": [1.425, 1.25, 4.15]},
			"faces": {
				"north": {"uv": [10.25, 14, 10.75, 14.75], "texture": "#4"},
				"east": {"uv": [12.25, 8.5, 13.5, 9.25], "texture": "#4"},
				"south": {"uv": [12.5, 14, 13, 14.75], "texture": "#4"},
				"west": {"uv": [12.25, 5.75, 13.5, 6.5], "texture": "#4"},
				"up": {"uv": [3.25, 13.25, 3.75, 14.5], "texture": "#4"},
				"down": {"uv": [3.75, 13.25, 4.25, 14.5], "texture": "#4"}
			}
		},
		{
			"name": "СреднПлавн-Серед-Лево",
			"from": [0.675, 0, 4.15],
			"to": [2.45, 2, 8.15],
			"rotation": {"angle": -22.5, "axis": "y", "origin": [1.425, 1.25, 4.15]},
			"faces": {
				"north": {"uv": [2, 14.25, 2.5, 14.75], "texture": "#4"},
				"east": {"uv": [13.75, 7, 14.75, 7.5], "texture": "#4"},
				"south": {"uv": [14.25, 2, 14.75, 2.5], "texture": "#4"},
				"west": {"uv": [13.75, 5, 14.75, 5.5], "texture": "#4"},
				"up": {"uv": [13.75, 9.25, 14.25, 10.25], "texture": "#4"},
				"down": {"uv": [0.5, 14, 1, 15], "texture": "#4"}
			}
		},
		{
			"name": "СреднПлавн-Кончик-Лево",
			"from": [0.675, 0, 8.15],
			"to": [2.45, 1, 9.15],
			"rotation": {"angle": -22.5, "axis": "y", "origin": [1.425, 1.25, 4.15]},
			"faces": {
				"north": {"uv": [14.75, 3, 15.25, 3.25], "texture": "#4"},
				"east": {"uv": [11.25, 2.5, 11.5, 2.75], "texture": "#4"},
				"south": {"uv": [14.75, 4.5, 15.25, 4.75], "texture": "#4"},
				"west": {"uv": [10.75, 4.75, 11, 5], "texture": "#4"},
				"up": {"uv": [4.75, 14.75, 5.25, 15], "texture": "#4"},
				"down": {"uv": [14.75, 4.75, 15.25, 5], "texture": "#4"}
			}
		},
		{
			"name": "СреднПлавн-Плечо-Лево",
			"from": [2.725, 0.55754, -3.33037],
			"to": [4.725, 5.55754, -1.33037],
			"rotation": {"angle": -45, "axis": "x", "origin": [3.975, 3.825, -2.175]},
			"faces": {
				"north": {"uv": [12, 13, 12.5, 14.25], "texture": "#4"},
				"east": {"uv": [13.25, 2.25, 13.75, 3.5], "texture": "#4"},
				"south": {"uv": [13.25, 1, 13.75, 2.25], "texture": "#4"},
				"west": {"uv": [13, 12.75, 13.5, 14], "texture": "#4"},
				"up": {"uv": [1.5, 14.25, 2, 14.75], "texture": "#4"},
				"down": {"uv": [14.25, 1.5, 14.75, 2], "texture": "#4"}
			}
		}
	],
	"display": {
		"thirdperson_righthand": {
			"rotation": [-168.81, 74.51, 171.25],
			"translation": [0, 5.5, 3.5],
			"scale": [0.81641, 0.81641, 0.81641]
		},
		"thirdperson_lefthand": {
			"translation": [0, 2, 2.75],
			"scale": [0.28711, 0.28711, 0.28711]
		},
		"ground": {
			"scale": [0.5, 0.5, 0.5]
		},
		"gui": {
			"rotation": [-180, 1.5, -180]
		},
		"head": {
			"translation": [0, -34.5, -33],
			"scale": [1.27539, 1.27539, 1.27539]
		},
		"fixed": {
			"rotation": [0, 90, 0],
			"scale": [0.41211, 0.41211, 0.41211]
		}
	},
	"groups": [
		{
			"name": "nairana",
			"origin": [8, 8, 8],
			"color": 0,
			"children": [
				{
					"name": "ОсновноеТело",
					"origin": [8, 8, 8],
					"color": 0,
					"children": [
						0,
						1,
						2,
						{
							"name": "ПлавникиАнтены",
							"origin": [8, 8, 8],
							"color": 0,
							"children": [
								{
									"name": "Лево",
									"origin": [8, 8, 8],
									"color": 0,
									"children": [3, 4, 5, 6]
								},
								{
									"name": "Право",
									"origin": [8, 8, 8],
									"color": 0,
									"children": [7, 8]
								}
							]
						},
						{
							"name": "ПлавникиСредние",
							"origin": [8, 8, 8],
							"color": 0,
							"children": [
								{
									"name": "Право",
									"origin": [8, 8, 8],
									"color": 0,
									"children": [9, 10, 11, 12]
								},
								{
									"name": "Лево",
									"origin": [8, 8, 8],
									"color": 0,
									"children": [13, 14, 15, 16]
								}
							]
						},
						{
							"name": "Антены",
							"origin": [8, 8, 8],
							"color": 0,
							"children": [17, 18, 19, 20]
						},
						{
							"name": "Хвост",
							"origin": [8, 8, 8],
							"color": 0,
							"children": [21, 22, 23, 24, 25, 26, 27]
						}
					]
				},
				{
					"name": "ПередниеЛапы",
					"origin": [8, 8, 8],
					"color": 0,
					"children": [
						{
							"name": "ПереднПраваяЛапа",
							"origin": [8, 8, 8],
							"color": 0,
							"children": [28, 29, 30]
						},
						{
							"name": "ПереднЛеваяЛапа",
							"origin": [8, 8, 8],
							"color": 0,
							"children": [31, 32, 33]
						}
					]
				},
				{
					"name": "ЗадниеЛапы",
					"origin": [8, 8, 8],
					"color": 0,
					"children": [
						{
							"name": "ЗадняяПраваяЛапа",
							"origin": [8, 8, 8],
							"color": 0,
							"children": [34, 35, 36]
						},
						{
							"name": "ЗадняяЛеваяЛапа",
							"origin": [8, 8, 8],
							"color": 0,
							"children": [37, 38, 39]
						}
					]
				},
				{
					"name": "СредниеПлавники",
					"origin": [8, 8, 8],
					"color": 0,
					"children": [
						{
							"name": "СреднийПлавникПраво",
							"origin": [8, 8, 8],
							"color": 0,
							"children": [40, 41, 42, 43]
						},
						{
							"name": "СреднийПлавникЛево",
							"origin": [8, 8, 8],
							"color": 0,
							"children": [44, 45, 46, 47]
						}
					]
				}
			]
		}
	]
}